Ticker,Date,Name,Sector,Industry,Country,Website,Market Cap,Enterprise Value,Float Shares,Shares Outstanding,P/E (trailing),P/E (forward),P/S,P/B,EV/EBITDA,EV/Revenue,Gross Margin (%),EBITDA Margin (%),Operating Margin (%),Profit Margin (%),ROE,ROA,Revenue (TTM),Revenue Growth (%),EPS (trailing),EPS (forward),Earnings Growth (%),Earnings Quarterly Growth (%),Total Cash,Total Debt,Debt to Equity,Current Ratio,Quick Ratio,Book Value,Free Cash Flow,Operating Cash Flow,Dividend Yield (%),Dividend Rate (%),5Y Avg Dividend Yield (%),Payout Ratio (%),Price,Target Price,Target High,Target Low,Analyst Rating,Analyst Rating Value,Beta,52W High,52W Low,50 Day Avg,200 Day Avg,Short Ratio,Short % of Float,Sector Weightings
AADR,2025-07-14,AdvisorShares Dorsey Wright ADR ETF,Unknown,Unknown,Unknown,Unknown,0.0,,,,13.68,,,,,,,,,,,,,,,,,,,,,,,,,,0.0119,0.0,0.0,0.0,77.98,,,,Unknown,,,81.17,54.57,77.85,72.28,,,"{""realestate"": 0.0, ""consumer_cyclical"": 0.1249, ""basic_materials"": 0.0346, ""consumer_defensive"": 0.0, ""technology"": 0.1377, ""communication_services"": 0.1122, ""financial_services"": 0.3149, ""utilities"": 0.060399998, ""industrials"": 0.097399995, ""energy"": 0.0394, ""healthcare"": 0.0785}"
ABFL,2025-07-14,Abacus FCF Leaders ETF,Unknown,Unknown,Unknown,Unknown,0.0,,,,31.9,,,,,,,,,,,,,,,,,,,,,,,,,,0.0077,0.0,0.0,0.0,68.92,,,,Unknown,,,71.3,55.4,68.9,67.13,,,"{""realestate"": 0.0, ""consumer_cyclical"": 0.1171, ""basic_materials"": 0.0, ""consumer_defensive"": 0.0788, ""technology"": 0.509, ""communication_services"": 0.075500004, ""financial_services"": 0.0428, ""utilities"": 0.0, ""industrials"": 0.043899998, ""energy"": 0.0, ""healthcare"": 0.133}"
ACWI,2025-07-14,iShares MSCI ACWI ETF,Unknown,Unknown,Unknown,Unknown,0.0,,,,22.18,,,,,,,,,,,,,,,,,,,,,,,,,,0.0162,0.0,0.0,0.0,129.2,,,,Unknown,,,130.01,101.25,124.49,120.25,,,"{""realestate"": 0.020499999, ""consumer_cyclical"": 0.1067, ""basic_materials"": 0.0335, ""consumer_defensive"": 0.0617, ""technology"": 0.2583, ""communication_services"": 0.0863, ""financial_services"": 0.1748, ""utilities"": 0.026099999, ""industrials"": 0.1046, ""energy"": 0.0358, ""healthcare"": 0.0917}"
ADME,2025-05-02,Aptus Drawdown Managed Equity ETF,Unknown,Unknown,Unknown,Unknown,0.0,,,,25.43,,,,,,,,,,,,,,,,,,,,,,,,,,0.0047,0.0,0.0,0.0,44.46,,,,Unknown,,,48.56,39.85,44.34,45.9,,,"{""realestate"": 0.0222, ""consumer_cyclical"": 0.1022, ""basic_materials"": 0.0222, ""consumer_defensive"": 0.0608, ""technology"": 0.3147, ""communication_services"": 0.091800004, ""financial_services"": 0.1384, ""utilities"": 0.0254, ""industrials"": 0.0746, ""energy"": 0.0357, ""healthcare"": 0.111899994}"
AGNG,2025-07-14,Global X Aging Population ETF,Unknown,Unknown,Unknown,Unknown,0.0,,,,27.65,,,,,,,,,,,,,,,,,,,,,,,,,,0.008,0.0,0.0,0.0,32.12,,,,Unknown,,,33.64,27.43,31.51,31.45,,,"{""realestate"": 0.0771, ""consumer_cyclical"": 0.0, ""basic_materials"": 0.0, ""consumer_defensive"": 0.0, ""technology"": 0.0, ""communication_services"": 0.0, ""financial_services"": 0.0, ""utilities"": 0.0, ""industrials"": 0.0, ""energy"": 0.0, ""healthcare"": 0.9229}"
AGZ,2025-07-07,iShares Agency Bond ETF,Unknown,Unknown,Unknown,Unknown,0.0,,,,,,,,,,,,,,,,,,,,,,,,,,,,,,0.0359,0.0,0.0,0.0,109.08,,,,Unknown,,,110.89,107.3,109.06,108.9,,,{}
AIA,2025-07-14,iShares Asia 50 ETF,Unknown,Unknown,Unknown,Unknown,0.0,,,,14.05,,,,,,,,,,,,,,,,,,,,,,,,,,0.0252,0.0,0.0,0.0,81.16,,,,Unknown,,,81.91,59.33,77.64,72.88,,,"{""realestate"": 0.0050999997, ""consumer_cyclical"": 0.1685, ""basic_materials"": 0.0042, ""consumer_defensive"": 0.0, ""technology"": 0.4103, ""communication_services"": 0.1634, ""financial_services"": 0.2195, ""utilities"": 0.0, ""industrials"": 0.0093, ""energy"": 0.0097, ""healthcare"": 0.0098}"
AIQ,2025-06-02,Global X Artificial Intelligence & Technology ETF,Unknown,Unknown,Unknown,Unknown,0.0,,,,27.75,,,,,,,,,,,,,,,,,,,,,,,,,,0.0014,0.0,0.0,0.0,40.3,,,,Unknown,,,42.78,30.6,37.32,37.94,,,"{""realestate"": 0.0, ""consumer_cyclical"": 0.1025, ""basic_materials"": 0.0, ""consumer_defensive"": 0.0, ""technology"": 0.6926, ""communication_services"": 0.14109999, ""financial_services"": 0.0016, ""utilities"": 0.0, ""industrials"": 0.0556, ""energy"": 0.0, ""healthcare"": 0.0066000004}"
AIRR,2025-07-14,First Trust RBA American Industrial RenaissanceTM ETF,Unknown,Unknown,Unknown,Unknown,0.0,,,,22.23,,,,,,,,,,,,,,,,,,,,,,,,,,0.0027,0.0,0.0,0.0,84.9,,,,Unknown,,,86.95,59.22,78.05,76.54,,,"{""realestate"": 0.0, ""consumer_cyclical"": 0.0, ""basic_materials"": 0.0, ""consumer_defensive"": 0.0, ""technology"": 0.0, ""communication_services"": 0.0, ""financial_services"": 0.09810001, ""utilities"": 0.0, ""industrials"": 0.90190005, ""energy"": 0.0, ""healthcare"": 0.0}"
ANGL,2025-07-14,VanEck Fallen Angel High Yield Bond ETF,Unknown,Unknown,Unknown,Unknown,0.0,,,,60.66,,,,,,,,,,,,,,,,,,,,,,,,,,0.0634,0.0,0.0,0.0,29.0,,,,Unknown,,,29.47,26.92,28.72,28.82,,,"{""realestate"": 0.0, ""consumer_cyclical"": 0.0, ""basic_materials"": 0.0, ""consumer_defensive"": 0.0, ""technology"": 0.0, ""communication_services"": 0.0, ""financial_services"": 1.0, ""utilities"": 0.0, ""industrials"": 0.0, ""energy"": 0.0, ""healthcare"": 0.0}"
AOA,2025-05-02,iShares Core 80/20 Aggressive Allocation ETF,Unknown,Unknown,Unknown,Unknown,0.0,,,,20.15,,,,,,,,,,,,,,,,,,,,,,,,,,0.023,0.0,0.0,0.0,77.74,,,,Unknown,,,80.2,68.45,76.13,77.15,,,"{""realestate"": 0.0279, ""consumer_cyclical"": 0.106000006, ""basic_materials"": 0.039300002, ""consumer_defensive"": 0.0616, ""technology"": 0.2305, ""communication_services"": 0.0776, ""financial_services"": 0.1762, ""utilities"": 0.0278, ""industrials"": 0.1101, ""energy"": 0.0417, ""healthcare"": 0.1012}"
AOK,2025-07-14,iShares Core 30/70 Conservative Allocation ETF,Unknown,Unknown,Unknown,Unknown,0.0,,,,20.91,,,,,,,,,,,,,,,,,,,,,,,,,,0.0328,0.0,0.0,0.0,38.77,,,,Unknown,,,39.11,35.79,38.29,37.91,,,"{""realestate"": 0.027, ""consumer_cyclical"": 0.108100004, ""basic_materials"": 0.0373, ""consumer_defensive"": 0.060700003, ""technology"": 0.2467, ""communication_services"": 0.0791, ""financial_services"": 0.174, ""utilities"": 0.026500002, ""industrials"": 0.113800004, ""energy"": 0.036199998, ""healthcare"": 0.09060001}"
AOM,2025-07-14,iShares Core 40/60 Moderate Allocation ETF,Unknown,Unknown,Unknown,Unknown,0.0,,,,20.96,,,,,,,,,,,,,,,,,,,,,,,,,,0.0307,0.0,0.0,0.0,45.56,,,,Unknown,,,46.04,41.2,44.92,44.27,,,"{""realestate"": 0.027, ""consumer_cyclical"": 0.108100004, ""basic_materials"": 0.0373, ""consumer_defensive"": 0.060700003, ""technology"": 0.2467, ""communication_services"": 0.0791, ""financial_services"": 0.174, ""utilities"": 0.026500002, ""industrials"": 0.113800004, ""energy"": 0.036199998, ""healthcare"": 0.09060001}"
AOR,2025-07-14,iShares Core 60/40 Balanced Allocation ETF,Unknown,Unknown,Unknown,Unknown,0.0,,,,21.14,,,,,,,,,,,,,,,,,,,,,,,,,,0.026,0.0,0.0,0.0,61.12,,,,Unknown,,,61.61,52.97,59.83,58.53,,,"{""realestate"": 0.027, ""consumer_cyclical"": 0.108100004, ""basic_materials"": 0.0373, ""consumer_defensive"": 0.060700003, ""technology"": 0.2467, ""communication_services"": 0.0791, ""financial_services"": 0.174, ""utilities"": 0.026500002, ""industrials"": 0.113800004, ""energy"": 0.036199998, ""healthcare"": 0.09060001}"
ARKK,2025-07-14,ARK Innovation ETF,Unknown,Unknown,Unknown,Unknown,0.0,,,,40.61,,,,,,,,,,,,,,,,,,,,,,,,,,0.0,0.0,0.0,0.0,72.29,,,,Unknown,,,73.61,36.85,61.16,55.69,,,"{""realestate"": 0.0, ""consumer_cyclical"": 0.176, ""basic_materials"": 0.0, ""consumer_defensive"": 0.0, ""technology"": 0.2225, ""communication_services"": 0.2009, ""financial_services"": 0.139, ""utilities"": 0.0, ""industrials"": 0.0405, ""energy"": 0.0, ""healthcare"": 0.2212}"
ARKW,2025-07-14,ARK Next Generation Internet ETF,Unknown,Unknown,Unknown,Unknown,0.0,,,,38.14,,,,,,,,,,,,,,,,,,,,,,,,,,0.0,0.0,0.0,0.0,149.33,,,,Unknown,,,151.35,64.0,127.82,109.1,,,"{""realestate"": 0.0, ""consumer_cyclical"": 0.1667, ""basic_materials"": 0.0, ""consumer_defensive"": 0.0, ""technology"": 0.42380002, ""communication_services"": 0.24610001, ""financial_services"": 0.1634, ""utilities"": 0.0, ""industrials"": 0.0, ""energy"": 0.0, ""healthcare"": 0.0}"
ASHX,2025-06-16,Xtrackers MSCI China A Inclusion Equity ETF,Unknown,Unknown,Unknown,Unknown,0.0,,,,11.65,,,,,,,,,,,,,,,,,,,,,,,,,,0.0237,0.0,0.0,0.0,18.45,,,,Unknown,,,22.08,16.42,17.95,19.11,,,"{""realestate"": 0.0143, ""consumer_cyclical"": 0.0714, ""basic_materials"": 0.0955, ""consumer_defensive"": 0.1432, ""technology"": 0.1409, ""communication_services"": 0.0153, ""financial_services"": 0.19629999, ""utilities"": 0.0428, ""industrials"": 0.1596, ""energy"": 0.0416, ""healthcare"": 0.079}"
ATMP,2025-07-14,Barclays ETN+ Select MLP ETN,Unknown,Unknown,Unknown,Unknown,0.0,,,,,,,,,,,,,,,,,,,,,,,,,,,,,,0.0485,0.0,0.0,0.0,28.87,,,,Unknown,,,32.09,24.2,28.97,28.9,,,{}
AUSF,2025-07-14,Global X Adaptive U.S. Factor ETF,Unknown,Unknown,Unknown,Unknown,0.0,,,,14.59,,,,,,,,,,,,,,,,,,,,,,,,,,0.0293,0.0,0.0,0.0,45.34,,,,Unknown,,,45.92,38.55,43.86,43.23,,,"{""realestate"": 0.025999999, ""consumer_cyclical"": 0.0574, ""basic_materials"": 0.044699997, ""consumer_defensive"": 0.1102, ""technology"": 0.1272, ""communication_services"": 0.105900005, ""financial_services"": 0.2447, ""utilities"": 0.03, ""industrials"": 0.0935, ""energy"": 0.047399998, ""healthcare"": 0.1129}"
BAB,2025-07-14,Invesco Taxable Municipal Bond ETF,Unknown,Unknown,Unknown,Unknown,936031488.0,,,35550000.0,,,,0.8,,,,,,,,,,,,,,,,,,,,32.81,,,0.04,0.0,0.0,0.0,26.33,,,,Unknown,,,28.12,25.6,26.22,26.52,,,{}
BAPR,2025-07-14,Innovator U.S. Equity Buffer ETF - April,Unknown,Unknown,Unknown,Unknown,0.0,,,,25.23,,,,,,,,,,,,,,,,,,,,,,,,,,0.0,0.0,0.0,0.0,45.38,,,,Unknown,,,46.04,38.21,44.13,43.91,,,"{""realestate"": 0.0214, ""consumer_cyclical"": 0.1069, ""basic_materials"": 0.0172, ""consumer_defensive"": 0.0589, ""technology"": 0.3291, ""communication_services"": 0.097600006, ""financial_services"": 0.1393, ""utilities"": 0.0249, ""industrials"": 0.078600004, ""energy"": 0.03, ""healthcare"": 0.0962}"
BBAX,2025-07-14,JPMorgan BetaBuilders Developed Asia Pacific ex-Japan ETF,Unknown,Unknown,Unknown,Unknown,0.0,,,,17.43,,,,,,,,,,,,,,,,,,,,,,,,,,0.039,0.0,0.0,0.0,54.77,,,,Unknown,,,55.02,42.36,53.17,51.08,,,"{""realestate"": 0.0874, ""consumer_cyclical"": 0.0594, ""basic_materials"": 0.1191, ""consumer_defensive"": 0.0342, ""technology"": 0.0064, ""communication_services"": 0.0296, ""financial_services"": 0.45509997, ""utilities"": 0.0337, ""industrials"": 0.080299996, ""energy"": 0.0233, ""healthcare"": 0.0715}"
BBP,2025-06-02,Virtus LifeSci Biotech Products ETF,Unknown,Unknown,Unknown,Unknown,0.0,,,,,,,,,,,,,,,,,,,,,,,,,,,,,,0.0,0.0,0.0,0.0,56.1,,,,Unknown,,,69.12,48.65,56.17,60.98,,,"{""realestate"": 0.0, ""consumer_cyclical"": 0.0, ""basic_materials"": 0.0, ""consumer_defensive"": 0.0, ""technology"": 0.0, ""communication_services"": 0.0, ""financial_services"": 0.0, ""utilities"": 0.0, ""industrials"": 0.0, ""energy"": 0.0, ""healthcare"": 1.0}"
BBRE,2025-07-14,JPMorgan BetaBuilders MSCI U.S. REIT ETF,Unknown,Unknown,Unknown,Unknown,0.0,,,,31.21,,,,,,,,,,,,,,,,,,,,,,,,,,0.0316,0.0,0.0,0.0,92.75,,,,Unknown,,,103.37,80.51,92.75,95.05,,,"{""realestate"": 1.0, ""consumer_cyclical"": 0.0, ""basic_materials"": 0.0, ""consumer_defensive"": 0.0, ""technology"": 0.0, ""communication_services"": 0.0, ""financial_services"": 0.0, ""utilities"": 0.0, ""industrials"": 0.0, ""energy"": 0.0, ""healthcare"": 0.0}"
BBUS,2025-07-14,JPMorgan BetaBuilders U.S. Equity ETF,Unknown,Unknown,Unknown,Unknown,0.0,,,,25.9,,,,,,,,,,,,,,,,,,,,,,,,,,0.0123,0.0,0.0,0.0,112.88,,,,Unknown,,,113.48,86.94,107.67,105.66,,,"{""realestate"": 0.0219, ""consumer_cyclical"": 0.1078, ""basic_materials"": 0.018, ""consumer_defensive"": 0.0573, ""technology"": 0.33080003, ""communication_services"": 0.098000005, ""financial_services"": 0.1377, ""utilities"": 0.0239, ""industrials"": 0.0789, ""energy"": 0.0295, ""healthcare"": 0.0962}"
BCD,2025-07-14,abrdn Bloomberg All Commodity Longer Dated Strategy K-1 Free ETF,Unknown,Unknown,Unknown,Unknown,0.0,,,,,,,,,,,,,,,,,,,,,,,,,,,,,,0.0348,0.0,0.0,0.0,33.78,,,,Unknown,,,34.67,30.32,33.21,32.8,,,{}
BFOR,2025-07-14,Barron's 400 ETF,Unknown,Unknown,Unknown,Unknown,0.0,,,,18.13,,,,,,,,,,,,,,,,,,,,,,,,,,0.0068,0.0,0.0,0.0,77.77,,,,Unknown,,,79.8,60.26,74.61,73.3,,,"{""realestate"": 0.0, ""consumer_cyclical"": 0.1106, ""basic_materials"": 0.033299997, ""consumer_defensive"": 0.0696, ""technology"": 0.1833, ""communication_services"": 0.0525, ""financial_services"": 0.2093, ""utilities"": 0.0179, ""industrials"": 0.18030001, ""energy"": 0.0448, ""healthcare"": 0.09819999}"
BIV,2025-07-14,Vanguard Intermediate-Term Bond Index Fund,Unknown,Unknown,Unknown,Unknown,0.0,,,,,,,,,,,,,,,,,,,,,,,,,,,,,,0.0384,0.0,0.0,0.0,76.41,,,,Unknown,,,78.89,73.72,76.26,75.99,,,{}
BIZD,2025-05-02,VanEck BDC Income ETF,Unknown,Unknown,Unknown,Unknown,0.0,,,,9.3,,,,,,,,,,,,,,,,,,,,,,,,,,0.1083,0.0,0.0,0.0,15.16,,,,Unknown,,,17.86,13.5,16.13,16.46,,,"{""realestate"": 0.0, ""consumer_cyclical"": 0.0, ""basic_materials"": 0.0, ""consumer_defensive"": 0.0, ""technology"": 0.0, ""communication_services"": 0.0, ""financial_services"": 1.0, ""utilities"": 0.0, ""industrials"": 0.0, ""energy"": 0.0, ""healthcare"": 0.0}"
BJAN,2025-07-14,Innovator U.S. Equity Buffer ETF - January,Unknown,Unknown,Unknown,Unknown,0.0,,,,25.44,,,,,,,,,,,,,,,,,,,,,,,,,,0.0,0.0,0.0,0.0,50.45,,,,Unknown,,,50.68,41.97,48.76,47.65,,,"{""realestate"": 0.0214, ""consumer_cyclical"": 0.1069, ""basic_materials"": 0.0172, ""consumer_defensive"": 0.0589, ""technology"": 0.3291, ""communication_services"": 0.097600006, ""financial_services"": 0.1393, ""utilities"": 0.0249, ""industrials"": 0.078600004, ""energy"": 0.03, ""healthcare"": 0.0962}"
BJUL,2025-07-14,Innovator U.S. Equity Buffer ETF - July,Unknown,Unknown,Unknown,Unknown,0.0,,,,25.83,,,,,,,,,,,,,,,,,,,,,,,,,,0.0,0.0,0.0,0.0,47.46,,,,Unknown,,,47.58,38.91,45.37,44.49,,,"{""realestate"": 0.0214, ""consumer_cyclical"": 0.1069, ""basic_materials"": 0.0172, ""consumer_defensive"": 0.0589, ""technology"": 0.3291, ""communication_services"": 0.097600006, ""financial_services"": 0.1393, ""utilities"": 0.0249, ""industrials"": 0.078600004, ""energy"": 0.03, ""healthcare"": 0.0962}"
BLCN,2025-07-14,Siren Nasdaq NexGen Economy ETF,Unknown,Unknown,Unknown,Unknown,0.0,,,,22.58,,,,,,,,,,,,,,,,,,,,,,,,,,0.0058,0.0,0.0,0.0,24.53,,,,Unknown,,,30.66,16.24,22.02,23.95,,,"{""realestate"": 0.0, ""consumer_cyclical"": 0.0369, ""basic_materials"": 0.0, ""consumer_defensive"": 0.0050999997, ""technology"": 0.4706, ""communication_services"": 0.0345, ""financial_services"": 0.42369998, ""utilities"": 0.0, ""industrials"": 0.0291, ""energy"": 0.0, ""healthcare"": 0.0}"
BLOK,2025-07-14,Amplify Transformational Data Sharing ETF,Unknown,Unknown,Unknown,Unknown,0.0,,,,22.3,,,,,,,,,,,,,,,,,,,,,,,,,,0.0536,0.0,0.0,0.0,58.48,,,,Unknown,,,59.69,28.76,50.64,45.09,,,"{""realestate"": 0.0, ""consumer_cyclical"": 0.1479, ""basic_materials"": 0.0, ""consumer_defensive"": 0.0, ""technology"": 0.2761, ""communication_services"": 0.0626, ""financial_services"": 0.4811, ""utilities"": 0.0, ""industrials"": 0.0322, ""energy"": 0.0, ""healthcare"": 0.0}"
BOCT,2025-07-14,Innovator U.S. Equity Buffer ETF October,Unknown,Unknown,Unknown,Unknown,0.0,,,,25.55,,,,,,,,,,,,,,,,,,,,,,,,,,0.0,0.0,0.0,0.0,45.72,,,,Unknown,,,47.16,38.02,44.02,43.17,,,"{""realestate"": 0.0214, ""consumer_cyclical"": 0.1069, ""basic_materials"": 0.0172, ""consumer_defensive"": 0.0589, ""technology"": 0.3291, ""communication_services"": 0.097600006, ""financial_services"": 0.1393, ""utilities"": 0.0249, ""industrials"": 0.078600004, ""energy"": 0.03, ""healthcare"": 0.0962}"
BSJP,2025-07-14,Invesco BulletShares 2025 High Yield Corporate Bond ETF,Unknown,Unknown,Unknown,Unknown,0.0,,,,,,,,,,,,,,,,,,,,,,,,,,,,,,0.0582,0.0,0.0,0.0,23.09,,,,Unknown,,,23.23,22.58,23.08,23.09,,,{}
CAPD,2025-06-16,iPath Shiller CAPE ETN,Unknown,Unknown,Unknown,Unknown,0.0,,,,,,,,,,,,,,,,,,,,,,,,,,,,,,0.0,0.0,0.0,0.0,19.37,,,,Unknown,,,22.41,19.3,22.3,22.22,,,{}
CDL,2025-05-02,VictoryShares US Large Cap High Div Volatility Wtd ETF,Unknown,Unknown,Unknown,Unknown,0.0,,,,16.69,,,,,,,,,,,,,,,,,,,,,,,,,,0.0305,0.0,0.0,0.0,64.85,,,,Unknown,,,70.76,59.65,66.13,66.54,,,"{""realestate"": 0.0, ""consumer_cyclical"": 0.0355, ""basic_materials"": 0.020399999, ""consumer_defensive"": 0.22700001, ""technology"": 0.0251, ""communication_services"": 0.0422, ""financial_services"": 0.1702, ""utilities"": 0.2517, ""industrials"": 0.024300002, ""energy"": 0.124, ""healthcare"": 0.0795}"
CEFS,2025-07-14,Saba Closed-End Funds ETF,Unknown,Unknown,Unknown,Unknown,0.0,,,,21.76,,,,,,,,,,,,,,,,,,,,,,,,,,0.0806,0.0,0.0,0.0,22.4,,,,Unknown,,,22.7,18.59,21.92,21.86,,,"{""realestate"": 0.031400003, ""consumer_cyclical"": 0.0573, ""basic_materials"": 0.1389, ""consumer_defensive"": 0.0309, ""technology"": 0.14930001, ""communication_services"": 0.0629, ""financial_services"": 0.1537, ""utilities"": 0.0804, ""industrials"": 0.089899994, ""energy"": 0.095699996, ""healthcare"": 0.1096}"
CEMB,2025-05-02,iShares J.P. Morgan EM Corporate Bond ETF,Unknown,Unknown,Unknown,Unknown,0.0,,,,,,,,,,,,,,,,,,,,,,,,,,,,,,0.0512,0.0,0.0,0.0,44.48,,,,Unknown,,,46.15,43.28,44.78,44.99,,,{}
CGW,2025-07-14,Invesco S&P Global Water Index ETF,Unknown,Unknown,Unknown,Unknown,0.0,,,,22.32,,,,,,,,,,,,,,,,,,,,,,,,,,0.0114,0.0,0.0,0.0,62.12,,,,Unknown,,,63.43,50.77,60.9,57.91,,,"{""realestate"": 0.0013, ""consumer_cyclical"": 0.0085, ""basic_materials"": 0.060700003, ""consumer_defensive"": 0.0, ""technology"": 0.028199999, ""communication_services"": 0.0, ""financial_services"": 0.0, ""utilities"": 0.3705, ""industrials"": 0.5237, ""energy"": 0.0070999996, ""healthcare"": 0.0}"
CHIE,2025-06-16,Global X MSCI China Energy ETF,Unknown,Unknown,Unknown,Unknown,0.0,,,,5.78,,,,,,,,,,,,,,,,,,,,,,,,,,0.0884,0.0,0.0,0.0,16.39,,,,Unknown,,,16.6,13.86,16.09,15.39,,,"{""realestate"": 0.0, ""consumer_cyclical"": 0.0, ""basic_materials"": 0.0, ""consumer_defensive"": 0.0, ""technology"": 0.0, ""communication_services"": 0.0, ""financial_services"": 0.0, ""utilities"": 0.0, ""industrials"": 0.0683, ""energy"": 0.9317, ""healthcare"": 0.0}"
CHIQ,2025-07-14,Global X MSCI China Consumer Discretionary ETF,Unknown,Unknown,Unknown,Unknown,0.0,,,,15.56,,,,,,,,,,,,,,,,,,,,,,,,,,0.0237,0.0,0.0,0.0,20.9,,,,Unknown,,,25.0,15.32,21.51,20.9,,,"{""realestate"": 0.0042, ""consumer_cyclical"": 0.95769995, ""basic_materials"": 0.0, ""consumer_defensive"": 0.028099999, ""technology"": 0.0069, ""communication_services"": 0.0, ""financial_services"": 0.0, ""utilities"": 0.0, ""industrials"": 0.003, ""energy"": 0.0, ""healthcare"": 0.0}"
CIBR,2025-07-14,First Trust NASDAQ Cybersecurity ETF,Unknown,Unknown,Unknown,Unknown,0.0,,,,30.12,,,,,,,,,,,,,,,,,,,,,,,,,,0.0023,0.0,0.0,0.0,72.58,,,,Unknown,,,76.36,50.52,72.1,66.03,,,"{""realestate"": 0.0, ""consumer_cyclical"": 0.0, ""basic_materials"": 0.0, ""consumer_defensive"": 0.0, ""technology"": 0.9131, ""communication_services"": 0.0, ""financial_services"": 0.0, ""utilities"": 0.0, ""industrials"": 0.086899996, ""energy"": 0.0, ""healthcare"": 0.0}"
CMBS,2025-07-14,iShares CMBS ETF,Unknown,Unknown,Unknown,Unknown,0.0,,,,,,,,,,,,,,,,,,,,,,,,,,,,,,0.0335,0.0,0.0,0.0,48.34,,,,Unknown,,,49.18,46.74,48.23,47.86,,,{}
CNYA,2025-07-07,iShares MSCI China A ETF,Unknown,Unknown,Unknown,Unknown,0.0,,,,14.94,,,,,,,,,,,,,,,,,,,,,,,,,,0.0252,0.0,0.0,0.0,28.91,,,,Unknown,,,37.95,23.82,28.05,28.31,,,"{""realestate"": 0.011, ""consumer_cyclical"": 0.078600004, ""basic_materials"": 0.086, ""consumer_defensive"": 0.1184, ""technology"": 0.15529999, ""communication_services"": 0.0114, ""financial_services"": 0.23889999, ""utilities"": 0.0467, ""industrials"": 0.1555, ""energy"": 0.0326, ""healthcare"": 0.0655}"
COPX,2025-07-14,Global X Copper Miners ETF,Unknown,Unknown,Unknown,Unknown,0.0,,,,16.62,,,,,,,,,,,,,,,,,,,,,,,,,,0.0168,0.0,0.0,0.0,45.16,,,,Unknown,,,48.96,30.77,42.14,41.44,,,"{""realestate"": 0.0, ""consumer_cyclical"": 0.0, ""basic_materials"": 0.96669996, ""consumer_defensive"": 0.0, ""technology"": 0.0, ""communication_services"": 0.0, ""financial_services"": 0.0, ""utilities"": 0.0, ""industrials"": 0.033299997, ""energy"": 0.0, ""healthcare"": 0.0}"
CORP,2025-07-14,PIMCO Investment Grade Corporate Bond Index Exchange-Traded Fund,Unknown,Unknown,Unknown,Unknown,0.0,,,,,,,,,,,,,,,,,,,,,,,,,,,,,,0.0477,0.0,0.0,0.0,96.18,,,,Unknown,,,100.09,92.45,95.9,96.28,,,{}
COWZ,2025-07-14,Pacer US Cash Cows 100 ETF,Unknown,Unknown,Unknown,Unknown,0.0,,,,15.41,,,,,,,,,,,,,,,,,,,,,,,,,,0.0189,0.0,0.0,0.0,56.56,,,,Unknown,,,61.92,46.64,54.42,56.24,,,"{""realestate"": 0.0, ""consumer_cyclical"": 0.157, ""basic_materials"": 0.031, ""consumer_defensive"": 0.0792, ""technology"": 0.2065, ""communication_services"": 0.0752, ""financial_services"": 0.0, ""utilities"": 0.0109, ""industrials"": 0.1097, ""energy"": 0.16790001, ""healthcare"": 0.1627}"
CRBN,2025-07-14,iShares MSCI ACWI Low Carbon Target ETF,Unknown,Unknown,Unknown,Unknown,0.0,,,,21.48,,,,,,,,,,,,,,,,,,,,,,,,,,0.0184,0.0,0.0,0.0,212.1,,,,Unknown,,,213.72,166.75,204.58,197.75,,,"{""realestate"": 0.0296, ""consumer_cyclical"": 0.0925, ""basic_materials"": 0.023, ""consumer_defensive"": 0.056700002, ""technology"": 0.2709, ""communication_services"": 0.0996, ""financial_services"": 0.19229999, ""utilities"": 0.0234, ""industrials"": 0.097200006, ""energy"": 0.0197, ""healthcare"": 0.095}"
CSA,2025-04-30,VictoryShares US Small Cap Volatility Wtd ETF,Unknown,Unknown,Unknown,Unknown,0.0,,,,15.78,,,,,,,,,,,,,,,,,,,,,,,,,,0.0149,0.0,0.0,0.0,66.16,,,,Unknown,,,81.49,61.19,69.72,72.87,,,"{""realestate"": 0.0086, ""consumer_cyclical"": 0.1425, ""basic_materials"": 0.0471, ""consumer_defensive"": 0.0619, ""technology"": 0.1146, ""communication_services"": 0.0255, ""financial_services"": 0.24700001, ""utilities"": 0.0685, ""industrials"": 0.17639999, ""energy"": 0.0434, ""healthcare"": 0.0646}"
CSD,2025-07-14,Invesco S&P Spin-Off ETF,Unknown,Unknown,Unknown,Unknown,0.0,,,,21.8,,,,,,,,,,,,,,,,,,,,,,,,,,0.0017,0.0,0.0,0.0,85.2,,,,Unknown,,,93.6,63.06,80.73,81.44,,,"{""realestate"": 0.0561, ""consumer_cyclical"": 0.0437, ""basic_materials"": 0.0432, ""consumer_defensive"": 0.0, ""technology"": 0.118999995, ""communication_services"": 0.027999999, ""financial_services"": 0.0, ""utilities"": 0.0802, ""industrials"": 0.3992, ""energy"": 0.0659, ""healthcare"": 0.16469999}"
CVY,2025-05-02,Invesco Zacks Multi-Asset Income ETF,Unknown,Unknown,Unknown,Unknown,0.0,,,,10.23,,,,,,,,,,,,,,,,,,,,,,,,,,0.0401,0.0,0.0,0.0,24.47,,,,Unknown,,,27.27,21.79,24.81,25.71,,,"{""realestate"": 0.118999995, ""consumer_cyclical"": 0.0557, ""basic_materials"": 0.0247, ""consumer_defensive"": 0.034, ""technology"": 0.0171, ""communication_services"": 0.0201, ""financial_services"": 0.3083, ""utilities"": 0.020599999, ""industrials"": 0.0547, ""energy"": 0.3055, ""healthcare"": 0.0401}"
CWB,2025-07-14,SPDR Bloomberg Convertible Securities ETF,Unknown,Unknown,Unknown,Unknown,0.0,,,,,44.47,,,,,,,,,,,,,,,,,,,,,,,,,0.0192,0.0,0.0,0.0,83.61,,,,Unknown,,,84.0,70.12,80.68,78.89,,,"{""realestate"": 0.0, ""consumer_cyclical"": 0.0, ""basic_materials"": 0.0, ""consumer_defensive"": 0.0, ""technology"": 0.0, ""communication_services"": 0.0026, ""financial_services"": 0.0, ""utilities"": 0.9974, ""industrials"": 0.0, ""energy"": 0.0, ""healthcare"": 0.0}"
CWS,2025-07-14,AdvisorShares Focused Equity ETF,Unknown,Unknown,Unknown,Unknown,0.0,,,,24.21,,,,,,,,,,,,,,,,,,,,,,,,,,0.0056,0.0,0.0,0.0,69.43,,,,Unknown,,,71.75,58.36,68.26,67.37,,,"{""realestate"": 0.0, ""consumer_cyclical"": 0.1499, ""basic_materials"": 0.0, ""consumer_defensive"": 0.0, ""technology"": 0.2733, ""communication_services"": 0.0, ""financial_services"": 0.12100001, ""utilities"": 0.044, ""industrials"": 0.2101, ""energy"": 0.0, ""healthcare"": 0.2016}"
CZA,2025-07-07,Invesco Zacks Mid-Cap ETF,Unknown,Unknown,Unknown,Unknown,0.0,,,,19.34,,,,,,,,,,,,,,,,,,,,,,,,,,0.0126,0.0,0.0,0.0,108.31,,,,Unknown,,,113.72,90.08,104.3,105.84,,,"{""realestate"": 0.12100001, ""consumer_cyclical"": 0.0626, ""basic_materials"": 0.09810001, ""consumer_defensive"": 0.0365, ""technology"": 0.1034, ""communication_services"": 0.0139999995, ""financial_services"": 0.2048, ""utilities"": 0.0679, ""industrials"": 0.21149999, ""energy"": 0.0, ""healthcare"": 0.080299996}"
DBAW,2025-07-14,Xtrackers MSCI All World ex US Hedged Equity ETF,Unknown,Unknown,Unknown,Unknown,0.0,,,,15.77,,,,,,,,,,,,,,,,,,,,,,,,,,0.0158,0.0,0.0,0.0,36.87,,,,Unknown,,,37.48,30.9,36.35,35.22,,,"{""realestate"": 0.0178, ""consumer_cyclical"": 0.100600004, ""basic_materials"": 0.061100002, ""consumer_defensive"": 0.0682, ""technology"": 0.1355, ""communication_services"": 0.0657, ""financial_services"": 0.2464, ""utilities"": 0.0298, ""industrials"": 0.1456, ""energy"": 0.0466, ""healthcare"": 0.08270001}"
DBC,2025-05-02,Invesco DB Commodity Index Tracking Fund,Unknown,Unknown,Unknown,Unknown,2299296000.0,,,111400000.0,4.99,,,1.25,,,,,,,,,,,,,,,,,,,,16.56,,,0.0496,0.0,0.0,0.0,20.64,,,,Unknown,,,23.95,19.84,21.66,22.07,,,{}
DBEF,2025-07-14,Xtrackers MSCI EAFE Hedged Equity ETF,Unknown,Unknown,Unknown,Unknown,0.0,,,,15.86,,,,,,,,,,,,,,,,,,,,,,,,,,0.0118,0.0,0.0,0.0,44.05,,,,Unknown,,,45.56,37.39,44.39,42.91,,,"{""realestate"": 0.020399999, ""consumer_cyclical"": 0.0919, ""basic_materials"": 0.056399997, ""consumer_defensive"": 0.0817, ""technology"": 0.0979, ""communication_services"": 0.056599997, ""financial_services"": 0.2313, ""utilities"": 0.0325, ""industrials"": 0.1848, ""energy"": 0.0319, ""healthcare"": 0.1146}"
DBEU,2025-07-07,Xtrackers MSCI Europe Hedged Equity ETF,Unknown,Unknown,Unknown,Unknown,0.0,,,,16.42,,,,,,,,,,,,,,,,,,,,,,,,,,0.0006,0.0,0.0,0.0,44.34,,,,Unknown,,,47.23,38.58,44.95,43.29,,,"{""realestate"": 0.0099, ""consumer_cyclical"": 0.0773, ""basic_materials"": 0.0561, ""consumer_defensive"": 0.1016, ""technology"": 0.08140001, ""communication_services"": 0.0475, ""financial_services"": 0.2172, ""utilities"": 0.0405, ""industrials"": 0.1895, ""energy"": 0.0422, ""healthcare"": 0.1368}"
DBEZ,2025-07-14,Xtrackers MSCI Eurozone Hedged Equity ETF,Unknown,Unknown,Unknown,Unknown,0.0,,,,15.06,,,,,,,,,,,,,,,,,,,,,,,,,,0.0054,0.0,0.0,0.0,51.61,,,,Unknown,,,53.52,42.5,52.01,48.79,,,"{""realestate"": 0.0177, ""consumer_cyclical"": 0.1024, ""basic_materials"": 0.05, ""consumer_defensive"": 0.0612, ""technology"": 0.1339, ""communication_services"": 0.0538, ""financial_services"": 0.2217, ""utilities"": 0.0542, ""industrials"": 0.2078, ""energy"": 0.032, ""healthcare"": 0.0653}"
DBJP,2025-07-14,Xtrackers MSCI Japan Hedged Equity ETF,Unknown,Unknown,Unknown,Unknown,0.0,,,,13.66,,,,,,,,,,,,,,,,,,,,,,,,,,0.0271,0.0,0.0,0.0,75.78,,,,Unknown,,,78.62,58.75,76.3,74.43,,,"{""realestate"": 0.0232, ""consumer_cyclical"": 0.1417, ""basic_materials"": 0.0324, ""consumer_defensive"": 0.0499, ""technology"": 0.1717, ""communication_services"": 0.0998, ""financial_services"": 0.16309999, ""utilities"": 0.0097, ""industrials"": 0.22700001, ""energy"": 0.0075, ""healthcare"": 0.0739}"
DDIV,2025-07-14,First Trust Dorsey Wright Momentum & Dividend ETF,Unknown,Unknown,Unknown,Unknown,0.0,,,,17.91,,,,,,,,,,,,,,,,,,,,,,,,,,0.0236,0.0,0.0,0.0,38.16,,,,Unknown,,,41.08,32.06,37.46,37.97,,,"{""realestate"": 0.1709, ""consumer_cyclical"": 0.0434, ""basic_materials"": 0.0, ""consumer_defensive"": 0.0964, ""technology"": 0.0482, ""communication_services"": 0.0295, ""financial_services"": 0.3343, ""utilities"": 0.0571, ""industrials"": 0.0473, ""energy"": 0.1367, ""healthcare"": 0.0361}"
DEM,2025-07-14,WisdomTree Emerging Markets High Dividend Fund,Unknown,Unknown,Unknown,Unknown,0.0,,,,9.4,,,,,,,,,,,,,,,,,,,,,,,,,,0.0527,0.0,0.0,0.0,45.92,,,,Unknown,,,46.2,37.25,44.41,42.53,,,"{""realestate"": 0.040700004, ""consumer_cyclical"": 0.0679, ""basic_materials"": 0.1043, ""consumer_defensive"": 0.059699997, ""technology"": 0.1109, ""communication_services"": 0.0531, ""financial_services"": 0.2765, ""utilities"": 0.049000002, ""industrials"": 0.0866, ""energy"": 0.1312, ""healthcare"": 0.0202}"
DEUS,2025-07-14,Xtrackers Russell US Multifactor ETF,Unknown,Unknown,Unknown,Unknown,0.0,,,,19.44,,,,,,,,,,,,,,,,,,,,,,,,,,0.014,0.0,0.0,0.0,56.47,,,,Unknown,,,58.74,47.62,55.2,54.73,,,"{""realestate"": 0.0298, ""consumer_cyclical"": 0.1141, ""basic_materials"": 0.032899998, ""consumer_defensive"": 0.0874, ""technology"": 0.1611, ""communication_services"": 0.0372, ""financial_services"": 0.14739999, ""utilities"": 0.076799996, ""industrials"": 0.1656, ""energy"": 0.023699999, ""healthcare"": 0.123900004}"
DFNL,2025-07-14,Davis Select Financial ETF,Unknown,Unknown,Unknown,Unknown,0.0,,,,10.33,,,,,,,,,,,,,,,,,,,,,,,,,,0.0168,0.0,0.0,0.0,43.47,,,,Unknown,,,44.02,32.37,41.26,39.45,,,"{""realestate"": 0.0, ""consumer_cyclical"": 0.0, ""basic_materials"": 0.0, ""consumer_defensive"": 0.0, ""technology"": 0.0, ""communication_services"": 0.012999999, ""financial_services"": 0.9622, ""utilities"": 0.0, ""industrials"": 0.0249, ""energy"": 0.0, ""healthcare"": 0.0}"
DGRO,2025-07-14,iShares Core Dividend Growth ETF,Unknown,Unknown,Unknown,Unknown,0.0,,,,21.38,,,,,,,,,,,,,,,,,,,,,,,,,,0.0223,0.0,0.0,0.0,64.82,,,,Unknown,,,65.4,54.09,62.55,62.36,,,"{""realestate"": 0.00029999999, ""consumer_cyclical"": 0.059699997, ""basic_materials"": 0.025999999, ""consumer_defensive"": 0.113299996, ""technology"": 0.19389999, ""communication_services"": 0.0124, ""financial_services"": 0.22620001, ""utilities"": 0.067600004, ""industrials"": 0.105500005, ""energy"": 0.0465, ""healthcare"": 0.1487}"
DGRS,2025-05-02,WisdomTree U.S. SmallCap Quality Dividend Growth Fund,Unknown,Unknown,Unknown,Unknown,0.0,,,,12.94,,,,,,,,,,,,,,,,,,,,,,,,,,0.0252,0.0,0.0,0.0,44.46,,,,Unknown,,,57.15,40.14,45.76,50.12,,,"{""realestate"": 0.0225, ""consumer_cyclical"": 0.19209999, ""basic_materials"": 0.0633, ""consumer_defensive"": 0.0556, ""technology"": 0.047, ""communication_services"": 0.0277, ""financial_services"": 0.24360001, ""utilities"": 0.0095999995, ""industrials"": 0.233, ""energy"": 0.0674, ""healthcare"": 0.0382}"
DGRW,2025-06-02,WisdomTree U.S. Quality Dividend Growth Fund,Unknown,Unknown,Unknown,Unknown,0.0,,,,22.81,,,,,,,,,,,,,,,,,,,,,,,,,,0.0166,0.0,0.0,0.0,80.82,,,,Unknown,,,85.89,69.84,78.33,81.54,,,"{""realestate"": 0.0019, ""consumer_cyclical"": 0.1022, ""basic_materials"": 0.0227, ""consumer_defensive"": 0.1388, ""technology"": 0.2282, ""communication_services"": 0.063, ""financial_services"": 0.1093, ""utilities"": 0.0025, ""industrials"": 0.1361, ""energy"": 0.08229999, ""healthcare"": 0.113000005}"
DGS,2025-07-14,WisdomTree Emerging Markets SmallCap Dividend Fund,Unknown,Unknown,Unknown,Unknown,0.0,,,,12.21,,,,,,,,,,,,,,,,,,,,,,,,,,0.0313,0.0,0.0,0.0,55.75,,,,Unknown,,,56.4,42.83,53.49,50.78,,,"{""realestate"": 0.0732, ""consumer_cyclical"": 0.1177, ""basic_materials"": 0.1042, ""consumer_defensive"": 0.072, ""technology"": 0.1456, ""communication_services"": 0.0344, ""financial_services"": 0.1671, ""utilities"": 0.0477, ""industrials"": 0.16770001, ""energy"": 0.026400002, ""healthcare"": 0.043899998}"
DGT,2025-07-14,SPDR Global Dow ETF,Unknown,Unknown,Unknown,Unknown,162669776.0,,,1075460.0,17.43,,,1.94,,,,,,,,,,,,,,,,,,,,78.0,,,0.0256,0.0,0.0,0.0,151.26,,,,Unknown,,,152.47,121.09,146.83,139.66,,,"{""realestate"": 0.0112, ""consumer_cyclical"": 0.1095, ""basic_materials"": 0.0571, ""consumer_defensive"": 0.0694, ""technology"": 0.1518, ""communication_services"": 0.0793, ""financial_services"": 0.20969999, ""utilities"": 0.0322, ""industrials"": 0.1342, ""energy"": 0.0493, ""healthcare"": 0.0963}"
DIA,2025-07-14,SPDR Dow Jones Industrial Average ETF Trust,Unknown,Unknown,Unknown,Unknown,36035284992.0,,,81242896.0,22.87,,,1.24,,,,,,,,,,,,,,,,,,,,358.19,,,0.0152,0.0,0.0,0.0,443.55,,,,Unknown,,,451.55,366.32,426.4,427.34,,,"{""realestate"": 0.0, ""consumer_cyclical"": 0.1378, ""basic_materials"": 0.052199997, ""consumer_defensive"": 0.0495, ""technology"": 0.20120001, ""communication_services"": 0.0228, ""financial_services"": 0.2617, ""utilities"": 0.0, ""industrials"": 0.1353, ""energy"": 0.0199, ""healthcare"": 0.1196}"
DIEM,2025-07-14,Franklin Emerging Market Core Dividend Tilt Index ETF,Unknown,Unknown,Unknown,Unknown,0.0,,,,11.39,,,,,,,,,,,,,,,,,,,,,,,,,,0.046,0.0,0.0,0.0,30.15,,,,Unknown,,,30.39,24.08,29.05,27.63,,,"{""realestate"": 0.019199999, ""consumer_cyclical"": 0.090500005, ""basic_materials"": 0.041300002, ""consumer_defensive"": 0.0555, ""technology"": 0.26450002, ""communication_services"": 0.067600004, ""financial_services"": 0.2875, ""utilities"": 0.044899996, ""industrials"": 0.049000002, ""energy"": 0.0706, ""healthcare"": 0.0093}"
DIVB,2025-07-14,iShares Core Dividend ETF,Unknown,Unknown,Unknown,Unknown,0.0,,,,19.47,,,,,,,,,,,,,,,,,,,,,,,,,,0.0268,0.0,0.0,0.0,50.94,,,,Unknown,,,51.54,41.8,49.04,48.65,,,"{""realestate"": 0.035099998, ""consumer_cyclical"": 0.0673, ""basic_materials"": 0.0197, ""consumer_defensive"": 0.0773, ""technology"": 0.2665, ""communication_services"": 0.0419, ""financial_services"": 0.2006, ""utilities"": 0.033, ""industrials"": 0.0921, ""energy"": 0.0752, ""healthcare"": 0.091400005}"
DIVO,2025-07-14,Amplify CWP Enhanced Dividend Income ETF,Unknown,Unknown,Unknown,Unknown,0.0,,,,23.13,,,,,,,,,,,,,,,,,,,,,,,,,,0.0476,0.0,0.0,0.0,42.77,,,,Unknown,,,43.1,36.2,41.54,41.24,,,"{""realestate"": 0.0, ""consumer_cyclical"": 0.14130001, ""basic_materials"": 0.0275, ""consumer_defensive"": 0.0671, ""technology"": 0.17799999, ""communication_services"": 0.0733, ""financial_services"": 0.2731, ""utilities"": 0.0242, ""industrials"": 0.14819999, ""energy"": 0.0332, ""healthcare"": 0.0342}"
DLN,2025-07-14,WisdomTree U.S. LargeCap Dividend Fund,Unknown,Unknown,Unknown,Unknown,0.0,,,,21.52,,,,,,,,,,,,,,,,,,,,,,,,,,0.0196,0.0,0.0,0.0,83.09,,,,Unknown,,,83.64,69.32,80.11,79.34,,,"{""realestate"": 0.048699997, ""consumer_cyclical"": 0.0462, ""basic_materials"": 0.0097, ""consumer_defensive"": 0.13260001, ""technology"": 0.1698, ""communication_services"": 0.062800005, ""financial_services"": 0.19389999, ""utilities"": 0.062800005, ""industrials"": 0.0777, ""energy"": 0.0752, ""healthcare"": 0.12060001}"
DON,2025-07-14,WisdomTree U.S. MidCap Dividend Fund,Unknown,Unknown,Unknown,Unknown,0.0,,,,15.93,,,,,,,,,,,,,,,,,,,,,,,,,,0.0247,0.0,0.0,0.0,51.34,,,,Unknown,,,55.92,42.5,49.52,50.62,,,"{""realestate"": 0.1019, ""consumer_cyclical"": 0.138, ""basic_materials"": 0.0468, ""consumer_defensive"": 0.066599995, ""technology"": 0.0525, ""communication_services"": 0.0224, ""financial_services"": 0.2466, ""utilities"": 0.0844, ""industrials"": 0.1478, ""energy"": 0.060399998, ""healthcare"": 0.0326}"
DRSK,2025-07-14,Aptus Defined Risk ETF,Unknown,Unknown,Unknown,Unknown,0.0,,,,27.33,,,,,,,,,,,,,,,,,,,,,,,,,,0.0337,0.0,0.0,0.0,28.27,,,,Unknown,,,29.24,26.42,28.05,27.88,,,"{""realestate"": 0.0227, ""consumer_cyclical"": 0.1035, ""basic_materials"": 0.0179, ""consumer_defensive"": 0.060300004, ""technology"": 0.31, ""communication_services"": 0.0933, ""financial_services"": 0.1421, ""utilities"": 0.0254, ""industrials"": 0.0763, ""energy"": 0.0366, ""healthcare"": 0.111899994}"
DSI,2025-07-14,iShares ESG MSCI KLD 400 ETF,Unknown,Unknown,Unknown,Unknown,0.0,,,,28.98,,,,,,,,,,,,,,,,,,,,,,,,,,0.0105,0.0,0.0,0.0,117.46,,,,Unknown,,,118.15,89.16,111.48,109.43,,,"{""realestate"": 0.028800001, ""consumer_cyclical"": 0.096599996, ""basic_materials"": 0.025, ""consumer_defensive"": 0.0548, ""technology"": 0.39139998, ""communication_services"": 0.0857, ""financial_services"": 0.13270001, ""utilities"": 0.010199999, ""industrials"": 0.0808, ""energy"": 0.012999999, ""healthcare"": 0.0809}"
DSTL,2025-06-02,Distillate U.S. Fundamental Stability & Value ETF,Unknown,Unknown,Unknown,Unknown,0.0,,,,17.5,,,,,,,,,,,,,,,,,,,,,,,,,,0.0151,0.0,0.0,0.0,53.54,,,,Unknown,,,59.01,47.67,52.85,55.38,,,"{""realestate"": 0.0, ""consumer_cyclical"": 0.1319, ""basic_materials"": 0.0423, ""consumer_defensive"": 0.071100004, ""technology"": 0.1906, ""communication_services"": 0.054, ""financial_services"": 0.0431, ""utilities"": 0.0106, ""industrials"": 0.14930001, ""energy"": 0.0665, ""healthcare"": 0.24049999}"
DTD,2025-07-14,WisdomTree U.S. Total Dividend Fund,Unknown,Unknown,Unknown,Unknown,0.0,,,,20.53,,,,,,,,,,,,,,,,,,,,,,,,,,0.0208,0.0,0.0,0.0,80.48,,,,Unknown,,,81.17,67.09,77.63,77.21,,,"{""realestate"": 0.049000002, ""consumer_cyclical"": 0.0558, ""basic_materials"": 0.0139999995, ""consumer_defensive"": 0.126, ""technology"": 0.1555, ""communication_services"": 0.059, ""financial_services"": 0.2065, ""utilities"": 0.0661, ""industrials"": 0.0847, ""energy"": 0.0731, ""healthcare"": 0.1103}"
DUSA,2025-07-14,Davis Select U.S. Equity ETF,Unknown,Unknown,Unknown,Unknown,0.0,,,,17.18,,,,,,,,,,,,,,,,,,,,,,,,,,0.0074,0.0,0.0,0.0,46.77,,,,Unknown,,,47.32,36.83,44.48,43.37,,,"{""realestate"": 0.0, ""consumer_cyclical"": 0.1412, ""basic_materials"": 0.0112, ""consumer_defensive"": 0.0374, ""technology"": 0.0583, ""communication_services"": 0.1271, ""financial_services"": 0.3621, ""utilities"": 0.0, ""industrials"": 0.026800001, ""energy"": 0.060599998, ""healthcare"": 0.1753}"
DVLU,2025-07-14,First Trust Dorsey Wright Momentum & Value ETF,Unknown,Unknown,Unknown,Unknown,0.0,,,,14.41,,,,,,,,,,,,,,,,,,,,,,,,,,0.0107,0.0,0.0,0.0,29.89,,,,Unknown,,,33.06,24.1,29.08,29.68,,,"{""realestate"": 0.0373, ""consumer_cyclical"": 0.0482, ""basic_materials"": 0.0, ""consumer_defensive"": 0.108, ""technology"": 0.0552, ""communication_services"": 0.0257, ""financial_services"": 0.547, ""utilities"": 0.0779, ""industrials"": 0.0307, ""energy"": 0.0197, ""healthcare"": 0.0502}"
DWAT,2025-06-30,Arrow DWA Tactical: Macro ETF,Unknown,Unknown,Unknown,Unknown,0.0,,,,17.37,,,,,,,,,,,,,,,,,,,,,,,,,,0.0008,0.0,0.0,0.0,11.04,,,,Unknown,,,12.3,10.26,11.79,11.71,,,"{""realestate"": 0.0508, ""consumer_cyclical"": 0.051599998, ""basic_materials"": 0.0255, ""consumer_defensive"": 0.064899996, ""technology"": 0.102299996, ""communication_services"": 0.0344, ""financial_services"": 0.272, ""utilities"": 0.0531, ""industrials"": 0.25100002, ""energy"": 0.0419, ""healthcare"": 0.052600004}"
DWLD,2025-07-14,Davis Select Worldwide ETF,Unknown,Unknown,Unknown,Unknown,0.0,,,,15.8,,,,,,,,,,,,,,,,,,,,,,,,,,0.0133,0.0,0.0,0.0,41.68,,,,Unknown,,,41.95,30.91,40.1,38.33,,,"{""realestate"": 0.0, ""consumer_cyclical"": 0.2439, ""basic_materials"": 0.018, ""consumer_defensive"": 0.0315, ""technology"": 0.113900006, ""communication_services"": 0.14840001, ""financial_services"": 0.2914, ""utilities"": 0.0, ""industrials"": 0.0094, ""energy"": 0.0466, ""healthcare"": 0.09689999}"
DXJ,2025-07-14,WisdomTree Japan Hedged Equity Fund,Unknown,Unknown,Unknown,Unknown,0.0,,,,11.5,,,,,,,,,,,,,,,,,,,,,,,,,,0.0309,0.0,0.0,0.0,114.25,,,,Unknown,,,116.77,85.3,112.57,109.64,,,"{""realestate"": 0.0, ""consumer_cyclical"": 0.189, ""basic_materials"": 0.0866, ""consumer_defensive"": 0.071100004, ""technology"": 0.1009, ""communication_services"": 0.0419, ""financial_services"": 0.177, ""utilities"": 0.0014, ""industrials"": 0.25030002, ""energy"": 0.0147, ""healthcare"": 0.0671}"
DXJS,2025-07-07,WisdomTree Japan Hedged SmallCap Equity Fund,Unknown,Unknown,Unknown,Unknown,0.0,,,,11.19,,,,,,,,,,,,,,,,,,,,,,,,,,0.0314,0.0,0.0,0.0,36.56,,,,Unknown,,,37.41,27.18,35.83,34.59,,,"{""realestate"": 0.033299997, ""consumer_cyclical"": 0.19590001, ""basic_materials"": 0.12020001, ""consumer_defensive"": 0.087, ""technology"": 0.1093, ""communication_services"": 0.016900001, ""financial_services"": 0.0932, ""utilities"": 0.0155, ""industrials"": 0.2743, ""energy"": 0.01, ""healthcare"": 0.0444}"
DYNF,2025-07-14,iShares U.S. Equity Factor Rotation Active ETF,Unknown,Unknown,Unknown,Unknown,0.0,,,,25.71,,,,,,,,,,,,,,,,,,,,,,,,,,0.0089,0.0,0.0,0.0,54.83,,,,Unknown,,,55.15,42.1,52.3,51.11,,,"{""realestate"": 0.0149, ""consumer_cyclical"": 0.1083, ""basic_materials"": 0.0046, ""consumer_defensive"": 0.0626, ""technology"": 0.3151, ""communication_services"": 0.1299, ""financial_services"": 0.1593, ""utilities"": 0.042, ""industrials"": 0.068, ""energy"": 0.025899999, ""healthcare"": 0.0694}"
ECH,2025-07-14,iShares MSCI Chile ETF,Unknown,Unknown,Unknown,Unknown,270013504.0,,,8850000.0,11.85,,,,,,,,,,,,,,,,,,,,,,,,,,0.0251,0.0,0.0,0.0,30.51,,,,Unknown,,,33.26,23.79,31.73,28.39,,,"{""realestate"": 0.0354, ""consumer_cyclical"": 0.1603, ""basic_materials"": 0.1423, ""consumer_defensive"": 0.0849, ""technology"": 0.0, ""communication_services"": 0.0167, ""financial_services"": 0.2962, ""utilities"": 0.14029999, ""industrials"": 0.124, ""energy"": 0.0, ""healthcare"": 0.0}"
EDIV,2025-07-14,SPDR S&P Emerging Markets Dividend ETF,Unknown,Unknown,Unknown,Unknown,0.0,,,,9.91,,,,,,,,,,,,,,,,,,,,,,,,,,0.0397,0.0,0.0,0.0,38.49,,,,Unknown,,,39.23,32.36,37.95,36.41,,,"{""realestate"": 0.048600003, ""consumer_cyclical"": 0.08979999, ""basic_materials"": 0.0145000005, ""consumer_defensive"": 0.1112, ""technology"": 0.0665, ""communication_services"": 0.1306, ""financial_services"": 0.32439998, ""utilities"": 0.096499994, ""industrials"": 0.0274, ""energy"": 0.039100002, ""healthcare"": 0.051599998}"
EDOG,2025-06-02,ALPS Emerging Sector Dividend Dogs ETF,Unknown,Unknown,Unknown,Unknown,0.0,,,,11.24,,,,,,,,,,,,,,,,,,,,,,,,,,0.0686,0.0,0.0,0.0,21.84,,,,Unknown,,,23.19,18.9,21.31,21.56,,,"{""realestate"": 0.0, ""consumer_cyclical"": 0.098500006, ""basic_materials"": 0.0939, ""consumer_defensive"": 0.114700004, ""technology"": 0.0919, ""communication_services"": 0.1021, ""financial_services"": 0.096, ""utilities"": 0.10609999, ""industrials"": 0.060700003, ""energy"": 0.1393, ""healthcare"": 0.0968}"
EEMS,2025-07-14,iShares MSCI Emerging Markets Small-Cap ETF,Unknown,Unknown,Unknown,Unknown,371967520.0,,,5750000.0,16.65,,,,,,,,,,,,,,,,,,,,,,,,,,0.0247,0.0,0.0,0.0,64.69,,,,Unknown,,,65.31,50.05,61.9,59.46,,,"{""realestate"": 0.0624, ""consumer_cyclical"": 0.1109, ""basic_materials"": 0.105100006, ""consumer_defensive"": 0.059899997, ""technology"": 0.16139999, ""communication_services"": 0.0372, ""financial_services"": 0.114300005, ""utilities"": 0.0309, ""industrials"": 0.19309999, ""energy"": 0.02, ""healthcare"": 0.10479999}"
EES,2025-07-14,WisdomTree U.S. SmallCap Earnings Fund,Unknown,Unknown,Unknown,Unknown,0.0,,,,12.84,,,,,,,,,,,,,,,,,,,,,,,,,,0.0148,0.0,0.0,0.0,52.86,,,,Unknown,,,59.34,41.92,50.08,52.01,,,"{""realestate"": 0.0561, ""consumer_cyclical"": 0.1396, ""basic_materials"": 0.025899999, ""consumer_defensive"": 0.0507, ""technology"": 0.1157, ""communication_services"": 0.0293, ""financial_services"": 0.26549998, ""utilities"": 0.019299999, ""industrials"": 0.1362, ""energy"": 0.0618, ""healthcare"": 0.0998}"
EFAS,2025-07-14,Global X MSCI SuperDividend EAFE ETF,Unknown,Unknown,Unknown,Unknown,0.0,,,,11.03,,,,,,,,,,,,,,,,,,,,,,,,,,0.0548,0.0,0.0,0.0,18.08,,,,Unknown,,,18.25,13.32,17.55,15.59,,,"{""realestate"": 0.0829, ""consumer_cyclical"": 0.0375, ""basic_materials"": 0.0287, ""consumer_defensive"": 0.0525, ""technology"": 0.0, ""communication_services"": 0.1293, ""financial_services"": 0.3361, ""utilities"": 0.1537, ""industrials"": 0.094, ""energy"": 0.0853, ""healthcare"": 0.0}"
EFV,2025-07-14,iShares MSCI EAFE Value ETF,Unknown,Unknown,Unknown,Unknown,0.0,,,,12.86,,,,,,,,,,,,,,,,,,,,,,,,,,0.0385,0.0,0.0,0.0,63.64,,,,Unknown,,,64.69,51.05,62.97,57.74,,,"{""realestate"": 0.0323, ""consumer_cyclical"": 0.0675, ""basic_materials"": 0.07, ""consumer_defensive"": 0.090100005, ""technology"": 0.0223, ""communication_services"": 0.0579, ""financial_services"": 0.3514, ""utilities"": 0.0519, ""industrials"": 0.11270001, ""energy"": 0.0616, ""healthcare"": 0.082200006}"
EMGF,2025-07-14,iShares Emerging Markets Equity Factor ETF,Unknown,Unknown,Unknown,Unknown,0.0,,,,13.5,,,,,,,,,,,,,,,,,,,,,,,,,,0.0314,0.0,0.0,0.0,52.32,,,,Unknown,,,52.75,41.01,50.3,47.9,,,"{""realestate"": 0.0117, ""consumer_cyclical"": 0.1525, ""basic_materials"": 0.039100002, ""consumer_defensive"": 0.0559, ""technology"": 0.2293, ""communication_services"": 0.0964, ""financial_services"": 0.2241, ""utilities"": 0.029000001, ""industrials"": 0.0775, ""energy"": 0.0506, ""healthcare"": 0.0337}"
EMHY,2025-07-14,iShares J.P. Morgan EM High Yield Bond ETF,Unknown,Unknown,Unknown,Unknown,0.0,,,,,,,,,,,,,,,,,,,,,,,,,,,,,,0.0717,0.0,0.0,0.0,38.67,,,,Unknown,,,39.07,35.78,38.28,38.36,,,"{""realestate"": 0.0, ""consumer_cyclical"": 0.0, ""basic_materials"": 0.0, ""consumer_defensive"": 0.0, ""technology"": 0.0, ""communication_services"": 0.0, ""financial_services"": 0.0, ""utilities"": 0.0, ""industrials"": 1.0, ""energy"": 0.0, ""healthcare"": 0.0}"
EMMF,2025-07-14,WisdomTree Emerging Markets Multifactor Fund,Unknown,Unknown,Unknown,Unknown,0.0,,,,13.54,,,,,,,,,,,,,,,,,,,,,,,,,,0.0148,0.0,0.0,0.0,28.73,,,,Unknown,,,29.2,23.93,28.12,27.31,,,"{""realestate"": 0.0, ""consumer_cyclical"": 0.1521, ""basic_materials"": 0.0311, ""consumer_defensive"": 0.089899994, ""technology"": 0.1942, ""communication_services"": 0.1121, ""financial_services"": 0.21700001, ""utilities"": 0.0529, ""industrials"": 0.0701, ""energy"": 0.0128999995, ""healthcare"": 0.067600004}"
EMQQ,2025-05-02,EMQQ The Emerging Markets Internet ETF,Unknown,Unknown,Unknown,Unknown,0.0,,,,20.79,,,,,,,,,,,,,,,,,,,,,,,,,,0.0153,0.0,0.0,0.0,39.33,,,,Unknown,,,41.67,30.58,37.9,36.63,,,"{""realestate"": 0.0095999995, ""consumer_cyclical"": 0.48409998, ""basic_materials"": 0.0, ""consumer_defensive"": 0.0, ""technology"": 0.0681, ""communication_services"": 0.2338, ""financial_services"": 0.12529999, ""utilities"": 0.0, ""industrials"": 0.0, ""energy"": 0.0743, ""healthcare"": 0.0047999998}"
EMXC,2025-07-14,iShares MSCI Emerging Markets ex China ETF,Unknown,Unknown,Unknown,Unknown,0.0,,,,15.52,,,,,,,,,,,,,,,,,,,,,,,,,,0.0251,0.0,0.0,0.0,63.27,,,,Unknown,,,64.39,49.6,60.68,58.06,,,"{""realestate"": 0.0154, ""consumer_cyclical"": 0.0661, ""basic_materials"": 0.0687, ""consumer_defensive"": 0.047, ""technology"": 0.2907, ""communication_services"": 0.048800003, ""financial_services"": 0.2705, ""utilities"": 0.027999999, ""industrials"": 0.0806, ""energy"": 0.051799998, ""healthcare"": 0.0322}"
ENFR,2025-07-14,Alerian Energy Infrastructure ETF,Unknown,Unknown,Unknown,Unknown,0.0,,,,18.06,,,,,,,,,,,,,,,,,,,,,,,,,,0.0454,0.0,0.0,0.0,31.58,,,,Unknown,,,34.28,25.61,31.56,31.32,,,"{""realestate"": 0.0, ""consumer_cyclical"": 0.0, ""basic_materials"": 0.0, ""consumer_defensive"": 0.0, ""technology"": 0.0, ""communication_services"": 0.0, ""financial_services"": 0.0, ""utilities"": 0.0038, ""industrials"": 0.0, ""energy"": 0.9962, ""healthcare"": 0.0}"
EPI,2025-07-14,WisdomTree India Earnings Fund,Unknown,Unknown,Unknown,Unknown,0.0,,,,18.34,-88.19,,,,,,,,,,,,,,,,,,,,,,,,,0.0026,0.0,0.0,0.0,46.74,,,,Unknown,,,50.99,39.98,46.38,45.52,,,"{""realestate"": 0.0087, ""consumer_cyclical"": 0.0813, ""basic_materials"": 0.1157, ""consumer_defensive"": 0.0332, ""technology"": 0.1146, ""communication_services"": 0.0202, ""financial_services"": 0.2504, ""utilities"": 0.0706, ""industrials"": 0.0907, ""energy"": 0.16430001, ""healthcare"": 0.0504}"
EPP,2025-07-14,iShares MSCI Pacific ex Japan ETF,Unknown,Unknown,Unknown,Unknown,2631635968.0,,,53100000.0,18.21,,,0.97,,,,,,,,,,,,,,,,,,,,51.17,,,0.0345,0.0,0.0,0.0,49.56,,,,Unknown,,,50.04,38.44,48.37,46.25,,,"{""realestate"": 0.0763, ""consumer_cyclical"": 0.0861, ""basic_materials"": 0.1137, ""consumer_defensive"": 0.028499998, ""technology"": 0.0217, ""communication_services"": 0.028800001, ""financial_services"": 0.44349998, ""utilities"": 0.0327, ""industrials"": 0.08229999, ""energy"": 0.0208, ""healthcare"": 0.0655}"
EPS,2025-07-14,WisdomTree U.S. LargeCap Fund,Unknown,Unknown,Unknown,Unknown,0.0,,,,22.06,,,,,,,,,,,,,,,,,,,,,,,,,,0.0145,0.0,0.0,0.0,64.61,,,,Unknown,,,64.99,51.31,61.82,61.21,,,"{""realestate"": 0.0112, ""consumer_cyclical"": 0.105100006, ""basic_materials"": 0.013200001, ""consumer_defensive"": 0.061100002, ""technology"": 0.2534, ""communication_services"": 0.1333, ""financial_services"": 0.1726, ""utilities"": 0.0252, ""industrials"": 0.0713, ""energy"": 0.0482, ""healthcare"": 0.10520001}"
EPU,2025-07-14,iShares MSCI Peru ETF,Unknown,Unknown,Unknown,Unknown,0.0,,,,12.05,,,,,,,,,,,,,,,,,,,,,,,,,,0.0493,0.0,0.0,0.0,48.83,,,,Unknown,,,50.06,37.07,47.06,43.58,,,"{""realestate"": 0.0251, ""consumer_cyclical"": 0.0446, ""basic_materials"": 0.515, ""consumer_defensive"": 0.038900003, ""technology"": 0.0, ""communication_services"": 0.0171, ""financial_services"": 0.2927, ""utilities"": 0.0222, ""industrials"": 0.030299999, ""energy"": 0.0, ""healthcare"": 0.014199999}"
EQIN,2025-07-14,Columbia U.S. Equity Income ETF,Unknown,Unknown,Unknown,Unknown,0.0,,,,18.93,,,,,,,,,,,,,,,,,,,,,,,,,,0.0206,0.0,0.0,0.0,45.44,,,,Unknown,,,48.28,40.52,44.49,45.56,,,"{""realestate"": 0.0001, ""consumer_cyclical"": 0.0926, ""basic_materials"": 0.0148, ""consumer_defensive"": 0.1228, ""technology"": 0.1839, ""communication_services"": 0.0513, ""financial_services"": 0.148, ""utilities"": 0.08229999, ""industrials"": 0.1349, ""energy"": 0.1031, ""healthcare"": 0.066199996}"
EQL,2025-07-14,ALPS Equal Sector Weight ETF,Unknown,Unknown,Unknown,Unknown,0.0,,,,24.15,,,,,,,,,,,,,,,,,,,,,,,,,,0.0176,0.0,0.0,0.0,44.32,,,,Unknown,,,123.95,36.66,42.96,42.56,,,"{""realestate"": 0.09, ""consumer_cyclical"": 0.1094, ""basic_materials"": 0.0765, ""consumer_defensive"": 0.092700005, ""technology"": 0.1094, ""communication_services"": 0.093, ""financial_services"": 0.089700006, ""utilities"": 0.0928, ""industrials"": 0.0868, ""energy"": 0.0783, ""healthcare"": 0.081499994}"
EQRR,2025-07-14,ProShares Equities for Rising Rates ETF,Unknown,Unknown,Unknown,Unknown,0.0,,,,17.19,,,,,,,,,,,,,,,,,,,,,,,,,,0.0226,0.0,0.0,0.0,60.82,,,,Unknown,,,62.73,50.65,58.53,58.52,,,"{""realestate"": 0.0, ""consumer_cyclical"": 0.16950001, ""basic_materials"": 0.0, ""consumer_defensive"": 0.17709999, ""technology"": 0.1021, ""communication_services"": 0.036199998, ""financial_services"": 0.16049999, ""utilities"": 0.0, ""industrials"": 0.028299998, ""energy"": 0.2644, ""healthcare"": 0.0619}"
EQWL,2025-07-14,Invesco S&P 100 Equal Weight ETF,Unknown,Unknown,Unknown,Unknown,0.0,,,,21.4,,,,,,,,,,,,,,,,,,,,,,,,,,0.0186,0.0,0.0,0.0,110.73,,,,Unknown,,,111.99,89.16,106.61,104.31,,,"{""realestate"": 0.0194, ""consumer_cyclical"": 0.090900004, ""basic_materials"": 0.01, ""consumer_defensive"": 0.1, ""technology"": 0.17989999, ""communication_services"": 0.0934, ""financial_services"": 0.1893, ""utilities"": 0.028800001, ""industrials"": 0.1319, ""energy"": 0.026099999, ""healthcare"": 0.1303}"
ESGG,2025-07-14,FlexShares STOXX Global ESG Select Index Fund,Unknown,Unknown,Unknown,Unknown,0.0,,,,21.38,,,,,,,,,,,,,,,,,,,,,,,,,,0.0176,0.0,0.0,0.0,189.05,,,,Unknown,,,189.25,149.92,181.15,173.83,,,"{""realestate"": 0.0202, ""consumer_cyclical"": 0.112799995, ""basic_materials"": 0.0154, ""consumer_defensive"": 0.0744, ""technology"": 0.28260002, ""communication_services"": 0.0739, ""financial_services"": 0.16450001, ""utilities"": 0.0341, ""industrials"": 0.067, ""energy"": 0.0498, ""healthcare"": 0.105299994}"
ESPO,2025-07-14,VanEck Video Gaming and eSports ETF,Unknown,Unknown,Unknown,Unknown,0.0,,,,28.28,,,,,,,,,,,,,,,,,,,,,,,,,,0.0036,0.0,0.0,0.0,104.48,,,,Unknown,,,109.55,60.91,102.61,88.88,,,"{""realestate"": 0.0, ""consumer_cyclical"": 0.1268, ""basic_materials"": 0.0, ""consumer_defensive"": 0.0, ""technology"": 0.0708, ""communication_services"": 0.8024, ""financial_services"": 0.0, ""utilities"": 0.0, ""industrials"": 0.0, ""energy"": 0.0, ""healthcare"": 0.0}"
ETHO,2025-07-14,Amplify Etho Climate Leadership U.S. ETF,Unknown,Unknown,Unknown,Unknown,0.0,,,,20.63,,,,,,,,,,,,,,,,,,,,,,,,,,0.0073,0.0,0.0,0.0,59.64,,,,Unknown,,,64.71,47.27,57.3,58.61,,,"{""realestate"": 0.050100002, ""consumer_cyclical"": 0.1533, ""basic_materials"": 0.0117, ""consumer_defensive"": 0.0416, ""technology"": 0.2909, ""communication_services"": 0.037, ""financial_services"": 0.14050001, ""utilities"": 0.0214, ""industrials"": 0.121400006, ""energy"": 0.0, ""healthcare"": 0.1322}"
EUFN,2025-07-14,iShares MSCI Europe Financials ETF,Unknown,Unknown,Unknown,Unknown,0.0,,,,11.81,,,,,,,,,,,,,,,,,,,,,,,,,,0.0394,0.0,0.0,0.0,31.79,,,,Unknown,,,32.57,21.04,31.36,27.01,,,"{""realestate"": 0.0, ""consumer_cyclical"": 0.0, ""basic_materials"": 0.0, ""consumer_defensive"": 0.0, ""technology"": 0.0225, ""communication_services"": 0.0, ""financial_services"": 0.96940005, ""utilities"": 0.0, ""industrials"": 0.0082, ""energy"": 0.0, ""healthcare"": 0.0}"
EUSA,2025-07-14,iShares MSCI USA Equal Weighted ETF,Unknown,Unknown,Unknown,Unknown,475731488.0,,,4750000.0,22.73,,,,,,,,,,,,,,,,,,,,,,,,,,0.0148,0.0,0.0,0.0,100.15,,,,Unknown,,,102.53,81.38,96.75,96.3,,,"{""realestate"": 0.0647, ""consumer_cyclical"": 0.1024, ""basic_materials"": 0.0366, ""consumer_defensive"": 0.0684, ""technology"": 0.1826, ""communication_services"": 0.0448, ""financial_services"": 0.14, ""utilities"": 0.0553, ""industrials"": 0.1459, ""energy"": 0.0418, ""healthcare"": 0.1175}"
EUSC,2025-06-09,WisdomTree European Opportunities Fund,Unknown,Unknown,Unknown,Unknown,0.0,,,,11.4,,,,,,,,,,,,,,,,,,,,,,,,,,0.0328,0.0,0.0,0.0,46.35,,,,Unknown,,,46.89,35.84,43.44,40.33,,,"{""realestate"": 0.0933, ""consumer_cyclical"": 0.0908, ""basic_materials"": 0.064899996, ""consumer_defensive"": 0.040700004, ""technology"": 0.044, ""communication_services"": 0.0502, ""financial_services"": 0.2841, ""utilities"": 0.064899996, ""industrials"": 0.2009, ""energy"": 0.0372, ""healthcare"": 0.029000001}"
EVX,2025-07-07,VanEck Environmental Services ETF,Unknown,Unknown,Unknown,Unknown,0.0,,,,36.04,,,,,,,,,,,,,,,,,,,,,,,,,,0.0042,0.0,0.0,0.0,38.46,,,,Unknown,,,178.35,31.39,37.04,36.1,,,"{""realestate"": 0.0, ""consumer_cyclical"": 0.0, ""basic_materials"": 0.1172, ""consumer_defensive"": 0.041199997, ""technology"": 0.0, ""communication_services"": 0.0, ""financial_services"": 0.0, ""utilities"": 0.0292, ""industrials"": 0.7705, ""energy"": 0.0, ""healthcare"": 0.0419}"
EWC,2025-07-14,iShares MSCI Canada ETF,Unknown,Unknown,Unknown,Unknown,4373124096.0,,,94800000.0,19.51,,,1.42,,,,,,,,,,,,,,,,,,,,32.4,,,0.02,0.0,0.0,0.0,46.13,,,,Unknown,,,46.69,35.74,44.8,42.14,,,"{""realestate"": 0.0031, ""consumer_cyclical"": 0.0398, ""basic_materials"": 0.1197, ""consumer_defensive"": 0.0422, ""technology"": 0.1091, ""communication_services"": 0.010199999, ""financial_services"": 0.3716, ""utilities"": 0.0248, ""industrials"": 0.1125, ""energy"": 0.16700001, ""healthcare"": 0.0}"
EWD,2025-07-14,iShares MSCI Sweden ETF,Unknown,Unknown,Unknown,Unknown,348610496.0,,,7650000.0,20.17,,,0.95,,,,,,,,,,,,,,,,,,,,47.87,,,0.0145,0.0,0.0,0.0,45.57,,,,Unknown,,,46.54,36.5,45.23,42.04,,,"{""realestate"": 0.0148, ""consumer_cyclical"": 0.0274, ""basic_materials"": 0.030299999, ""consumer_defensive"": 0.026400002, ""technology"": 0.066599995, ""communication_services"": 0.17909999, ""financial_services"": 0.21059999, ""utilities"": 0.0, ""industrials"": 0.4359, ""energy"": 0.0, ""healthcare"": 0.009}"
EWH,2025-07-14,iShares MSCI Hong Kong ETF,Unknown,Unknown,Unknown,Unknown,1779471744.0,,,88575000.0,15.86,,,0.78,,,,,,,,,,,,,,,,,,,,25.8,,,0.0365,0.0,0.0,0.0,20.09,,,,Unknown,,,20.36,15.01,19.2,17.79,,,"{""realestate"": 0.1757, ""consumer_cyclical"": 0.0424, ""basic_materials"": 0.0, ""consumer_defensive"": 0.0233, ""technology"": 0.0, ""communication_services"": 0.017, ""financial_services"": 0.48619998, ""utilities"": 0.106400006, ""industrials"": 0.14899999, ""energy"": 0.0, ""healthcare"": 0.0}"
EWJV,2025-07-14,iShares MSCI Japan Value ETF,Unknown,Unknown,Unknown,Unknown,0.0,,,,11.12,,,,,,,,,,,,,,,,,,,,,,,,,,0.0362,0.0,0.0,0.0,34.27,,,,Unknown,,,36.84,28.24,34.62,32.9,,,"{""realestate"": 0.0432, ""consumer_cyclical"": 0.1925, ""basic_materials"": 0.0294, ""consumer_defensive"": 0.0315, ""technology"": 0.0466, ""communication_services"": 0.081499994, ""financial_services"": 0.2617, ""utilities"": 0.0138, ""industrials"": 0.2541, ""energy"": 0.0125, ""healthcare"": 0.0332}"
EWL,2025-07-14,iShares MSCI Switzerland ETF,Unknown,Unknown,Unknown,Unknown,1565787520.0,,,28625000.0,22.74,,,1.26,,,,,,,,,,,,,,,,,,,,43.29,,,0.0184,0.0,0.0,0.0,54.7,,,,Unknown,,,56.31,45.56,54.58,51.06,,,"{""realestate"": 0.0081, ""consumer_cyclical"": 0.0694, ""basic_materials"": 0.090500005, ""consumer_defensive"": 0.1759, ""technology"": 0.012, ""communication_services"": 0.0116, ""financial_services"": 0.18290001, ""utilities"": 0.0042, ""industrials"": 0.101, ""energy"": 0.0, ""healthcare"": 0.3443}"
EWM,2025-07-14,iShares MSCI Malaysia ETF,Unknown,Unknown,Unknown,Unknown,359393984.0,,,14925000.0,14.17,,,1.25,,,,,,,,,,,,,,,,,,,,19.23,,,0.0338,0.0,0.0,0.0,24.08,,,,Unknown,,,27.49,20.8,24.29,24.24,,,"{""realestate"": 0.0, ""consumer_cyclical"": 0.035, ""basic_materials"": 0.0608, ""consumer_defensive"": 0.0828, ""technology"": 0.0, ""communication_services"": 0.0743, ""financial_services"": 0.44889998, ""utilities"": 0.1089, ""industrials"": 0.11350001, ""energy"": 0.0432, ""healthcare"": 0.0327}"
EWT,2025-07-14,iShares MSCI Taiwan ETF,Unknown,Unknown,Unknown,Unknown,4955500032.0,,,85000000.0,17.25,,,1.0,,,,,,,,,,,,,,,,,,,,58.28,,,0.0228,0.0,0.0,0.0,58.3,,,,Unknown,,,59.62,39.44,54.62,52.63,,,"{""realestate"": 0.0, ""consumer_cyclical"": 0.0352, ""basic_materials"": 0.036199998, ""consumer_defensive"": 0.0179, ""technology"": 0.625, ""communication_services"": 0.0364, ""financial_services"": 0.1835, ""utilities"": 0.0, ""industrials"": 0.0602, ""energy"": 0.0, ""healthcare"": 0.0055}"
EWW,2025-07-14,iShares MSCI Mexico ETF,Unknown,Unknown,Unknown,Unknown,1136456960.0,,,18900000.0,12.82,,,1.17,,,,,,,,,,,,,,,,,,,,51.24,,,0.0342,0.0,0.0,0.0,60.13,,,,Unknown,,,62.42,46.41,59.84,53.56,,,"{""realestate"": 0.0756, ""consumer_cyclical"": 0.0139999995, ""basic_materials"": 0.18879999, ""consumer_defensive"": 0.2875, ""technology"": 0.0, ""communication_services"": 0.0872, ""financial_services"": 0.19469999, ""utilities"": 0.0, ""industrials"": 0.1461, ""energy"": 0.0, ""healthcare"": 0.0061000003}"
EWX,2025-07-14,SPDR S&P Emerging Markets Small Cap ETF,Unknown,Unknown,Unknown,Unknown,0.0,,,,15.52,,,,,,,,,,,,,,,,,,,,,,,,,,0.0283,0.0,0.0,0.0,62.71,,,,Unknown,,,64.79,49.47,60.26,59.26,,,"{""realestate"": 0.069299996, ""consumer_cyclical"": 0.1224, ""basic_materials"": 0.1201, ""consumer_defensive"": 0.059299998, ""technology"": 0.19520001, ""communication_services"": 0.0313, ""financial_services"": 0.081, ""utilities"": 0.0326, ""industrials"": 0.1843, ""energy"": 0.013200001, ""healthcare"": 0.0912}"
EYLD,2025-07-14,Cambria Emerging Shareholder Yield ETF,Unknown,Unknown,Unknown,Unknown,0.0,,,,8.75,,,,,,,,,,,,,,,,,,,,,,,,,,0.041,0.0,0.0,0.0,36.33,,,,Unknown,,,36.95,27.3,34.72,32.96,,,"{""realestate"": 0.0357, ""consumer_cyclical"": 0.0758, ""basic_materials"": 0.0363, ""consumer_defensive"": 0.0494, ""technology"": 0.1725, ""communication_services"": 0.0089, ""financial_services"": 0.2631, ""utilities"": 0.053600002, ""industrials"": 0.1822, ""energy"": 0.095699996, ""healthcare"": 0.026600001}"
EZA,2025-07-14,iShares MSCI South Africa ETF,Unknown,Unknown,Unknown,Unknown,418541984.0,,,7900000.0,13.23,,,1.15,,,,,,,,,,,,,,,,,,,,46.01,,,0.0585,0.0,0.0,0.0,52.98,,,,Unknown,,,54.94,39.74,52.37,48.13,,,"{""realestate"": 0.0184, ""consumer_cyclical"": 0.234, ""basic_materials"": 0.2369, ""consumer_defensive"": 0.0353, ""technology"": 0.0, ""communication_services"": 0.0651, ""financial_services"": 0.35930002, ""utilities"": 0.0, ""industrials"": 0.0184, ""energy"": 0.0, ""healthcare"": 0.0326}"
EZM,2025-07-14,WisdomTree U.S. MidCap Earnings Fund,Unknown,Unknown,Unknown,Unknown,0.0,,,,13.71,,,,,,,,,,,,,,,,,,,,,,,,,,0.0127,0.0,0.0,0.0,63.39,,,,Unknown,,,68.73,51.1,60.83,61.88,,,"{""realestate"": 0.0345, ""consumer_cyclical"": 0.18100001, ""basic_materials"": 0.028900001, ""consumer_defensive"": 0.0718, ""technology"": 0.1142, ""communication_services"": 0.0398, ""financial_services"": 0.1928, ""utilities"": 0.0292, ""industrials"": 0.1516, ""energy"": 0.061100002, ""healthcare"": 0.0951}"
EZU,2025-07-14,iShares MSCI Eurozone ETF,Unknown,Unknown,Unknown,Unknown,9137007616.0,,,153100000.0,16.9,,,1.17,,,,,,,,,,,,,,,,,,,,50.86,,,0.0232,0.0,0.0,0.0,59.68,,,,Unknown,,,60.67,46.02,58.54,52.72,,,"{""realestate"": 0.0125, ""consumer_cyclical"": 0.09819999, ""basic_materials"": 0.0466, ""consumer_defensive"": 0.066, ""technology"": 0.1372, ""communication_services"": 0.0551, ""financial_services"": 0.22760001, ""utilities"": 0.0553, ""industrials"": 0.2066, ""energy"": 0.0298, ""healthcare"": 0.0652}"
FAD,2025-07-14,First Trust Multi Cap Growth AlphaDEX Fund,Unknown,Unknown,Unknown,Unknown,0.0,,,,25.17,,,,,,,,,,,,,,,,,,,,,,,,,,0.0054,0.0,0.0,0.0,146.3,,,,Unknown,,,150.37,113.03,140.47,138.28,,,"{""realestate"": 0.0499, ""consumer_cyclical"": 0.109, ""basic_materials"": 0.0148, ""consumer_defensive"": 0.0577, ""technology"": 0.1865, ""communication_services"": 0.0581, ""financial_services"": 0.1734, ""utilities"": 0.030299999, ""industrials"": 0.1604, ""energy"": 0.0433, ""healthcare"": 0.1167}"
FALN,2025-07-14,iShares Fallen Angels USD Bond ETF,Unknown,Unknown,Unknown,Unknown,0.0,,,,,,,,,,,,,,,,,,,,,,,,,,,,,,0.0634,0.0,0.0,0.0,26.94,,,,Unknown,,,27.43,24.82,26.62,26.81,,,"{""realestate"": 1.0, ""consumer_cyclical"": 0.0, ""basic_materials"": 0.0, ""consumer_defensive"": 0.0, ""technology"": 0.0, ""communication_services"": 0.0, ""financial_services"": 0.0, ""utilities"": 0.0, ""industrials"": 0.0, ""energy"": 0.0, ""healthcare"": 0.0}"
FBND,2025-07-14,Fidelity Total Bond ETF,Unknown,Unknown,Unknown,Unknown,0.0,,,,9.0,,,,,,,,,,,,,,,,,,,,,,,,,,0.0466,0.0,0.0,0.0,45.42,,,,Unknown,,,47.3,44.3,45.32,45.47,,,"{""realestate"": 0.0, ""consumer_cyclical"": 0.0, ""basic_materials"": 0.0, ""consumer_defensive"": 0.0, ""technology"": 0.0, ""communication_services"": 0.0, ""financial_services"": 0.0015, ""utilities"": 0.0456, ""industrials"": 0.0, ""energy"": 0.9529, ""healthcare"": 0.0}"
FBZ,2025-07-14,First Trust Brazil AlphaDEX Fund,Unknown,Unknown,Unknown,Unknown,0.0,,,,9.19,,,,,,,,,,,,,,,,,,,,,,,,,,0.0373,0.0,0.0,0.0,11.52,,,,Unknown,,,12.2,8.9,11.5,10.49,,,"{""realestate"": 0.0075, ""consumer_cyclical"": 0.0709, ""basic_materials"": 0.1112, ""consumer_defensive"": 0.1175, ""technology"": 0.068, ""communication_services"": 0.0543, ""financial_services"": 0.10560001, ""utilities"": 0.22709998, ""industrials"": 0.1095, ""energy"": 0.080699995, ""healthcare"": 0.0477}"
FCA,2025-07-14,First Trust China AlphaDEX Fund,Unknown,Unknown,Unknown,Unknown,0.0,,,,8.38,,,,,,,,,,,,,,,,,,,,,,,,,,0.0428,0.0,0.0,0.0,24.32,,,,Unknown,,,24.61,17.17,22.83,21.04,,,"{""realestate"": 0.044899996, ""consumer_cyclical"": 0.1362, ""basic_materials"": 0.0497, ""consumer_defensive"": 0.0, ""technology"": 0.0963, ""communication_services"": 0.060700003, ""financial_services"": 0.15020001, ""utilities"": 0.0552, ""industrials"": 0.2775, ""energy"": 0.103599995, ""healthcare"": 0.0256}"
FCAL,2025-07-14,First Trust California Municipal High Income ETF,Unknown,Unknown,Unknown,Unknown,0.0,,,,,,,,,,,,,,,,,,,,,,,,,,,,,,0.0319,0.0,0.0,0.0,47.85,,,,Unknown,,,50.54,46.44,47.99,49.06,,,{}
FCEF,2025-07-14,First Trust Income Opportunity ETF,Unknown,Unknown,Unknown,Unknown,0.0,,,,20.03,,,,,,,,,,,,,,,,,,,,,,,,,,0.0714,0.0,0.0,0.0,22.42,,,,Unknown,,,22.67,18.85,21.89,21.84,,,"{""realestate"": 0.060300004, ""consumer_cyclical"": 0.042600002, ""basic_materials"": 0.0309, ""consumer_defensive"": 0.025, ""technology"": 0.1251, ""communication_services"": 0.0529, ""financial_services"": 0.089099996, ""utilities"": 0.142, ""industrials"": 0.107, ""energy"": 0.152, ""healthcare"": 0.1731}"
FCOM,2025-07-14,Fidelity MSCI Communication Services Index ETF,Unknown,Unknown,Unknown,Unknown,0.0,,,,20.99,,,,,,,,,,,,,,,,,,,,,,,,,,0.009,0.0,0.0,0.0,63.98,,,,Unknown,,,65.12,48.17,61.08,58.84,,,"{""realestate"": 0.0, ""consumer_cyclical"": 0.0045, ""basic_materials"": 0.0, ""consumer_defensive"": 0.0, ""technology"": 0.0067000003, ""communication_services"": 0.9886, ""financial_services"": 0.0, ""utilities"": 0.0, ""industrials"": 0.00029999999, ""energy"": 0.0, ""healthcare"": 0.0}"
FCOR,2025-07-14,Fidelity Corporate Bond ETF,Unknown,Unknown,Unknown,Unknown,0.0,,,,,,,,,,,,,,,,,,,,,,,,,,,,,,0.0449,0.0,0.0,0.0,46.93,,,,Unknown,,,49.09,45.0,46.7,46.87,,,{}
FDD,2025-07-14,First Trust STOXX European Select Dividend Index Fund,Unknown,Unknown,Unknown,Unknown,0.0,,,,9.43,,,,,,,,,,,,,,,,,,,,,,,,,,0.0586,0.0,0.0,0.0,15.65,,,,Unknown,,,15.75,10.99,15.18,13.04,,,"{""realestate"": 0.0, ""consumer_cyclical"": 0.1469, ""basic_materials"": 0.084, ""consumer_defensive"": 0.0, ""technology"": 0.0, ""communication_services"": 0.0573, ""financial_services"": 0.45340002, ""utilities"": 0.0587, ""industrials"": 0.0734, ""energy"": 0.1263, ""healthcare"": 0.0}"
FDEM,2025-07-14,Fidelity Emerging Markets Multifactor ETF,Unknown,Unknown,Unknown,Unknown,0.0,,,,11.9,,,,,,,,,,,,,,,,,,,,,,,,,,0.0397,0.0,0.0,0.0,28.29,,,,Unknown,,,28.47,22.63,27.19,26.18,,,"{""realestate"": 0.0, ""consumer_cyclical"": 0.102299996, ""basic_materials"": 0.0925, ""consumer_defensive"": 0.082200006, ""technology"": 0.18879999, ""communication_services"": 0.1357, ""financial_services"": 0.1991, ""utilities"": 0.0, ""industrials"": 0.0416, ""energy"": 0.0798, ""healthcare"": 0.078099996}"
FDIS,2025-07-14,Fidelity MSCI Consumer Discretionary Index ETF,Unknown,Unknown,Unknown,Unknown,0.0,,,,26.54,,,,,,,,,,,,,,,,,,,,,,,,,,0.0077,0.0,0.0,0.0,95.84,,,,Unknown,,,104.41,73.19,91.91,91.97,,,"{""realestate"": 0.0004, ""consumer_cyclical"": 0.96860003, ""basic_materials"": 0.0, ""consumer_defensive"": 0.0115, ""technology"": 0.0106, ""communication_services"": 0.00029999999, ""financial_services"": 0.0002, ""utilities"": 0.0, ""industrials"": 0.0078, ""energy"": 0.0, ""healthcare"": 0.0007}"
FDL,2025-07-14,First Trust Morningstar Dividend Leaders Index Fund,Unknown,Unknown,Unknown,Unknown,0.0,,,,15.65,,,,,,,,,,,,,,,,,,,,,,,,,,0.0411,0.0,0.0,0.0,43.24,,,,Unknown,,,44.35,37.29,41.99,41.89,,,"{""realestate"": 0.0, ""consumer_cyclical"": 0.0507, ""basic_materials"": 0.0223, ""consumer_defensive"": 0.1608, ""technology"": 0.0463, ""communication_services"": 0.090500005, ""financial_services"": 0.16209999, ""utilities"": 0.1301, ""industrials"": 0.0374, ""energy"": 0.1108, ""healthcare"": 0.1889}"
FDM,2025-07-14,First Trust Dow Jones Select MicroCap Index Fund,Unknown,Unknown,Unknown,Unknown,0.0,,,,14.51,,,,,,,,,,,,,,,,,,,,,,,,,,0.0191,0.0,0.0,0.0,72.09,,,,Unknown,,,74.39,54.21,68.1,66.89,,,"{""realestate"": 0.0148, ""consumer_cyclical"": 0.1339, ""basic_materials"": 0.0373, ""consumer_defensive"": 0.089099996, ""technology"": 0.0987, ""communication_services"": 0.0028, ""financial_services"": 0.2873, ""utilities"": 0.0241, ""industrials"": 0.1701, ""energy"": 0.1145, ""healthcare"": 0.0274}"
FDMO,2025-07-14,Fidelity Momentum Factor ETF,Unknown,Unknown,Unknown,Unknown,0.0,,,,28.92,,,,,,,,,,,,,,,,,,,,,,,,,,0.0087,0.0,0.0,0.0,75.73,,,,Unknown,,,76.26,55.41,72.31,69.59,,,"{""realestate"": 0.0225, ""consumer_cyclical"": 0.107700005, ""basic_materials"": 0.0195, ""consumer_defensive"": 0.0602, ""technology"": 0.3419, ""communication_services"": 0.0932, ""financial_services"": 0.1337, ""utilities"": 0.0249, ""industrials"": 0.0699, ""energy"": 0.0297, ""healthcare"": 0.096599996}"
FDVV,2025-07-14,Fidelity High Dividend ETF,Unknown,Unknown,Unknown,Unknown,0.0,,,,17.38,,,,,,,,,,,,,,,,,,,,,,,,,,0.0302,0.0,0.0,0.0,53.2,,,,Unknown,,,53.42,42.81,50.77,50.45,,,"{""realestate"": 0.1204, ""consumer_cyclical"": 0.0422, ""basic_materials"": 0.0, ""consumer_defensive"": 0.1355, ""technology"": 0.23979999, ""communication_services"": 0.0248, ""financial_services"": 0.192, ""utilities"": 0.0971, ""industrials"": 0.023699999, ""energy"": 0.090100005, ""healthcare"": 0.0345}"
FEMS,2025-07-14,First Trust Emerging Markets Small Cap AlphaDEX Fund,Unknown,Unknown,Unknown,Unknown,0.0,,,,7.82,,,,,,,,,,,,,,,,,,,,,,,,,,0.0363,0.0,0.0,0.0,40.99,,,,Unknown,,,42.21,32.31,39.52,38.5,,,"{""realestate"": 0.1304, ""consumer_cyclical"": 0.13859999, ""basic_materials"": 0.1216, ""consumer_defensive"": 0.0825, ""technology"": 0.0671, ""communication_services"": 0.0514, ""financial_services"": 0.085200004, ""utilities"": 0.084, ""industrials"": 0.1027, ""energy"": 0.0828, ""healthcare"": 0.053600002}"
FENY,2025-07-14,Fidelity MSCI Energy Index ETF,Unknown,Unknown,Unknown,Unknown,0.0,,,,15.86,,,,,,,,,,,,,,,,,,,,,,,,,,0.033,0.0,0.0,0.0,24.61,,,,Unknown,,,27.03,20.31,23.31,24.27,,,"{""realestate"": 0.0, ""consumer_cyclical"": 0.0, ""basic_materials"": 0.001, ""consumer_defensive"": 0.0, ""technology"": 0.0, ""communication_services"": 0.0, ""financial_services"": 0.0, ""utilities"": 0.0001, ""industrials"": 0.0004, ""energy"": 0.9985, ""healthcare"": 0.0}"
FEZ,2025-07-14,SPDR EURO STOXX 50 ETF,Unknown,Unknown,Unknown,Unknown,3643912192.0,,,60651000.0,17.41,,,1.35,,,,,,,,,,,,,,,,,,,,44.57,,,0.0247,0.0,0.0,0.0,60.08,,,,Unknown,,,61.24,47.11,59.08,53.69,,,"{""realestate"": 0.0, ""consumer_cyclical"": 0.125, ""basic_materials"": 0.039, ""consumer_defensive"": 0.0691, ""technology"": 0.1762, ""communication_services"": 0.048899997, ""financial_services"": 0.22, ""utilities"": 0.0428, ""industrials"": 0.1847, ""energy"": 0.039100002, ""healthcare"": 0.0552}"
FFIU,2025-07-14,Fieldstone UVA Unconstrained Medium-Term Fixed Income ETF,Unknown,Unknown,Unknown,Unknown,0.0,,,,,,,,,,,,,,,,,,,,,,,,,,,,,,0.0395,0.0,0.0,0.0,21.7,,,,Unknown,,,23.04,20.46,21.71,21.82,,,"{""realestate"": 0.0, ""consumer_cyclical"": 0.0, ""basic_materials"": 0.0, ""consumer_defensive"": 0.0, ""technology"": 0.0, ""communication_services"": 0.0, ""financial_services"": 1.0, ""utilities"": 0.0, ""industrials"": 0.0, ""energy"": 0.0, ""healthcare"": 0.0}"
FFSG,2025-06-16,FormulaFolios Smart Growth ETF,Unknown,Unknown,Unknown,Unknown,0.0,,,,14.76,,,,,,,,,,,,,,,,,,,,,,,,,,0.0147,0.0,0.0,0.0,28.42,,,,Unknown,,,33.47,27.95,31.5,31.75,,,"{""realestate"": 0.0442, ""consumer_cyclical"": 0.1107, ""basic_materials"": 0.0395, ""consumer_defensive"": 0.083900005, ""technology"": 0.1832, ""communication_services"": 0.0493, ""financial_services"": 0.1362, ""utilities"": 0.0398, ""industrials"": 0.14130001, ""energy"": 0.0544, ""healthcare"": 0.1177}"
FGD,2025-07-14,First Trust Dow Jones Global Select Dividend Index Fund,Unknown,Unknown,Unknown,Unknown,0.0,,,,9.59,,,,,,,,,,,,,,,,,,,,,,,,,,0.0528,0.0,0.0,0.0,28.11,,,,Unknown,,,28.2,21.61,26.69,24.3,,,"{""realestate"": 0.0458, ""consumer_cyclical"": 0.1361, ""basic_materials"": 0.052699998, ""consumer_defensive"": 0.0712, ""technology"": 0.0, ""communication_services"": 0.103, ""financial_services"": 0.3723, ""utilities"": 0.0774, ""industrials"": 0.070199996, ""energy"": 0.0712, ""healthcare"": 0.0}"
FHLC,2025-07-14,Fidelity MSCI Health Care Index ETF,Unknown,Unknown,Unknown,Unknown,0.0,,,,23.97,,,,,,,,,,,,,,,,,,,,,,,,,,0.0159,0.0,0.0,0.0,64.14,,,,Unknown,,,74.48,60.35,63.53,67.32,,,"{""realestate"": 0.0, ""consumer_cyclical"": 0.0, ""basic_materials"": 0.0, ""consumer_defensive"": 0.0018000001, ""technology"": 0.0001, ""communication_services"": 0.0, ""financial_services"": 0.00059999997, ""utilities"": 0.0, ""industrials"": 0.0, ""energy"": 0.0, ""healthcare"": 0.9975}"
FIDU,2025-07-07,Fidelity MSCI Industrials Index ETF,Unknown,Unknown,Unknown,Unknown,0.0,,,,27.2,,,,,,,,,,,,,,,,,,,,,,,,,,0.0137,0.0,0.0,0.0,78.76,,,,Unknown,,,78.92,59.16,73.84,72.3,,,"{""realestate"": 0.0, ""consumer_cyclical"": 0.0091, ""basic_materials"": 0.0028, ""consumer_defensive"": 0.0, ""technology"": 0.097799994, ""communication_services"": 0.0004, ""financial_services"": 0.0034999999, ""utilities"": 0.0001, ""industrials"": 0.886, ""energy"": 0.0002, ""healthcare"": 0.0002}"
FILL,2025-07-14,iShares MSCI Global Energy Producers ETF,Unknown,Unknown,Unknown,Unknown,59681284.0,,,2400000.0,13.83,,,,,,,,,,,,,,,,,,,,,,,,,,0.0435,0.0,0.0,0.0,24.87,,,,Unknown,,,26.54,20.07,23.47,23.88,,,"{""realestate"": 0.0, ""consumer_cyclical"": 0.0, ""basic_materials"": 0.0013, ""consumer_defensive"": 0.0, ""technology"": 0.0, ""communication_services"": 0.0, ""financial_services"": 0.0, ""utilities"": 0.0, ""industrials"": 0.0, ""energy"": 0.9987, ""healthcare"": 0.0}"
FIW,2025-07-14,First Trust Water ETF,Unknown,Unknown,Unknown,Unknown,0.0,,,,24.88,,,,,,,,,,,,,,,,,,,,,,,,,,0.0071,0.0,0.0,0.0,109.85,,,,Unknown,,,111.67,89.31,106.4,105.01,,,"{""realestate"": 0.0, ""consumer_cyclical"": 0.0, ""basic_materials"": 0.0543, ""consumer_defensive"": 0.0336, ""technology"": 0.08189999, ""communication_services"": 0.0, ""financial_services"": 0.0, ""utilities"": 0.1522, ""industrials"": 0.55939996, ""energy"": 0.0, ""healthcare"": 0.1185}"
FLDR,2025-05-02,Fidelity Low Duration Bond Factor ETF,Unknown,Unknown,Unknown,Unknown,0.0,,,,,,,,,,,,,,,,,,,,,,,,,,,,,,0.0527,0.0,0.0,0.0,49.95,,,,Unknown,,,52.0,49.73,50.09,50.13,,,{}
FLEU,2025-07-14,Franklin FTSE Eurozone ETF,Unknown,Unknown,Unknown,Unknown,0.0,,,,17.11,,,,,,,,,,,,,,,,,,,,,,,,,,0.0253,0.0,0.0,0.0,31.06,,,,Unknown,,,31.52,23.5,30.29,27.07,,,"{""realestate"": 0.0146, ""consumer_cyclical"": 0.0975, ""basic_materials"": 0.048699997, ""consumer_defensive"": 0.060900003, ""technology"": 0.14140001, ""communication_services"": 0.0539, ""financial_services"": 0.2274, ""utilities"": 0.0589, ""industrials"": 0.2017, ""energy"": 0.028800001, ""healthcare"": 0.0659}"
FLHK,2025-07-07,Franklin FTSE Hong Kong ETF,Unknown,Unknown,Unknown,Unknown,0.0,,,,13.91,,,,,,,,,,,,,,,,,,,,,,,,,,0.04,0.0,0.0,0.0,19.17,,,,Unknown,,,21.02,15.4,18.9,18.14,,,"{""realestate"": 0.17040001, ""consumer_cyclical"": 0.0871, ""basic_materials"": 0.0070999996, ""consumer_defensive"": 0.027999999, ""technology"": 0.0381, ""communication_services"": 0.0066000004, ""financial_services"": 0.42299998, ""utilities"": 0.0884, ""industrials"": 0.1467, ""energy"": 0.0011, ""healthcare"": 0.0034}"
FLHY,2025-07-14,Franklin High Yield Corporate ETF,Unknown,Unknown,Unknown,Unknown,0.0,,,,,,,,,,,,,,,,,,,,,,,,,,,,,,0.0657,0.0,0.0,0.0,24.13,,,,Unknown,,,24.53,22.64,23.98,23.99,,,"{""realestate"": 0.0, ""consumer_cyclical"": 0.0, ""basic_materials"": 0.0, ""consumer_defensive"": 0.0, ""technology"": 0.0, ""communication_services"": 0.0, ""financial_services"": 0.0, ""utilities"": 0.0, ""industrials"": 0.0, ""energy"": 0.0, ""healthcare"": 1.0}"
FLIN,2025-07-14,Franklin FTSE India ETF,Unknown,Unknown,Unknown,Unknown,0.0,,,,24.92,,,,,,,,,,,,,,,,,,,,,,,,,,0.0154,0.0,0.0,0.0,39.28,,,,Unknown,,,42.49,33.86,39.01,38.16,,,"{""realestate"": 0.0149, ""consumer_cyclical"": 0.1042, ""basic_materials"": 0.0853, ""consumer_defensive"": 0.0608, ""technology"": 0.107200004, ""communication_services"": 0.045300003, ""financial_services"": 0.28149998, ""utilities"": 0.0432, ""industrials"": 0.1014, ""energy"": 0.094799995, ""healthcare"": 0.0616}"
FLJH,2025-07-14,Franklin FTSE Japan Hedged ETF,Unknown,Unknown,Unknown,Unknown,0.0,,,,14.74,,,,,,,,,,,,,,,,,,,,,,,,,,0.0491,0.0,0.0,0.0,31.99,,,,Unknown,,,33.04,25.0,31.8,31.13,,,"{""realestate"": 0.0381, ""consumer_cyclical"": 0.1546, ""basic_materials"": 0.042, ""consumer_defensive"": 0.052699998, ""technology"": 0.1479, ""communication_services"": 0.086, ""financial_services"": 0.14930001, ""utilities"": 0.0121, ""industrials"": 0.24, ""energy"": 0.0069, ""healthcare"": 0.0705}"
FLJP,2025-07-07,Franklin FTSE Japan ETF,Unknown,Unknown,Unknown,Unknown,0.0,,,,14.96,,,,,,,,,,,,,,,,,,,,,,,,,,0.0409,0.0,0.0,0.0,32.03,,,,Unknown,,,32.38,25.74,31.26,29.77,,,"{""realestate"": 0.0383, ""consumer_cyclical"": 0.1543, ""basic_materials"": 0.0422, ""consumer_defensive"": 0.052699998, ""technology"": 0.14770001, ""communication_services"": 0.086, ""financial_services"": 0.14899999, ""utilities"": 0.0121, ""industrials"": 0.2402, ""energy"": 0.0069, ""healthcare"": 0.0706}"
FLLA,2025-07-07,Franklin FTSE Latin America ETF,Unknown,Unknown,Unknown,Unknown,0.0,,,,10.64,,,,,,,,,,,,,,,,,,,,,,,,,,0.0567,0.0,0.0,0.0,22.12,,,,Unknown,,,22.19,16.8,21.3,19.63,,,"{""realestate"": 0.0298, ""consumer_cyclical"": 0.0322, ""basic_materials"": 0.1523, ""consumer_defensive"": 0.1456, ""technology"": 0.0061000003, ""communication_services"": 0.0435, ""financial_services"": 0.246, ""utilities"": 0.0857, ""industrials"": 0.1354, ""energy"": 0.105299994, ""healthcare"": 0.018099999}"
FLMI,2025-07-14,Franklin Dynamic Municipal Bond ETF,Unknown,Unknown,Unknown,Unknown,0.0,,,,,,,,,,,,,,,,,,,,,,,,,,,,,,0.0413,0.0,0.0,0.0,24.15,,,,Unknown,,,25.38,23.04,24.14,24.47,,,{}
FLN,2025-05-02,First Trust Latin America AlphaDEX Fund,Unknown,Unknown,Unknown,Unknown,0.0,,,,9.88,,,,,,,,,,,,,,,,,,,,,,,,,,0.0499,0.0,0.0,0.0,19.1,,,,Unknown,,,20.43,15.03,17.4,17.22,,,"{""realestate"": 0.0623, ""consumer_cyclical"": 0.1083, ""basic_materials"": 0.1291, ""consumer_defensive"": 0.1566, ""technology"": 0.0, ""communication_services"": 0.0433, ""financial_services"": 0.1596, ""utilities"": 0.087299995, ""industrials"": 0.1525, ""energy"": 0.0705, ""healthcare"": 0.0306}"
FLOT,2025-07-14,iShares Floating Rate Bond ETF,Unknown,Unknown,Unknown,Unknown,0.0,,,,,,,,,,,,,,,,,,,,,,,,,,,,,,0.0543,0.0,0.0,0.0,50.94,,,,Unknown,,,51.34,49.75,50.87,50.91,,,{}
FLQL,2025-07-14,Franklin U.S. Large Cap Multifactor Index ETF,Unknown,Unknown,Unknown,Unknown,0.0,,,,26.11,,,,,,,,,,,,,,,,,,,,,,,,,,0.0115,0.0,0.0,0.0,63.27,,,,Unknown,,,63.67,48.65,60.6,59.09,,,"{""realestate"": 0.0255, ""consumer_cyclical"": 0.1263, ""basic_materials"": 0.015, ""consumer_defensive"": 0.0721, ""technology"": 0.345, ""communication_services"": 0.106000006, ""financial_services"": 0.107, ""utilities"": 0.0089, ""industrials"": 0.062800005, ""energy"": 0.0095, ""healthcare"": 0.121800005}"
FLQM,2025-07-14,Franklin U.S. Mid Cap Multifactor Index ETF,Unknown,Unknown,Unknown,Unknown,0.0,,,,18.52,,,,,,,,,,,,,,,,,,,,,,,,,,0.0135,0.0,0.0,0.0,54.9,,,,Unknown,,,59.07,46.23,53.88,54.55,,,"{""realestate"": 0.0417, ""consumer_cyclical"": 0.17940001, ""basic_materials"": 0.0185, ""consumer_defensive"": 0.082200006, ""technology"": 0.1532, ""communication_services"": 0.020399999, ""financial_services"": 0.1297, ""utilities"": 0.010199999, ""industrials"": 0.1912, ""energy"": 0.059899997, ""healthcare"": 0.11350001}"
FLRN,2025-07-14,SPDR Bloomberg Investment Grade Floating Rate ETF,Unknown,Unknown,Unknown,Unknown,0.0,,,,,,,,,,,,,,,,,,,,,,,,,,,,,,0.0541,0.0,0.0,0.0,30.77,,,,Unknown,,,30.88,30.01,30.73,30.75,,,{}
FLRT,2025-07-14,Pacer Pacific Asset Floating Rate High Income ETF,Unknown,Unknown,Unknown,Unknown,0.0,,,,11.01,,,,,,,,,,,,,,,,,,,,,,,,,,0.0742,0.0,0.0,0.0,47.53,,,,Unknown,,,48.07,45.06,47.25,47.4,,,"{""realestate"": 0.0, ""consumer_cyclical"": 0.0, ""basic_materials"": 0.0, ""consumer_defensive"": 0.0, ""technology"": 0.0, ""communication_services"": 0.0, ""financial_services"": 0.0, ""utilities"": 1.0, ""industrials"": 0.0, ""energy"": 0.0, ""healthcare"": 0.0}"
FLTR,2025-07-14,VanEck IG Floating Rate ETF,Unknown,Unknown,Unknown,Unknown,0.0,,,,,,,,,,,,,,,,,,,,,,,,,,,,,,0.055,0.0,0.0,0.0,25.46,,,,Unknown,,,25.58,24.59,25.42,25.44,,,{}
FLTW,2025-07-14,Franklin FTSE Taiwan ETF,Unknown,Unknown,Unknown,Unknown,0.0,,,,17.21,,,,,,,,,,,,,,,,,,,,,,,,,,0.0184,0.0,0.0,0.0,53.01,,,,Unknown,,,54.28,35.82,49.79,47.69,,,"{""realestate"": 0.0, ""consumer_cyclical"": 0.0307, ""basic_materials"": 0.0342, ""consumer_defensive"": 0.0172, ""technology"": 0.64449996, ""communication_services"": 0.0327, ""financial_services"": 0.184, ""utilities"": 0.0, ""industrials"": 0.05, ""energy"": 0.0017, ""healthcare"": 0.005}"
FMAT,2025-07-14,Fidelity MSCI Materials Index ETF,Unknown,Unknown,Unknown,Unknown,0.0,,,,26.97,,,,,,,,,,,,,,,,,,,,,,,,,,0.0168,0.0,0.0,0.0,51.82,,,,Unknown,,,55.28,41.39,49.43,50.35,,,"{""realestate"": 0.0, ""consumer_cyclical"": 0.1175, ""basic_materials"": 0.85940003, ""consumer_defensive"": 0.0, ""technology"": 0.0, ""communication_services"": 0.0, ""financial_services"": 0.0, ""utilities"": 0.0, ""industrials"": 0.0147, ""energy"": 0.0, ""healthcare"": 0.0083}"
FMB,2025-07-14,First Trust Managed Municipal ETF,Unknown,Unknown,Unknown,Unknown,0.0,,,,,,,,,,,,,,,,,,,,,,,,,,,,,,0.0336,0.0,0.0,0.0,49.76,,,,Unknown,,,52.13,48.1,49.76,50.73,,,{}
FMHI,2025-07-14,First Trust Municipal High Income ETF,Unknown,Unknown,Unknown,Unknown,0.0,,,,,,,,,,,,,,,,,,,,,,,,,,,,,,0.0419,0.0,0.0,0.0,46.54,,,,Unknown,,,49.51,44.8,46.7,47.96,,,{}
FNCL,2025-07-14,Fidelity MSCI Financials Index ETF,Unknown,Unknown,Unknown,Unknown,0.0,,,,18.38,,,,,,,,,,,,,,,,,,,,,,,,,,0.0151,0.0,0.0,0.0,74.03,,,,Unknown,,,75.51,57.16,71.74,69.65,,,"{""realestate"": 0.0062, ""consumer_cyclical"": 0.0001, ""basic_materials"": 0.0, ""consumer_defensive"": 0.0, ""technology"": 0.033099998, ""communication_services"": 0.0001, ""financial_services"": 0.9575, ""utilities"": 0.0, ""industrials"": 0.0027, ""energy"": 0.0, ""healthcare"": 0.00029999999}"
FNDA,2025-07-14,Schwab Fundamental U.S. Small Company ETF,Unknown,Unknown,Unknown,Unknown,0.0,,,,19.16,,,,,,,,,,,,,,,,,,,,,,,,,,0.0155,0.0,0.0,0.0,29.65,,,,Unknown,,,58.54,23.49,28.11,29.03,,,"{""realestate"": 0.100600004, ""consumer_cyclical"": 0.1398, ""basic_materials"": 0.0438, ""consumer_defensive"": 0.0555, ""technology"": 0.1178, ""communication_services"": 0.036199998, ""financial_services"": 0.15890001, ""utilities"": 0.0359, ""industrials"": 0.19559999, ""energy"": 0.0421, ""healthcare"": 0.073699996}"
FNDB,2025-07-14,Schwab Fundamental U.S. Broad Market ETF,Unknown,Unknown,Unknown,Unknown,0.0,,,,19.67,,,,,,,,,,,,,,,,,,,,,,,,,,0.0178,0.0,0.0,0.0,24.37,,,,Unknown,,,68.96,19.95,23.39,23.45,,,"{""realestate"": 0.0248, ""consumer_cyclical"": 0.0992, ""basic_materials"": 0.0317, ""consumer_defensive"": 0.084, ""technology"": 0.16600001, ""communication_services"": 0.09810001, ""financial_services"": 0.1757, ""utilities"": 0.0369, ""industrials"": 0.0986, ""energy"": 0.0721, ""healthcare"": 0.11310001}"
FNDE,2025-07-14,Schwab Fundamental Emerging Markets Equity ETF,Unknown,Unknown,Unknown,Unknown,0.0,,,,10.34,,,,,,,,,,,,,,,,,,,,,,,,,,0.0444,0.0,0.0,0.0,33.29,,,,Unknown,,,33.99,26.43,32.16,30.96,,,"{""realestate"": 0.023599999, ""consumer_cyclical"": 0.1039, ""basic_materials"": 0.1091, ""consumer_defensive"": 0.0354, ""technology"": 0.1543, ""communication_services"": 0.0858, ""financial_services"": 0.2851, ""utilities"": 0.024600001, ""industrials"": 0.0547, ""energy"": 0.1172, ""healthcare"": 0.0061000003}"
FNDF,2025-07-14,Schwab Fundamental International Equity ETF,Unknown,Unknown,Unknown,Unknown,0.0,,,,13.46,,,,,,,,,,,,,,,,,,,,,,,,,,0.0341,0.0,0.0,0.0,40.31,,,,Unknown,,,40.6,31.92,39.05,36.32,,,"{""realestate"": 0.011, ""consumer_cyclical"": 0.1142, ""basic_materials"": 0.096499994, ""consumer_defensive"": 0.0825, ""technology"": 0.0722, ""communication_services"": 0.0621, ""financial_services"": 0.19459999, ""utilities"": 0.0421, ""industrials"": 0.1717, ""energy"": 0.0874, ""healthcare"": 0.0656}"
FNDX,2025-07-14,Schwab Fundamental U.S. Large Company ETF,Unknown,Unknown,Unknown,Unknown,0.0,,,,19.67,,,,,,,,,,,,,,,,,,,,,,,,,,0.0181,0.0,0.0,0.0,24.91,,,,Unknown,,,70.22,20.41,23.94,23.93,,,"{""realestate"": 0.0194, ""consumer_cyclical"": 0.0964, ""basic_materials"": 0.0308, ""consumer_defensive"": 0.0861, ""technology"": 0.169, ""communication_services"": 0.102299996, ""financial_services"": 0.177, ""utilities"": 0.037, ""industrials"": 0.091800004, ""energy"": 0.074200004, ""healthcare"": 0.1159}"
FNX,2025-05-02,First Trust Mid Cap Core AlphaDEX Fund,Unknown,Unknown,Unknown,Unknown,0.0,,,,14.66,,,,,,,,,,,,,,,,,,,,,,,,,,0.0142,0.0,0.0,0.0,107.38,,,,Unknown,,,127.98,93.19,107.03,114.76,,,"{""realestate"": 0.03, ""consumer_cyclical"": 0.1627, ""basic_materials"": 0.0468, ""consumer_defensive"": 0.0481, ""technology"": 0.1359, ""communication_services"": 0.0154, ""financial_services"": 0.18620001, ""utilities"": 0.0437, ""industrials"": 0.16059999, ""energy"": 0.0723, ""healthcare"": 0.0983}"
FNY,2025-07-14,First Trust Mid Cap Growth AlphaDEX Fund,Unknown,Unknown,Unknown,Unknown,0.0,,,,23.87,,,,,,,,,,,,,,,,,,,,,,,,,,0.0056,0.0,0.0,0.0,82.48,,,,Unknown,,,88.74,64.52,79.9,80.15,,,"{""realestate"": 0.0712, ""consumer_cyclical"": 0.111, ""basic_materials"": 0.0148, ""consumer_defensive"": 0.067600004, ""technology"": 0.175, ""communication_services"": 0.0278, ""financial_services"": 0.1584, ""utilities"": 0.0115, ""industrials"": 0.1839, ""energy"": 0.040900003, ""healthcare"": 0.1379}"
FOVL,2025-07-14,iShares Focused Value Factor ETF,Unknown,Unknown,Unknown,Unknown,0.0,,,,13.24,,,,,,,,,,,,,,,,,,,,,,,,,,0.0251,0.0,0.0,0.0,72.97,,,,Unknown,,,76.26,59.89,70.61,70.47,,,"{""realestate"": 0.0, ""consumer_cyclical"": 0.012200001, ""basic_materials"": 0.0, ""consumer_defensive"": 0.041300002, ""technology"": 0.073, ""communication_services"": 0.0461, ""financial_services"": 0.5417, ""utilities"": 0.2011, ""industrials"": 0.028800001, ""energy"": 0.0, ""healthcare"": 0.0558}"
FPA,2025-07-14,First Trust Asia Pacific Ex-Japan AlphaDEX Fund,Unknown,Unknown,Unknown,Unknown,0.0,,,,10.27,,,,,,,,,,,,,,,,,,,,,,,,,,0.0315,0.0,0.0,0.0,36.0,,,,Unknown,,,38.66,24.19,33.22,30.15,,,"{""realestate"": 0.032, ""consumer_cyclical"": 0.078200005, ""basic_materials"": 0.088599995, ""consumer_defensive"": 0.064, ""technology"": 0.0638, ""communication_services"": 0.0286, ""financial_services"": 0.1683, ""utilities"": 0.0551, ""industrials"": 0.3099, ""energy"": 0.060700003, ""healthcare"": 0.051}"
FPE,2025-07-14,First Trust Preferred Securities and Income ETF,Unknown,Unknown,Unknown,Unknown,0.0,,,,,,,,,,,,,,,,,,,,,,,,,,,,,,0.0579,0.0,0.0,0.0,17.88,,,,Unknown,,,18.23,16.77,17.61,17.74,,,"{""realestate"": 0.8107, ""consumer_cyclical"": 0.0, ""basic_materials"": 0.0, ""consumer_defensive"": 0.0, ""technology"": 0.0, ""communication_services"": 0.0, ""financial_services"": 0.1893, ""utilities"": 0.0, ""industrials"": 0.0, ""energy"": 0.0, ""healthcare"": 0.0}"
FPEI,2025-07-14,First Trust Institutional Preferred Securities and Income ETF,Unknown,Unknown,Unknown,Unknown,0.0,,,,,,,,,,,,,,,,,,,,,,,,,,,,,,0.0557,0.0,0.0,0.0,19.02,,,,Unknown,,,19.12,17.8,18.77,18.75,,,{}
FPX,2025-07-14,First Trust US Equity Opportunities ETF,Unknown,Unknown,Unknown,Unknown,0.0,,,,31.17,,,,,,,,,,,,,,,,,,,,,,,,,,0.0008,0.0,0.0,0.0,142.84,,,,Unknown,,,145.1,88.74,136.43,124.03,,,"{""realestate"": 0.0392, ""consumer_cyclical"": 0.0276, ""basic_materials"": 0.0021, ""consumer_defensive"": 0.041100003, ""technology"": 0.3734, ""communication_services"": 0.114300005, ""financial_services"": 0.1019, ""utilities"": 0.0533, ""industrials"": 0.1546, ""energy"": 0.0241, ""healthcare"": 0.0683}"
FREL,2025-05-02,Fidelity MSCI Real Estate Index ETF,Unknown,Unknown,Unknown,Unknown,0.0,,,,33.6,,,,,,,,,,,,,,,,,,,,,,,,,,0.0345,0.0,0.0,0.0,27.23,,,,Unknown,,,30.07,23.35,27.0,27.91,,,"{""realestate"": 0.99160004, ""consumer_cyclical"": 0.0, ""basic_materials"": 0.0, ""consumer_defensive"": 0.0, ""technology"": 0.0, ""communication_services"": 0.0076, ""financial_services"": 0.0, ""utilities"": 0.0, ""industrials"": 0.0, ""energy"": 0.0008, ""healthcare"": 0.0}"
FRI,2025-07-14,First Trust S&P REIT Index Fund,Unknown,Unknown,Unknown,Unknown,0.0,,,,31.61,,,,,,,,,,,,,,,,,,,,,,,,,,0.034,0.0,0.0,0.0,27.18,,,,Unknown,,,30.4,23.15,27.21,27.85,,,"{""realestate"": 1.0, ""consumer_cyclical"": 0.0, ""basic_materials"": 0.0, ""consumer_defensive"": 0.0, ""technology"": 0.0, ""communication_services"": 0.0, ""financial_services"": 0.0, ""utilities"": 0.0, ""industrials"": 0.0, ""energy"": 0.0, ""healthcare"": 0.0}"
FSCS,2025-07-14,First Trust SMID Capital Strength ETF,Unknown,Unknown,Unknown,Unknown,0.0,,,,16.28,,,,,,,,,,,,,,,,,,,,,,,,,,0.0105,0.0,0.0,0.0,36.28,,,,Unknown,,,38.61,30.22,35.65,35.57,,,"{""realestate"": 0.0087, ""consumer_cyclical"": 0.097799994, ""basic_materials"": 0.048699997, ""consumer_defensive"": 0.0885, ""technology"": 0.091800004, ""communication_services"": 0.021300001, ""financial_services"": 0.2981, ""utilities"": 0.0, ""industrials"": 0.2334, ""energy"": 0.0095999995, ""healthcare"": 0.102}"
FSMB,2025-07-07,First Trust Short Duration Managed Municipal ETF,Unknown,Unknown,Unknown,Unknown,0.0,,,,,,,,,,,,,,,,,,,,,,,,,,,,,,0.0303,0.0,0.0,0.0,19.93,,,,Unknown,,,20.11,19.47,19.82,19.89,,,{}
FSMD,2025-07-14,Fidelity Small-Mid Multifactor ETF,Unknown,Unknown,Unknown,Unknown,0.0,,,,17.25,,,,,,,,,,,,,,,,,,,,,,,,,,0.0137,0.0,0.0,0.0,42.03,,,,Unknown,,,45.16,33.95,40.73,41.06,,,"{""realestate"": 0.0642, ""consumer_cyclical"": 0.1348, ""basic_materials"": 0.0382, ""consumer_defensive"": 0.0517, ""technology"": 0.1314, ""communication_services"": 0.0304, ""financial_services"": 0.1838, ""utilities"": 0.025799999, ""industrials"": 0.1834, ""energy"": 0.045300003, ""healthcare"": 0.111}"
FSTA,2025-07-14,Fidelity MSCI Consumer Staples Index ETF,Unknown,Unknown,Unknown,Unknown,0.0,,,,24.49,,,,,,,,,,,,,,,,,,,,,,,,,,0.0211,0.0,0.0,0.0,51.01,,,,Unknown,,,52.96,47.45,51.45,50.81,,,"{""realestate"": 0.0, ""consumer_cyclical"": 0.0113, ""basic_materials"": 0.0023, ""consumer_defensive"": 0.9802, ""technology"": 0.0, ""communication_services"": 0.0, ""financial_services"": 0.0, ""utilities"": 0.0, ""industrials"": 0.0023999999, ""energy"": 0.0, ""healthcare"": 0.0038}"
FTDS,2025-06-02,First Trust Dividend Strength ETF,Unknown,Unknown,Unknown,Unknown,0.0,,,,14.61,,,1.01,,,,,,,,,,,,,,,,,,,,50.45,,,0.0215,0.0,0.0,0.0,50.91,,,,Unknown,,,55.33,44.26,49.77,51.49,,,"{""realestate"": 0.0, ""consumer_cyclical"": 0.1187, ""basic_materials"": 0.0998, ""consumer_defensive"": 0.0199, ""technology"": 0.084300004, ""communication_services"": 0.0, ""financial_services"": 0.3026, ""utilities"": 0.0, ""industrials"": 0.2189, ""energy"": 0.0943, ""healthcare"": 0.0615}"
FTEC,2025-07-14,Fidelity MSCI Information Technology Index ETF,Unknown,Unknown,Unknown,Unknown,0.0,,,,38.12,,,,,,,,,,,,,,,,,,,,,,,,,,0.005,0.0,0.0,0.0,199.41,,,,Unknown,,,201.87,134.11,184.78,179.07,,,"{""realestate"": 0.0, ""consumer_cyclical"": 0.0, ""basic_materials"": 0.0, ""consumer_defensive"": 0.0, ""technology"": 0.9878, ""communication_services"": 0.0056, ""financial_services"": 0.0023999999, ""utilities"": 0.0, ""industrials"": 0.0042, ""energy"": 0.0, ""healthcare"": 0.0001}"
FTGC,2025-07-14,First Trust Global Tactical Commodity Strategy Fund,Unknown,Unknown,Unknown,Unknown,0.0,,,,,,,,,,,,,,,,,,,,,,,,,,,,,,0.0296,0.0,0.0,0.0,25.44,,,,Unknown,,,26.02,22.22,24.75,24.44,,,{}
FTLS,2025-07-14,First Trust Long/Short Equity ETF,Unknown,Unknown,Unknown,Unknown,0.0,,,,22.0,,,,,,,,,,,,,,,,,,,,,,,,,,0.0155,0.0,0.0,0.0,65.81,,,,Unknown,,,69.94,58.9,65.27,65.2,,,"{""realestate"": 0.0253, ""consumer_cyclical"": 0.2083, ""basic_materials"": 0.0172, ""consumer_defensive"": 0.0586, ""technology"": 0.2682, ""communication_services"": 0.0862, ""financial_services"": 0.1089, ""utilities"": 0.0, ""industrials"": 0.060500003, ""energy"": 0.048, ""healthcare"": 0.1188}"
FTSD,2025-07-14,Franklin Short Duration U.S. Government ETF,Unknown,Unknown,Unknown,Unknown,0.0,,,,,,,,,,,,,,,,,,,,,,,,,,,,,,0.0473,0.0,0.0,0.0,90.5,,,,Unknown,,,93.47,89.41,90.53,90.55,,,{}
FTXL,2025-07-14,First Trust Nasdaq Semiconductor ETF,Unknown,Unknown,Unknown,Unknown,0.0,,,,28.1,,,,,,,,,,,,,,,,,,,,,,,,,,0.0052,0.0,0.0,0.0,99.4,,,,Unknown,,,106.78,59.72,87.82,86.52,,,"{""realestate"": 0.0, ""consumer_cyclical"": 0.0, ""basic_materials"": 0.0, ""consumer_defensive"": 0.0, ""technology"": 0.9949, ""communication_services"": 0.0, ""financial_services"": 0.0, ""utilities"": 0.0, ""industrials"": 0.0050999997, ""energy"": 0.0, ""healthcare"": 0.0}"
FTXN,2025-07-14,First Trust Nasdaq Oil & Gas ETF,Unknown,Unknown,Unknown,Unknown,0.0,,,,12.22,,,,,,,,,,,,,,,,,,,,,,,,,,0.0289,0.0,0.0,0.0,28.56,,,,Unknown,,,32.5,23.43,27.21,28.86,,,"{""realestate"": 0.0, ""consumer_cyclical"": 0.0, ""basic_materials"": 0.0, ""consumer_defensive"": 0.0, ""technology"": 0.0, ""communication_services"": 0.0, ""financial_services"": 0.0, ""utilities"": 0.0, ""industrials"": 0.0, ""energy"": 1.0, ""healthcare"": 0.0}"
FUTY,2025-07-14,Fidelity MSCI Utilities Index ETF,Unknown,Unknown,Unknown,Unknown,0.0,,,,20.99,,,,,,,,,,,,,,,,,,,,,,,,,,0.0272,0.0,0.0,0.0,53.12,,,,Unknown,,,53.65,44.87,52.25,51.03,,,"{""realestate"": 0.0, ""consumer_cyclical"": 0.0, ""basic_materials"": 0.0001, ""consumer_defensive"": 0.0, ""technology"": 0.0, ""communication_services"": 0.0, ""financial_services"": 0.0, ""utilities"": 0.9902, ""industrials"": 0.0045, ""energy"": 0.0052, ""healthcare"": 0.0}"
FV,2025-07-14,First Trust Dorsey Wright Focus 5 ETF,Unknown,Unknown,Unknown,Unknown,0.0,,,,18.95,,,,,,,,,,,,,,,,,,,,,,,,,,0.0024,0.0,0.0,0.0,59.61,,,,Unknown,,,63.09,47.04,57.67,58.35,,,"{""realestate"": 0.0095, ""consumer_cyclical"": 0.098500006, ""basic_materials"": 0.0147, ""consumer_defensive"": 0.0241, ""technology"": 0.1187, ""communication_services"": 0.097200006, ""financial_services"": 0.2138, ""utilities"": 0.19389999, ""industrials"": 0.1861, ""energy"": 0.0058, ""healthcare"": 0.0377}"
FVAL,2025-07-14,Fidelity Value Factor ETF,Unknown,Unknown,Unknown,Unknown,0.0,,,,19.68,,,,,,,,,,,,,,,,,,,,,,,,,,0.0165,0.0,0.0,0.0,64.55,,,,Unknown,,,65.0,51.58,61.9,61.54,,,"{""realestate"": 0.0231, ""consumer_cyclical"": 0.1096, ""basic_materials"": 0.0308, ""consumer_defensive"": 0.0572, ""technology"": 0.3167, ""communication_services"": 0.092700005, ""financial_services"": 0.145, ""utilities"": 0.0221, ""industrials"": 0.071100004, ""energy"": 0.0332, ""healthcare"": 0.0983}"
FXU,2025-07-14,First Trust Utilities AlphaDEX Fund,Unknown,Unknown,Unknown,Unknown,0.0,,,,17.45,,,,,,,,,,,,,,,,,,,,,,,,,,0.0222,0.0,0.0,0.0,42.65,,,,Unknown,,,43.44,33.51,42.21,39.99,,,"{""realestate"": 0.0, ""consumer_cyclical"": 0.0, ""basic_materials"": 0.0, ""consumer_defensive"": 0.0, ""technology"": 0.0, ""communication_services"": 0.0, ""financial_services"": 0.0, ""utilities"": 0.94089997, ""industrials"": 0.0591, ""energy"": 0.0, ""healthcare"": 0.0}"
FYC,2025-07-14,First Trust Small Cap Growth AlphaDEX Fund,Unknown,Unknown,Unknown,Unknown,0.0,,,,20.51,,,,,,,,,,,,,,,,,,,,,,,,,,0.0076,0.0,0.0,0.0,79.35,,,,Unknown,,,85.01,59.29,75.47,75.5,,,"{""realestate"": 0.0719, ""consumer_cyclical"": 0.0622, ""basic_materials"": 0.0274, ""consumer_defensive"": 0.0507, ""technology"": 0.1262, ""communication_services"": 0.0461, ""financial_services"": 0.1831, ""utilities"": 0.015, ""industrials"": 0.17379999, ""energy"": 0.0312, ""healthcare"": 0.2124}"
FYLD,2025-05-02,Cambria Foreign Shareholder Yield ETF,Unknown,Unknown,Unknown,Unknown,0.0,,,,9.55,,,,,,,,,,,,,,,,,,,,,,,,,,0.0435,0.0,0.0,0.0,27.23,,,,Unknown,,,28.3,23.17,26.43,26.39,,,"{""realestate"": 0.010299999, ""consumer_cyclical"": 0.08180001, ""basic_materials"": 0.1387, ""consumer_defensive"": 0.0418, ""technology"": 0.0294, ""communication_services"": 0.0657, ""financial_services"": 0.22459999, ""utilities"": 0.0278, ""industrials"": 0.13229999, ""energy"": 0.2475, ""healthcare"": 0.0}"
FYX,2025-07-14,First Trust Small Cap Core AlphaDEX Fund,Unknown,Unknown,Unknown,Unknown,0.0,,,,14.24,,,,,,,,,,,,,,,,,,,,,,,,,,0.0163,0.0,0.0,0.0,99.68,,,,Unknown,,,111.87,77.66,94.27,97.45,,,"{""realestate"": 0.084, ""consumer_cyclical"": 0.1383, ""basic_materials"": 0.0405, ""consumer_defensive"": 0.061100002, ""technology"": 0.1013, ""communication_services"": 0.0306, ""financial_services"": 0.2001, ""utilities"": 0.0167, ""industrials"": 0.1593, ""energy"": 0.053400002, ""healthcare"": 0.114700004}"
GAA,2025-05-02,Cambria Global Asset Allocation ETF,Unknown,Unknown,Unknown,Unknown,0.0,,,,10.64,,,,,,,,,,,,,,,,,,,,,,,,,,0.0417,0.0,0.0,0.0,28.91,,,,Unknown,,,30.1,26.8,28.81,28.99,,,"{""realestate"": 0.15529999, ""consumer_cyclical"": 0.0923, ""basic_materials"": 0.0832, ""consumer_defensive"": 0.048299998, ""technology"": 0.0802, ""communication_services"": 0.0431, ""financial_services"": 0.2078, ""utilities"": 0.0427, ""industrials"": 0.120900005, ""energy"": 0.0884, ""healthcare"": 0.0378}"
GAL,2025-07-14,SPDR SSgA Global Allocation ETF,Unknown,Unknown,Unknown,Unknown,0.0,,,,18.23,,,,,,,,,,,,,,,,,,,,,,,,,,0.0295,0.0,0.0,0.0,46.95,,,,Unknown,,,47.25,41.0,46.19,45.27,,,"{""realestate"": 0.0871, ""consumer_cyclical"": 0.094, ""basic_materials"": 0.0431, ""consumer_defensive"": 0.0892, ""technology"": 0.165, ""communication_services"": 0.0999, ""financial_services"": 0.1512, ""utilities"": 0.0219, ""industrials"": 0.1084, ""energy"": 0.0317, ""healthcare"": 0.108500004}"
GDX,2025-07-14,VanEck Gold Miners ETF,Unknown,Unknown,Unknown,Unknown,0.0,,,,19.6,,,,,,,,,,,,,,,,,,,,,,,,,,0.008,0.0,0.0,0.0,52.42,,,,Unknown,,,54.7,33.42,50.8,43.1,,,"{""realestate"": 0.0, ""consumer_cyclical"": 0.0, ""basic_materials"": 1.0, ""consumer_defensive"": 0.0, ""technology"": 0.0, ""communication_services"": 0.0, ""financial_services"": 0.0, ""utilities"": 0.0, ""industrials"": 0.0, ""energy"": 0.0, ""healthcare"": 0.0}"
GDXJ,2025-06-02,VanEck Junior Gold Miners ETF,Unknown,Unknown,Unknown,Unknown,0.0,,,,21.64,,,,,,,,,,,,,,,,,,,,,,,,,,0.0182,0.0,0.0,0.0,65.32,,,,Unknown,,,66.8,40.26,59.93,51.36,,,"{""realestate"": 0.0, ""consumer_cyclical"": 0.0, ""basic_materials"": 1.0, ""consumer_defensive"": 0.0, ""technology"": 0.0, ""communication_services"": 0.0, ""financial_services"": 0.0, ""utilities"": 0.0, ""industrials"": 0.0, ""energy"": 0.0, ""healthcare"": 0.0}"
GII,2025-07-14,SPDR S&P Global Infrastructure ETF,Unknown,Unknown,Unknown,Unknown,0.0,,,,19.6,,,,,,,,,,,,,,,,,,,,,,,,,,0.0286,0.0,0.0,0.0,66.81,,,,Unknown,,,67.45,55.25,66.19,62.48,,,"{""realestate"": 0.0, ""consumer_cyclical"": 0.0, ""basic_materials"": 0.0, ""consumer_defensive"": 0.0, ""technology"": 0.0, ""communication_services"": 0.0, ""financial_services"": 0.0, ""utilities"": 0.39900002, ""industrials"": 0.417, ""energy"": 0.1839, ""healthcare"": 0.0}"
GLD,2025-07-14,SPDR Gold Shares,Unknown,Unknown,Unknown,Unknown,80473047040.0,,,260300000.0,,,,1.82,,,,,,,,,,,,,,,,,,,,170.02,,,0.0,0.0,0.0,0.0,309.15,,,,Unknown,,,317.63,217.52,305.97,271.47,,,{}
GLOF,2025-07-14,iShares Global Equity Factor ETF,Unknown,Unknown,Unknown,Unknown,0.0,,,,18.94,,,,,,,,,,,,,,,,,,,,,,,,,,0.0243,0.0,0.0,0.0,48.38,,,,Unknown,,,48.74,37.66,46.49,44.66,,,"{""realestate"": 0.0145000005, ""consumer_cyclical"": 0.1271, ""basic_materials"": 0.0274, ""consumer_defensive"": 0.0791, ""technology"": 0.26139998, ""communication_services"": 0.0733, ""financial_services"": 0.1724, ""utilities"": 0.033099998, ""industrials"": 0.0923, ""energy"": 0.0352, ""healthcare"": 0.0841}"
GOAU,2025-07-14,U.S. Global GO GOLD and Precious Metal Miners ETF,Unknown,Unknown,Unknown,Unknown,0.0,,,,23.91,,,,,,,,,,,,,,,,,,,,,,,,,,0.014,0.0,0.0,0.0,29.78,,,,Unknown,,,31.23,18.4,28.65,23.77,,,"{""realestate"": 0.0, ""consumer_cyclical"": 0.0, ""basic_materials"": 1.0, ""consumer_defensive"": 0.0, ""technology"": 0.0, ""communication_services"": 0.0, ""financial_services"": 0.0, ""utilities"": 0.0, ""industrials"": 0.0, ""energy"": 0.0, ""healthcare"": 0.0}"
GOEX,2025-07-14,Global X Gold Explorers ETF,Unknown,Unknown,Unknown,Unknown,0.0,,,,19.79,,,,,,,,,,,,,,,,,,,,,,,,,,0.0161,0.0,0.0,0.0,46.14,,,,Unknown,,,49.29,26.83,44.57,36.8,,,"{""realestate"": 0.0, ""consumer_cyclical"": 0.0, ""basic_materials"": 1.0, ""consumer_defensive"": 0.0, ""technology"": 0.0, ""communication_services"": 0.0, ""financial_services"": 0.0, ""utilities"": 0.0, ""industrials"": 0.0, ""energy"": 0.0, ""healthcare"": 0.0}"
GOVI,2025-07-14,Invesco Equal Weight 0-30 Years Treasury ETF,Unknown,Unknown,Unknown,Unknown,0.0,,,,,,,,,,,,,,,,,,,,,,,,,,,,,,0.0365,0.0,0.0,0.0,27.03,,,,Unknown,,,29.74,26.4,27.1,27.52,,,{}
GQRE,2025-07-14,FlexShares Global Quality Real Estate Index Fund,Unknown,Unknown,Unknown,Unknown,0.0,,,,19.2,,,,,,,,,,,,,,,,,,,,,,,,,,0.0374,0.0,0.0,0.0,59.61,,,,Unknown,,,63.91,51.25,59.15,58.85,,,"{""realestate"": 0.9927, ""consumer_cyclical"": 0.0026, ""basic_materials"": 0.0001, ""consumer_defensive"": 0.0, ""technology"": 0.0001, ""communication_services"": 0.0, ""financial_services"": 0.0042, ""utilities"": 0.0, ""industrials"": 0.0001, ""energy"": 0.0, ""healthcare"": 0.0001}"
GRID,2025-07-14,First Trust NASDAQ Clean Edge Smart Grid Infrastructure Index Fund,Unknown,Unknown,Unknown,Unknown,0.0,,,,25.47,,,,,,,,,,,,,,,,,,,,,,,,,,0.01,0.0,0.0,0.0,138.26,,,,Unknown,,,140.24,99.78,131.48,123.62,,,"{""realestate"": 0.0, ""consumer_cyclical"": 0.0547, ""basic_materials"": 0.0001, ""consumer_defensive"": 0.0, ""technology"": 0.121300004, ""communication_services"": 0.0, ""financial_services"": 0.0, ""utilities"": 0.20959999, ""industrials"": 0.6142, ""energy"": 0.0, ""healthcare"": 0.0}"
GRPM,2025-07-14,Invesco S&P MidCap 400 GARP ETF,Unknown,Unknown,Unknown,Unknown,0.0,,,,12.18,,,,,,,,,,,,,,,,,,,,,,,,,,0.0115,0.0,0.0,0.0,112.8,,,,Unknown,,,127.48,89.15,107.02,111.2,,,"{""realestate"": 0.0179, ""consumer_cyclical"": 0.2365, ""basic_materials"": 0.038599998, ""consumer_defensive"": 0.0725, ""technology"": 0.0847, ""communication_services"": 0.0, ""financial_services"": 0.114300005, ""utilities"": 0.0, ""industrials"": 0.1393, ""energy"": 0.1752, ""healthcare"": 0.12109999}"
GSIE,2025-07-14,Goldman Sachs ActiveBeta International Equity ETF,Unknown,Unknown,Unknown,Unknown,0.0,,,,15.12,,,,,,,,,,,,,,,,,,,,,,,,,,0.0263,0.0,0.0,0.0,39.55,,,,Unknown,,,39.93,31.73,38.97,36.0,,,"{""realestate"": 0.011, ""consumer_cyclical"": 0.1028, ""basic_materials"": 0.0463, ""consumer_defensive"": 0.086, ""technology"": 0.090500005, ""communication_services"": 0.0502, ""financial_services"": 0.26459998, ""utilities"": 0.0218, ""industrials"": 0.1859, ""energy"": 0.038, ""healthcare"": 0.1029}"
GSY,2025-07-14,Invesco Ultra Short Duration ETF,Unknown,Unknown,Unknown,Unknown,0.0,,,,,,,,,,,,,,,,,,,,,,,,,,,,,,0.0505,0.0,0.0,0.0,50.21,,,,Unknown,,,50.37,49.91,50.13,50.14,,,"{""realestate"": 0.0, ""consumer_cyclical"": 0.0, ""basic_materials"": 0.0, ""consumer_defensive"": 0.0, ""technology"": 0.0, ""communication_services"": 0.0, ""financial_services"": 0.0, ""utilities"": 0.0, ""industrials"": 1.0, ""energy"": 0.0, ""healthcare"": 0.0}"
GVIP,2025-07-14,Goldman Sachs Hedge Industry VIP ETF,Unknown,Unknown,Unknown,Unknown,0.0,,,,25.23,,,,,,,,,,,,,,,,,,,,,,,,,,0.0027,0.0,0.0,0.0,138.08,,,,Unknown,,,138.84,98.77,131.71,125.77,,,"{""realestate"": 0.0, ""consumer_cyclical"": 0.18, ""basic_materials"": 0.0188, ""consumer_defensive"": 0.020299999, ""technology"": 0.2753, ""communication_services"": 0.102, ""financial_services"": 0.1582, ""utilities"": 0.060900003, ""industrials"": 0.0639, ""energy"": 0.0796, ""healthcare"": 0.040999997}"
GXG,2025-06-30,Global X MSCI Colombia ETF,Unknown,Unknown,Unknown,Unknown,0.0,,,,8.97,,,,,,,,,,,,,,,,,,,,,,,,,,0.0489,0.0,0.0,0.0,29.41,,,,Unknown,,,30.42,22.3,28.66,25.71,,,"{""realestate"": 0.0, ""consumer_cyclical"": 0.0, ""basic_materials"": 0.2392, ""consumer_defensive"": 0.0, ""technology"": 0.0, ""communication_services"": 0.044499997, ""financial_services"": 0.2242, ""utilities"": 0.2738, ""industrials"": 0.031, ""energy"": 0.1874, ""healthcare"": 0.0}"
HAP,2025-05-02,VanEck Natural Resources ETF,Unknown,Unknown,Unknown,Unknown,0.0,,,,15.49,,,,,,,,,,,,,,,,,,,,,,,,,,0.0243,0.0,0.0,0.0,48.9,,,,Unknown,,,53.57,42.65,48.35,49.42,,,"{""realestate"": 0.0068, ""consumer_cyclical"": 0.0, ""basic_materials"": 0.3968, ""consumer_defensive"": 0.0682, ""technology"": 0.0068, ""communication_services"": 0.0, ""financial_services"": 0.0, ""utilities"": 0.095699996, ""industrials"": 0.087, ""energy"": 0.3172, ""healthcare"": 0.0214}"
HAWX,2025-07-14,iShares Currency Hedged MSCI ACWI ex U.S. ETF,Unknown,Unknown,Unknown,Unknown,0.0,,,,16.44,,,,,,,,,,,,,,,,,,,,,,,,,,0.0309,0.0,0.0,0.0,35.1,,,,Unknown,,,35.48,29.24,34.66,33.4,,,"{""realestate"": 0.0176, ""consumer_cyclical"": 0.0998, ""basic_materials"": 0.0616, ""consumer_defensive"": 0.0686, ""technology"": 0.1351, ""communication_services"": 0.0652, ""financial_services"": 0.2459, ""utilities"": 0.03, ""industrials"": 0.1467, ""energy"": 0.046, ""healthcare"": 0.0833}"
HEDJ,2025-07-14,WisdomTree Europe Hedged Equity Fund,Unknown,Unknown,Unknown,Unknown,0.0,,,,15.46,,,,,,,,,,,,,,,,,,,,,,,,,,0.0289,0.0,0.0,0.0,48.42,,,,Unknown,,,50.78,40.83,48.94,46.46,,,"{""realestate"": 0.0, ""consumer_cyclical"": 0.105500005, ""basic_materials"": 0.080299996, ""consumer_defensive"": 0.1193, ""technology"": 0.1014, ""communication_services"": 0.0704, ""financial_services"": 0.2123, ""utilities"": 0.0, ""industrials"": 0.22379999, ""energy"": 0.0195, ""healthcare"": 0.0675}"
HEEM,2025-07-14,iShares Currency Hedged MSCI Emerging Markets ETF,Unknown,Unknown,Unknown,Unknown,263724992.0,,,8750000.0,14.58,,,,,,,,,,,,,,,,,,,,,,,,,,0.0226,0.0,0.0,0.0,30.14,,,,Unknown,,,30.6,22.97,29.16,28.2,,,"{""realestate"": 0.016, ""consumer_cyclical"": 0.136, ""basic_materials"": 0.056500003, ""consumer_defensive"": 0.044699997, ""technology"": 0.22860001, ""communication_services"": 0.1017, ""financial_services"": 0.2432, ""utilities"": 0.0248, ""industrials"": 0.0688, ""energy"": 0.0446, ""healthcare"": 0.0352}"
HEFA,2025-07-14,iShares Currency Hedged MSCI EAFE ETF,Unknown,Unknown,Unknown,Unknown,0.0,,,,17.03,,,,,,,,,,,,,,,,,,,,,,,,,,0.0284,0.0,0.0,0.0,37.58,,,,Unknown,,,38.53,31.39,37.54,36.1,,,"{""realestate"": 0.020399999, ""consumer_cyclical"": 0.0919, ""basic_materials"": 0.0563, ""consumer_defensive"": 0.08189999, ""technology"": 0.097600006, ""communication_services"": 0.056700002, ""financial_services"": 0.2309, ""utilities"": 0.0325, ""industrials"": 0.1851, ""energy"": 0.0319, ""healthcare"": 0.115}"
HEWJ,2025-07-14,iShares Currency Hedged MSCI Japan ETF,Unknown,Unknown,Unknown,Unknown,0.0,,,,15.28,,,,,,,,,,,,,,,,,,,,,,,,,,0.0214,0.0,0.0,0.0,43.89,,,,Unknown,,,45.31,33.73,43.56,42.34,,,"{""realestate"": 0.0233, ""consumer_cyclical"": 0.1438, ""basic_materials"": 0.0328, ""consumer_defensive"": 0.0502, ""technology"": 0.1672, ""communication_services"": 0.09819999, ""financial_services"": 0.16420001, ""utilities"": 0.0097, ""industrials"": 0.2292, ""energy"": 0.0074, ""healthcare"": 0.074}"
HEZU,2025-07-14,iShares Currency Hedged MSCI Eurozone ETF,Unknown,Unknown,Unknown,Unknown,0.0,,,,16.44,,,,,,,,,,,,,,,,,,,,,,,,,,0.0241,0.0,0.0,0.0,40.57,,,,Unknown,,,41.74,32.92,40.74,38.22,,,"{""realestate"": 0.0125, ""consumer_cyclical"": 0.09819999, ""basic_materials"": 0.0466, ""consumer_defensive"": 0.066, ""technology"": 0.1372, ""communication_services"": 0.0551, ""financial_services"": 0.22760001, ""utilities"": 0.0553, ""industrials"": 0.2066, ""energy"": 0.0298, ""healthcare"": 0.0652}"
HFXI,2025-07-14,NYLI FTSE International Equity Currency Neutral ETF,Unknown,Unknown,Unknown,Unknown,0.0,,,,16.27,,,,,,,,,,,,,,,,,,,,,,,,,,0.0227,0.0,0.0,0.0,29.55,,,,Unknown,,,30.08,24.28,29.11,27.57,,,"{""realestate"": 0.027999999, ""consumer_cyclical"": 0.097399995, ""basic_materials"": 0.056500003, ""consumer_defensive"": 0.0832, ""technology"": 0.1018, ""communication_services"": 0.0508, ""financial_services"": 0.22209999, ""utilities"": 0.0349, ""industrials"": 0.18090001, ""energy"": 0.0307, ""healthcare"": 0.11359999}"
HJPX,2025-06-16,iShares Currency Hedged JPX-Nikkei 400 ETF,Unknown,Unknown,Unknown,Unknown,0.0,,,,,,,,,,,,,,,,,,,,,,,,,,,,,,0.0282,0.0,0.0,0.0,35.51,,,,Unknown,,,35.51,35.51,35.51,35.51,,,"{""realestate"": 0.0291, ""consumer_cyclical"": 0.1299, ""basic_materials"": 0.046, ""consumer_defensive"": 0.0775, ""technology"": 0.1433, ""communication_services"": 0.075500004, ""financial_services"": 0.108500004, ""utilities"": 0.0138, ""industrials"": 0.2483, ""energy"": 0.0111, ""healthcare"": 0.117}"
HMOP,2025-07-14,Hartford Municipal Opportunities ETF,Unknown,Unknown,Unknown,Unknown,0.0,,,,,,,,,,,,,,,,,,,,,,,,,,,,,,0.0338,0.0,0.0,0.0,38.25,,,,Unknown,,,39.84,36.75,38.16,38.63,,,{}
HOMZ,2025-06-02,The Hoya Capital Housing ETF,Unknown,Unknown,Unknown,Unknown,0.0,,,,16.02,,,,,,,,,,,,,,,,,,,,,,,,,,0.0239,0.0,0.0,0.0,42.44,,,,Unknown,,,52.0,39.28,42.92,46.61,,,"{""realestate"": 0.4708, ""consumer_cyclical"": 0.31239998, ""basic_materials"": 0.0222, ""consumer_defensive"": 0.0, ""technology"": 0.0, ""communication_services"": 0.0064, ""financial_services"": 0.1013, ""utilities"": 0.0, ""industrials"": 0.086899996, ""energy"": 0.0, ""healthcare"": 0.0}"
HSCZ,2025-07-14,iShares Currency Hedged MSCI EAFE Small-Cap ETF,Unknown,Unknown,Unknown,Unknown,0.0,,,,14.67,,,,,,,,,,,,,,,,,,,,,,,,,,0.0303,0.0,0.0,0.0,35.5,,,,Unknown,,,35.63,28.57,34.43,32.8,,,"{""realestate"": 0.109799996, ""consumer_cyclical"": 0.1371, ""basic_materials"": 0.0885, ""consumer_defensive"": 0.05, ""technology"": 0.0887, ""communication_services"": 0.0438, ""financial_services"": 0.1263, ""utilities"": 0.024, ""industrials"": 0.2409, ""energy"": 0.0275, ""healthcare"": 0.0635}"
HTAB,2025-07-07,Hartford Schroders Tax-Aware Bond ETF,Unknown,Unknown,Unknown,Unknown,0.0,,,,,,,,,,,,,,,,,,,,,,,,,,,,,,0.0385,0.0,0.0,0.0,18.69,,,,Unknown,,,19.98,17.98,18.74,19.26,,,{}
HTUS,2025-07-14,Hull Tactical US ETF,Unknown,Unknown,Unknown,Unknown,0.0,,,,25.69,,,,,,,,,,,,,,,,,,,,,,,,,,0.0185,0.0,0.0,0.0,40.31,,,,Unknown,,,47.73,27.5,38.46,40.18,,,"{""realestate"": 0.0222, ""consumer_cyclical"": 0.105, ""basic_materials"": 0.0175, ""consumer_defensive"": 0.060399998, ""technology"": 0.3211, ""communication_services"": 0.0954, ""financial_services"": 0.14, ""utilities"": 0.0253, ""industrials"": 0.077199996, ""energy"": 0.0313, ""healthcare"": 0.1046}"
HYDB,2025-07-14,iShares High Yield Systematic Bond ETF,Unknown,Unknown,Unknown,Unknown,0.0,,,,,,,,,,,,,,,,,,,,,,,,,,,,,,0.0702,0.0,0.0,0.0,47.11,,,,Unknown,,,48.1,44.04,46.78,47.11,,,"{""realestate"": 0.0, ""consumer_cyclical"": 0.0, ""basic_materials"": 0.0, ""consumer_defensive"": 0.0, ""technology"": 0.0, ""communication_services"": 0.0, ""financial_services"": 0.0, ""utilities"": 0.0, ""industrials"": 1.0, ""energy"": 0.0, ""healthcare"": 0.0}"
HYEM,2025-07-14,VanEck Emerging Markets High Yield Bond ETF,Unknown,Unknown,Unknown,Unknown,0.0,,,,,,,,,,,,,,,,,,,,,,,,,,,,,,0.0659,0.0,0.0,0.0,19.75,,,,Unknown,,,19.92,18.43,19.56,19.6,,,"{""realestate"": 0.0, ""consumer_cyclical"": 0.0, ""basic_materials"": 0.0, ""consumer_defensive"": 0.0, ""technology"": 0.0, ""communication_services"": 0.0, ""financial_services"": 0.0, ""utilities"": 0.0, ""industrials"": 1.0, ""energy"": 0.0, ""healthcare"": 0.0}"
HYGH,2025-07-14,iShares Interest Rate Hedged High Yield Bond ETF,Unknown,Unknown,Unknown,Unknown,0.0,,,,10.92,,,,,,,,,,,,,,,,,,,,,,,,,,0.0745,0.0,0.0,0.0,86.19,,,,Unknown,,,87.69,78.23,85.72,85.96,,,"{""realestate"": 0.0039, ""consumer_cyclical"": 0.0, ""basic_materials"": 0.0, ""consumer_defensive"": 0.0, ""technology"": 0.0, ""communication_services"": 0.0, ""financial_services"": 0.0, ""utilities"": 0.9961, ""industrials"": 0.0, ""energy"": 0.0, ""healthcare"": 0.0}"
HYHG,2025-07-14,ProShares High Yield—Interest Rate Hedged,Unknown,Unknown,Unknown,Unknown,0.0,,,,,,,,,,,,,,,,,,,,,,,,,,,,,,0.0687,0.0,0.0,0.0,64.65,,,,Unknown,,,66.96,59.66,64.33,64.9,,,{}
HYS,2025-07-14,PIMCO 0-5 Year High Yield Corporate Bond Index Exchange-Traded Fund,Unknown,Unknown,Unknown,Unknown,0.0,,,,,,,,,,,,,,,,,,,,,,,,,,,,,,0.074,0.0,0.0,0.0,94.28,,,,Unknown,,,95.58,86.65,93.77,94.07,,,"{""realestate"": 0.0, ""consumer_cyclical"": 0.0, ""basic_materials"": 0.0, ""consumer_defensive"": 0.0, ""technology"": 0.0, ""communication_services"": 1.0, ""financial_services"": 0.0, ""utilities"": 0.0, ""industrials"": 0.0, ""energy"": 0.0, ""healthcare"": 0.0}"
HYUP,2025-07-14,Xtrackers High Beta High Yield Bond ETF,Unknown,Unknown,Unknown,Unknown,0.0,,,,,,,,,,,,,,,,,,,,,,,,,,,,,,0.0781,0.0,0.0,0.0,42.12,,,,Unknown,,,42.7,39.48,41.72,41.91,,,{}
HYZD,2025-07-14,WisdomTree Interest Rate Hedged High Yield Bond Fund,Unknown,Unknown,Unknown,Unknown,0.0,,,,,,,,,,,,,,,,,,,,,,,,,,,,,,0.0629,0.0,0.0,0.0,22.41,,,,Unknown,,,22.71,20.65,22.22,22.24,,,"{""realestate"": 0.0, ""consumer_cyclical"": 0.0, ""basic_materials"": 0.0, ""consumer_defensive"": 0.0, ""technology"": 0.0, ""communication_services"": 0.0, ""financial_services"": 0.0, ""utilities"": 0.0, ""industrials"": 0.0, ""energy"": 1.0, ""healthcare"": 0.0}"
IAI,2025-07-14,iShares U.S. Broker-Dealers & Securities Exchanges ETF,Unknown,Unknown,Unknown,Unknown,0.0,,,,26.55,,,,,,,,,,,,,,,,,,,,,,,,,,0.0105,0.0,0.0,0.0,171.26,,,,Unknown,,,172.88,114.17,157.17,146.73,,,"{""realestate"": 0.0, ""consumer_cyclical"": 0.0, ""basic_materials"": 0.0, ""consumer_defensive"": 0.0, ""technology"": 0.0016, ""communication_services"": 0.0, ""financial_services"": 0.9984, ""utilities"": 0.0, ""industrials"": 0.0, ""energy"": 0.0, ""healthcare"": 0.0}"
IAK,2025-07-14,iShares U.S. Insurance ETF,Unknown,Unknown,Unknown,Unknown,0.0,,,,14.18,,,,,,,,,,,,,,,,,,,,,,,,,,0.0165,0.0,0.0,0.0,128.31,,,,Unknown,,,139.08,113.76,133.52,131.23,,,"{""realestate"": 0.0, ""consumer_cyclical"": 0.0, ""basic_materials"": 0.0, ""consumer_defensive"": 0.0, ""technology"": 0.0001, ""communication_services"": 0.0, ""financial_services"": 0.9965, ""utilities"": 0.0, ""industrials"": 0.0001, ""energy"": 0.0, ""healthcare"": 0.0032}"
IAU,2025-07-14,iShares Gold Trust,Unknown,Unknown,Unknown,Unknown,61410496512.0,,,970150016.0,,,,1.83,,,,,,,,,,,,,,,,,,,,34.62,,,0.0,0.0,0.0,0.0,63.3,,,,Unknown,,,65.0,44.46,62.61,55.53,,,{}
IBD,2025-07-14,Inspire Corporate Bond ETF,Unknown,Unknown,Unknown,Unknown,0.0,,,,,,,,,,,,,,,,,,,,,,,,,,,,,,0.0424,0.0,0.0,0.0,23.95,,,,Unknown,,,25.49,22.84,23.78,23.71,,,{}
ICVT,2025-07-14,iShares Convertible Bond ETF,Unknown,Unknown,Unknown,Unknown,0.0,,,,,,,,,,,,,,,,,,,,,,,,,,,,,,0.0221,0.0,0.0,0.0,90.81,,,,Unknown,,,91.11,75.97,87.93,86.1,,,"{""realestate"": 0.0, ""consumer_cyclical"": 0.0, ""basic_materials"": 0.0, ""consumer_defensive"": 0.0, ""technology"": 0.0, ""communication_services"": 1.0, ""financial_services"": 0.0, ""utilities"": 0.0, ""industrials"": 0.0, ""energy"": 0.0, ""healthcare"": 0.0}"
IDEV,2025-07-14,iShares Core MSCI International Developed Markets ETF,Unknown,Unknown,Unknown,Unknown,0.0,,,,16.96,,,,,,,,,,,,,,,,,,,,,,,,,,0.0283,0.0,0.0,0.0,75.77,,,,Unknown,,,76.77,61.11,74.67,69.62,,,"{""realestate"": 0.0313, ""consumer_cyclical"": 0.0922, ""basic_materials"": 0.069, ""consumer_defensive"": 0.073699996, ""technology"": 0.0951, ""communication_services"": 0.0502, ""financial_services"": 0.22950001, ""utilities"": 0.031400003, ""industrials"": 0.185, ""energy"": 0.046, ""healthcare"": 0.096599996}"
IDHQ,2025-07-07,Invesco S&P International Developed Quality ETF,Unknown,Unknown,Unknown,Unknown,0.0,,,,19.04,,,,,,,,,,,,,,,,,,,,,,,,,,0.0224,0.0,0.0,0.0,32.91,,,,Unknown,,,33.27,26.61,32.11,30.6,,,"{""realestate"": 0.001, ""consumer_cyclical"": 0.1047, ""basic_materials"": 0.0462, ""consumer_defensive"": 0.1243, ""technology"": 0.1237, ""communication_services"": 0.0473, ""financial_services"": 0.1356, ""utilities"": 0.0053, ""industrials"": 0.1861, ""energy"": 0.0399, ""healthcare"": 0.1859}"
IDMO,2025-07-14,Invesco S&P International Developed Momentum ETF,Unknown,Unknown,Unknown,Unknown,0.0,,,,18.1,,,,,,,,,,,,,,,,,,,,,,,,,,0.0167,0.0,0.0,0.0,50.72,,,,Unknown,,,51.3,36.64,49.57,44.42,,,"{""realestate"": 0.0054, ""consumer_cyclical"": 0.055999998, ""basic_materials"": 0.0327, ""consumer_defensive"": 0.0454, ""technology"": 0.0759, ""communication_services"": 0.0714, ""financial_services"": 0.4598, ""utilities"": 0.0117999995, ""industrials"": 0.1754, ""energy"": 0.0301, ""healthcare"": 0.036199998}"
IDOG,2025-07-14,ALPS International Sector Dividend Dogs ETF,Unknown,Unknown,Unknown,Unknown,0.0,,,,12.68,,,,,,,,,,,,,,,,,,,,,,,,,,0.0454,0.0,0.0,0.0,34.39,,,,Unknown,,,34.69,27.97,33.59,31.28,,,"{""realestate"": 0.0, ""consumer_cyclical"": 0.089499995, ""basic_materials"": 0.0915, ""consumer_defensive"": 0.1047, ""technology"": 0.077800006, ""communication_services"": 0.1096, ""financial_services"": 0.0992, ""utilities"": 0.1073, ""industrials"": 0.121400006, ""energy"": 0.1046, ""healthcare"": 0.094399996}"
IDU,2025-07-07,iShares U.S. Utilities ETF,Unknown,Unknown,Unknown,Unknown,612553472.0,,,5850000.0,21.92,,,1.27,,,,,,,,,,,,,,,,,,,,82.62,,,0.0219,0.0,0.0,0.0,104.71,,,,Unknown,,,106.71,88.0,103.61,101.06,,,"{""realestate"": 0.0, ""consumer_cyclical"": 0.0, ""basic_materials"": 0.0, ""consumer_defensive"": 0.0, ""technology"": 0.0, ""communication_services"": 0.0, ""financial_services"": 0.0, ""utilities"": 0.8822, ""industrials"": 0.11270001, ""energy"": 0.0050999997, ""healthcare"": 0.0}"
IDX,2025-07-14,VanEck Indonesia Index ETF,Unknown,Unknown,Unknown,Unknown,28899000.0,,,1950000.0,12.19,,,,,,,,,,,,,,,,,,,,,,,,,,0.0401,0.0,0.0,0.0,14.82,,,,Unknown,,,19.1,10.93,14.45,14.86,,,"{""realestate"": 0.0201, ""consumer_cyclical"": 0.0055, ""basic_materials"": 0.2188, ""consumer_defensive"": 0.1021, ""technology"": 0.0313, ""communication_services"": 0.09020001, ""financial_services"": 0.26700002, ""utilities"": 0.0641, ""industrials"": 0.063, ""energy"": 0.1153, ""healthcare"": 0.0224}"
IEF,2025-07-14,iShares 7-10 Year Treasury Bond ETF,Unknown,Unknown,Unknown,Unknown,13770720256.0,,,146000000.0,,,,0.81,,,,,,,,,,,,,,,,,,,,117.16,,,0.0371,0.0,0.0,0.0,94.32,,,,Unknown,,,99.18,91.08,94.43,94.35,,,{}
IEFA,2025-07-14,iShares Core MSCI EAFE ETF,Unknown,Unknown,Unknown,Unknown,0.0,,,,16.79,,,,,,,,,,,,,,,,,,,,,,,,,,0.0296,0.0,0.0,0.0,83.07,,,,Unknown,,,84.22,66.95,81.95,76.31,,,"{""realestate"": 0.0332, ""consumer_cyclical"": 0.098000005, ""basic_materials"": 0.0608, ""consumer_defensive"": 0.0779, ""technology"": 0.0953, ""communication_services"": 0.054899998, ""financial_services"": 0.2159, ""utilities"": 0.031400003, ""industrials"": 0.19379999, ""energy"": 0.0307, ""healthcare"": 0.1082}"
IEI,2025-07-14,iShares 3-7 Year Treasury Bond ETF,Unknown,Unknown,Unknown,Unknown,0.0,,,,,,,,,,,,,,,,,,,,,,,,,,,,,,0.0324,0.0,0.0,0.0,117.95,,,,Unknown,,,120.33,114.51,117.92,117.17,,,{}
IEO,2025-07-14,iShares U.S. Oil & Gas Exploration & Production ETF,Unknown,Unknown,Unknown,Unknown,0.0,,,,14.21,,,,,,,,,,,,,,,,,,,,,,,,,,0.027,0.0,0.0,0.0,93.01,,,,Unknown,,,102.99,73.17,88.24,91.18,,,"{""realestate"": 0.0, ""consumer_cyclical"": 0.0, ""basic_materials"": 0.0037, ""consumer_defensive"": 0.0, ""technology"": 0.0, ""communication_services"": 0.0, ""financial_services"": 0.0, ""utilities"": 0.0, ""industrials"": 0.0, ""energy"": 0.9963, ""healthcare"": 0.0}"
IETC,2025-07-14,iShares U.S. Tech Independence Focused ETF,Unknown,Unknown,Unknown,Unknown,0.0,,,,38.67,,,,,,,,,,,,,,,,,,,,,,,,,,0.0049,0.0,0.0,0.0,94.36,,,,Unknown,,,95.77,64.06,88.48,83.34,,,"{""realestate"": 0.0171, ""consumer_cyclical"": 0.081099994, ""basic_materials"": 0.0, ""consumer_defensive"": 0.0004, ""technology"": 0.7581, ""communication_services"": 0.066, ""financial_services"": 0.039, ""utilities"": 0.0, ""industrials"": 0.0348, ""energy"": 0.0007, ""healthcare"": 0.0028}"
IFRA,2025-07-14,iShares U.S. Infrastructure ETF,Unknown,Unknown,Unknown,Unknown,0.0,,,,21.51,,,,,,,,,,,,,,,,,,,,,,,,,,0.0192,0.0,0.0,0.0,50.67,,,,Unknown,,,51.99,39.94,48.19,47.32,,,"{""realestate"": 0.0001, ""consumer_cyclical"": 0.0064, ""basic_materials"": 0.1833, ""consumer_defensive"": 0.0001, ""technology"": 0.0004, ""communication_services"": 0.0, ""financial_services"": 0.00029999999, ""utilities"": 0.4094, ""industrials"": 0.3414, ""energy"": 0.0584, ""healthcare"": 0.0002}"
IGBH,2025-07-14,iShares Interest Rate Hedged Long-Term Corporate Bond ETF,Unknown,Unknown,Unknown,Unknown,0.0,,,,,,,,,,,,,,,,,,,,,,,,,,,,,,0.0687,0.0,0.0,0.0,24.06,,,,Unknown,,,24.73,22.5,23.88,24.16,,,{}
IGEB,2025-07-14,iShares Investment Grade Systematic Bond ETF,Unknown,Unknown,Unknown,Unknown,0.0,,,,,,,,,,,,,,,,,,,,,,,,,,,,,,0.0509,0.0,0.0,0.0,44.95,,,,Unknown,,,46.76,43.12,44.72,44.87,,,{}
IGF,2025-07-14,iShares Global Infrastructure ETF,Unknown,Unknown,Unknown,Unknown,0.0,,,,19.73,,,,,,,,,,,,,,,,,,,,,,,,,,0.0285,0.0,0.0,0.0,58.69,,,,Unknown,,,59.83,48.55,58.4,55.06,,,"{""realestate"": 0.0001, ""consumer_cyclical"": 0.00029999999, ""basic_materials"": 0.0002, ""consumer_defensive"": 0.00029999999, ""technology"": 0.00029999999, ""communication_services"": 0.0002, ""financial_services"": 0.0008, ""utilities"": 0.39830002, ""industrials"": 0.4155, ""energy"": 0.18370001, ""healthcare"": 0.0004}"
IGHG,2025-07-14,ProShares Investment Grade—Interest Rate Hedged,Unknown,Unknown,Unknown,Unknown,0.0,,,,,,,,,,,,,,,,,,,,,,,,,,,,,,0.0516,0.0,0.0,0.0,78.26,,,,Unknown,,,79.14,70.68,77.63,77.57,,,{}
IGIB,2025-07-14,iShares 5-10 Year Investment Grade Corporate Bond ETF,Unknown,Unknown,Unknown,Unknown,0.0,,,,,,,,,,,,,,,,,,,,,,,,,,,,,,0.0447,0.0,0.0,0.0,52.71,,,,Unknown,,,54.1,50.52,52.41,52.25,,,{}
IGLB,2025-05-02,iShares 10+ Year Investment Grade Corporate Bond ETF,Unknown,Unknown,Unknown,Unknown,0.0,,,,,,,,,,,,,,,,,,,,,,,,,,,,,,0.0505,0.0,0.0,0.0,48.34,,,,Unknown,,,54.42,46.75,49.72,50.94,,,{}
IGM,2025-07-14,iShares Expanded Tech Sector ETF,Unknown,Unknown,Unknown,Unknown,865633984.0,,,7700000.0,35.05,,,0.31,,,,,,,,,,,,,,,,,,,,360.63,,,0.0023,0.0,0.0,0.0,112.42,,,,Unknown,,,113.96,76.26,104.92,100.28,,,"{""realestate"": 0.0, ""consumer_cyclical"": 0.00029999999, ""basic_materials"": 0.0, ""consumer_defensive"": 0.0, ""technology"": 0.7758, ""communication_services"": 0.2217, ""financial_services"": 0.001, ""utilities"": 0.0, ""industrials"": 0.0011999999, ""energy"": 0.0, ""healthcare"": 0.0}"
IGRO,2025-07-14,iShares International Dividend Growth ETF,Unknown,Unknown,Unknown,Unknown,0.0,,,,16.55,,,,,,,,,,,,,,,,,,,,,,,,,,0.0208,0.0,0.0,0.0,77.93,,,,Unknown,,,80.21,63.16,77.72,72.87,,,"{""realestate"": 0.0095, ""consumer_cyclical"": 0.0299, ""basic_materials"": 0.0529, ""consumer_defensive"": 0.0828, ""technology"": 0.0784, ""communication_services"": 0.021, ""financial_services"": 0.2622, ""utilities"": 0.1427, ""industrials"": 0.1393, ""energy"": 0.038, ""healthcare"": 0.1433}"
IGSB,2025-07-14,iShares 1-5 Year Investment Grade Corporate Bond ETF,Unknown,Unknown,Unknown,Unknown,0.0,,,,,,,,,,,,,,,,,,,,,,,,,,,,,,0.0419,0.0,0.0,0.0,52.45,,,,Unknown,,,52.77,51.39,52.33,52.11,,,{}
IGV,2025-07-07,iShares Expanded Tech-Software Sector ETF,Unknown,Unknown,Unknown,Unknown,1390875008.0,,,12500000.0,46.47,,,0.28,,,,,,,,,,,,,,,,,,,,398.98,,,0.0,0.0,0.0,0.0,111.27,,,,Unknown,,,111.61,75.96,103.3,98.52,,,"{""realestate"": 0.0, ""consumer_cyclical"": 0.0, ""basic_materials"": 0.0, ""consumer_defensive"": 0.0, ""technology"": 0.9393, ""communication_services"": 0.0551, ""financial_services"": 0.0041, ""utilities"": 0.0, ""industrials"": 0.0015, ""energy"": 0.0, ""healthcare"": 0.0}"
IHDG,2025-07-14,WisdomTree International Hedged Quality Dividend Growth Fund,Unknown,Unknown,Unknown,Unknown,0.0,,,,21.45,,,,,,,,,,,,,,,,,,,,,,,,,,0.0185,0.0,0.0,0.0,45.43,,,,Unknown,,,47.51,38.14,45.0,44.63,,,"{""realestate"": 0.0015, ""consumer_cyclical"": 0.1659, ""basic_materials"": 0.0732, ""consumer_defensive"": 0.0561, ""technology"": 0.1665, ""communication_services"": 0.0729, ""financial_services"": 0.042600002, ""utilities"": 0.0069999998, ""industrials"": 0.20989999, ""energy"": 0.056700002, ""healthcare"": 0.1479}"
IHF,2025-07-14,iShares U.S. Healthcare Providers ETF,Unknown,Unknown,Unknown,Unknown,0.0,,,,15.92,,,,,,,,,,,,,,,,,,,,,,,,,,0.0087,0.0,0.0,0.0,45.22,,,,Unknown,,,58.94,44.62,47.78,51.14,,,"{""realestate"": 0.0, ""consumer_cyclical"": 0.0, ""basic_materials"": 0.0, ""consumer_defensive"": 0.0187, ""technology"": 0.0, ""communication_services"": 0.0, ""financial_services"": 0.0052, ""utilities"": 0.0, ""industrials"": 0.0, ""energy"": 0.0, ""healthcare"": 0.976}"
IHI,2025-07-14,iShares U.S. Medical Devices ETF,Unknown,Unknown,Unknown,Unknown,0.0,,,,30.8,,,,,,,,,,,,,,,,,,,,,,,,,,0.0044,0.0,0.0,0.0,60.97,,,,Unknown,,,65.18,52.9,61.41,60.52,,,"{""realestate"": 0.0, ""consumer_cyclical"": 0.0, ""basic_materials"": 0.0, ""consumer_defensive"": 0.0, ""technology"": 0.0, ""communication_services"": 0.0, ""financial_services"": 0.0, ""utilities"": 0.0, ""industrials"": 0.0, ""energy"": 0.0, ""healthcare"": 1.0}"
IJJ,2025-07-14,iShares S&P Mid-Cap 400 Value ETF,Unknown,Unknown,Unknown,Unknown,5093624832.0,,,39950000.0,18.02,,,1.25,,,,,,,,,,,,,,,,,,,,101.82,,,0.0196,0.0,0.0,0.0,127.5,,,,Unknown,,,136.42,102.24,121.5,123.68,,,"{""realestate"": 0.1088, ""consumer_cyclical"": 0.1338, ""basic_materials"": 0.0619, ""consumer_defensive"": 0.0615, ""technology"": 0.101, ""communication_services"": 0.0162, ""financial_services"": 0.19229999, ""utilities"": 0.052800003, ""industrials"": 0.1548, ""energy"": 0.048299998, ""healthcare"": 0.0686}"
IJK,2025-05-02,iShares S&P Mid-Cap 400 Growth ETF,Unknown,Unknown,Unknown,Unknown,2905050880.0,,,33850000.0,21.01,,,1.08,,,,,,,,,,,,,,,,,,,,79.14,,,0.0083,0.0,0.0,0.0,85.82,,,,Unknown,,,100.01,71.69,83.24,90.12,,,"{""realestate"": 0.0509, ""consumer_cyclical"": 0.1408, ""basic_materials"": 0.0287, ""consumer_defensive"": 0.049000002, ""technology"": 0.16059999, ""communication_services"": 0.0058, ""financial_services"": 0.157, ""utilities"": 0.0032, ""industrials"": 0.2566, ""energy"": 0.0344, ""healthcare"": 0.113000005}"
ILCB,2025-07-14,iShares Morningstar U.S. Equity ETF,Unknown,Unknown,Unknown,Unknown,0.0,,,,27.01,,,1.33,,,,,,,,,,,,,,,,,,,,64.9,,,0.0122,0.0,0.0,0.0,86.48,,,,Unknown,,,86.9,66.68,82.45,80.91,,,"{""realestate"": 0.022, ""consumer_cyclical"": 0.1096, ""basic_materials"": 0.0183, ""consumer_defensive"": 0.0573, ""technology"": 0.3259, ""communication_services"": 0.09770001, ""financial_services"": 0.138, ""utilities"": 0.023599999, ""industrials"": 0.081599995, ""energy"": 0.0296, ""healthcare"": 0.0963}"
ILCG,2025-07-14,iShares Morningstar Growth ETF,Unknown,Unknown,Unknown,Unknown,0.0,,,,36.6,,,1.37,,,,,,,,,,,,,,,,,,,,71.07,,,0.0049,0.0,0.0,0.0,97.28,,,,Unknown,,,97.8,69.47,91.84,88.2,,,"{""realestate"": 0.0148, ""consumer_cyclical"": 0.1515, ""basic_materials"": 0.0111, ""consumer_defensive"": 0.0179, ""technology"": 0.45069999, ""communication_services"": 0.1249, ""financial_services"": 0.0856, ""utilities"": 0.0064999997, ""industrials"": 0.067600004, ""energy"": 0.0041, ""healthcare"": 0.0651}"
ILCV,2025-06-02,iShares Morningstar Value ETF,Unknown,Unknown,Unknown,Unknown,0.0,,,,19.67,,,1.27,,,,,,,,,,,,,,,,,,,,63.68,,,0.0209,0.0,0.0,0.0,80.88,,,,Unknown,,,85.63,70.58,79.07,81.53,,,"{""realestate"": 0.0311, ""consumer_cyclical"": 0.061, ""basic_materials"": 0.0271, ""consumer_defensive"": 0.1037, ""technology"": 0.17940001, ""communication_services"": 0.0641, ""financial_services"": 0.1942, ""utilities"": 0.0437, ""industrials"": 0.0925, ""energy"": 0.060100004, ""healthcare"": 0.1432}"
IMCB,2025-07-14,iShares Morningstar Mid-Cap ETF,Unknown,Unknown,Unknown,Unknown,0.0,,,,22.79,,,1.14,,,,,,,,,,,,,,,,,,,,70.62,,,0.0144,0.0,0.0,0.0,80.4,,,,Unknown,,,82.52,64.02,77.58,76.87,,,"{""realestate"": 0.0689, ""consumer_cyclical"": 0.1126, ""basic_materials"": 0.0358, ""consumer_defensive"": 0.0585, ""technology"": 0.1709, ""communication_services"": 0.0403, ""financial_services"": 0.1454, ""utilities"": 0.0721, ""industrials"": 0.14840001, ""energy"": 0.0636, ""healthcare"": 0.083500005}"
IMCG,2025-07-14,iShares Morningstar Mid-Cap Growth ETF,Unknown,Unknown,Unknown,Unknown,0.0,,,,30.72,,,1.21,,,,,,,,,,,,,,,,,,,,66.52,,,0.0075,0.0,0.0,0.0,80.21,,,,Unknown,,,81.68,61.65,77.64,75.8,,,"{""realestate"": 0.0504, ""consumer_cyclical"": 0.1374, ""basic_materials"": 0.0224, ""consumer_defensive"": 0.0363, ""technology"": 0.24280001, ""communication_services"": 0.056799997, ""financial_services"": 0.1108, ""utilities"": 0.023699999, ""industrials"": 0.2049, ""energy"": 0.0195, ""healthcare"": 0.095}"
IMCV,2025-07-14,iShares Morningstar Mid-Cap Value ETF,Unknown,Unknown,Unknown,Unknown,0.0,,,,17.89,,,1.21,,,,,,,,,,,,,,,,,,,,64.01,,,0.0251,0.0,0.0,0.0,77.55,,,,Unknown,,,81.32,64.02,74.7,75.26,,,"{""realestate"": 0.08939999, ""consumer_cyclical"": 0.0851, ""basic_materials"": 0.0507, ""consumer_defensive"": 0.083000004, ""technology"": 0.090900004, ""communication_services"": 0.0221, ""financial_services"": 0.1843, ""utilities"": 0.1259, ""industrials"": 0.0854, ""energy"": 0.11270001, ""healthcare"": 0.0706}"
IMTM,2025-07-14,iShares MSCI Intl Momentum Factor ETF,Unknown,Unknown,Unknown,Unknown,0.0,,,,18.77,,,,,,,,,,,,,,,,,,,,,,,,,,0.0245,0.0,0.0,0.0,44.89,,,,Unknown,,,45.71,34.65,44.36,40.64,,,"{""realestate"": 0.0076, ""consumer_cyclical"": 0.0346, ""basic_materials"": 0.0422, ""consumer_defensive"": 0.0704, ""technology"": 0.099700004, ""communication_services"": 0.0841, ""financial_services"": 0.3678, ""utilities"": 0.0402, ""industrials"": 0.171, ""energy"": 0.0188, ""healthcare"": 0.0636}"
INCO,2025-07-14,Columbia India Consumer ETF,Unknown,Unknown,Unknown,Unknown,0.0,,,,33.11,,,,,,,,,,,,,,,,,,,,,,,,,,0.0291,0.0,0.0,0.0,63.51,,,,Unknown,,,78.34,55.42,64.19,64.72,,,"{""realestate"": 0.0, ""consumer_cyclical"": 0.5527, ""basic_materials"": 0.0, ""consumer_defensive"": 0.40080002, ""technology"": 0.0278, ""communication_services"": 0.0, ""financial_services"": 0.0, ""utilities"": 0.0, ""industrials"": 0.0188, ""energy"": 0.0, ""healthcare"": 0.0}"
INEQ,2025-07-14,Columbia International Equity Income ETF,Unknown,Unknown,Unknown,Unknown,0.0,,,,12.99,,,,,,,,,,,,,,,,,,,,,,,,,,0.0147,0.0,0.0,0.0,35.44,,,,Unknown,,,35.74,28.3,34.64,31.98,,,"{""realestate"": 0.0150999995, ""consumer_cyclical"": 0.0292, ""basic_materials"": 0.0177, ""consumer_defensive"": 0.04, ""technology"": 0.044499997, ""communication_services"": 0.0104, ""financial_services"": 0.3566, ""utilities"": 0.11310001, ""industrials"": 0.195, ""energy"": 0.120699994, ""healthcare"": 0.057600003}"
INTF,2025-07-14,iShares International Equity Factor ETF,Unknown,Unknown,Unknown,Unknown,0.0,,,,14.76,,,,,,,,,,,,,,,,,,,,,,,,,,0.03,0.0,0.0,0.0,34.05,,,,Unknown,,,34.53,27.3,33.59,31.09,,,"{""realestate"": 0.0323, ""consumer_cyclical"": 0.113900006, ""basic_materials"": 0.0547, ""consumer_defensive"": 0.0866, ""technology"": 0.084300004, ""communication_services"": 0.044699997, ""financial_services"": 0.24219999, ""utilities"": 0.038399998, ""industrials"": 0.17860001, ""energy"": 0.0414, ""healthcare"": 0.0829}"
IOO,2025-07-14,iShares Global 100 ETF,Unknown,Unknown,Unknown,Unknown,4681552384.0,,,42750000.0,25.72,,,1.54,,,,,,,,,,,,,,,,,,,,71.06,,,0.0105,0.0,0.0,0.0,109.51,,,,Unknown,,,109.78,82.8,103.59,100.53,,,"{""realestate"": 0.0034, ""consumer_cyclical"": 0.0928, ""basic_materials"": 0.0175, ""consumer_defensive"": 0.078, ""technology"": 0.4433, ""communication_services"": 0.078600004, ""financial_services"": 0.1067, ""utilities"": 0.005, ""industrials"": 0.0484, ""energy"": 0.0364, ""healthcare"": 0.089899994}"
IPAC,2025-07-14,iShares Core MSCI Pacific ETF,Unknown,Unknown,Unknown,Unknown,0.0,,,,15.65,,,,,,,,,,,,,,,,,,,,,,,,,,0.031,0.0,0.0,0.0,67.31,,,,Unknown,,,68.91,54.9,67.04,63.93,,,"{""realestate"": 0.0589, ""consumer_cyclical"": 0.1292, ""basic_materials"": 0.069699995, ""consumer_defensive"": 0.0471, ""technology"": 0.1142, ""communication_services"": 0.068, ""financial_services"": 0.2216, ""utilities"": 0.0176, ""industrials"": 0.19209999, ""energy"": 0.0136, ""healthcare"": 0.0681}"
IPKW,2025-07-14,Invesco International BuyBack Achievers ETF,Unknown,Unknown,Unknown,Unknown,0.0,,,,10.4,,,,,,,,,,,,,,,,,,,,,,,,,,0.0369,0.0,0.0,0.0,49.05,,,,Unknown,,,49.39,37.96,47.78,43.88,,,"{""realestate"": 0.001, ""consumer_cyclical"": 0.1346, ""basic_materials"": 0.0072000003, ""consumer_defensive"": 0.028199999, ""technology"": 0.0675, ""communication_services"": 0.0758, ""financial_services"": 0.2958, ""utilities"": 0.0207, ""industrials"": 0.125, ""energy"": 0.2182, ""healthcare"": 0.026199998}"
IQDY,2025-07-14,FlexShares International Quality Dividend Dynamic Index Fund,Unknown,Unknown,Unknown,Unknown,0.0,,,,12.61,,,,,,,,,,,,,,,,,,,,,,,,,,0.0648,0.0,0.0,0.0,32.35,,,,Unknown,,,32.61,25.25,31.57,29.76,,,"{""realestate"": 0.0148, ""consumer_cyclical"": 0.0999, ""basic_materials"": 0.0774, ""consumer_defensive"": 0.0655, ""technology"": 0.0926, ""communication_services"": 0.0744, ""financial_services"": 0.2683, ""utilities"": 0.051, ""industrials"": 0.127, ""energy"": 0.0596, ""healthcare"": 0.0696}"
IQLT,2025-07-14,iShares MSCI Intl Quality Factor ETF,Unknown,Unknown,Unknown,Unknown,0.0,,,,19.54,,,,,,,,,,,,,,,,,,,,,,,,,,0.0249,0.0,0.0,0.0,43.01,,,,Unknown,,,43.78,35.51,42.64,40.18,,,"{""realestate"": 0.0173, ""consumer_cyclical"": 0.096499994, ""basic_materials"": 0.064899996, ""consumer_defensive"": 0.079, ""technology"": 0.0967, ""communication_services"": 0.0591, ""financial_services"": 0.23879999, ""utilities"": 0.0334, ""industrials"": 0.16469999, ""energy"": 0.046, ""healthcare"": 0.1035}"
ISCF,2025-07-14,iShares MSCI Intl Small-Cap Multifactor ETF,Unknown,Unknown,Unknown,Unknown,0.0,,,,13.33,,,,,,,,,,,,,,,,,,,,,,,,,,0.0368,0.0,0.0,0.0,38.99,,,,Unknown,,,39.28,29.88,37.58,34.54,,,"{""realestate"": 0.097200006, ""consumer_cyclical"": 0.158, ""basic_materials"": 0.0841, ""consumer_defensive"": 0.0432, ""technology"": 0.0967, ""communication_services"": 0.046, ""financial_services"": 0.1402, ""utilities"": 0.0342, ""industrials"": 0.21360001, ""energy"": 0.038, ""healthcare"": 0.048800003}"
ITA,2025-07-14,iShares U.S. Aerospace & Defense ETF,Unknown,Unknown,Unknown,Unknown,0.0,,,,36.66,,,,,,,,,,,,,,,,,,,,,,,,,,0.0069,0.0,0.0,0.0,189.78,,,,Unknown,,,190.13,129.14,176.35,157.46,,,"{""realestate"": 0.0, ""consumer_cyclical"": 0.0, ""basic_materials"": 0.0, ""consumer_defensive"": 0.0, ""technology"": 0.0, ""communication_services"": 0.0, ""financial_services"": 0.0, ""utilities"": 0.0, ""industrials"": 1.0, ""energy"": 0.0, ""healthcare"": 0.0}"
ITB,2025-07-14,iShares U.S. Home Construction ETF,Unknown,Unknown,Unknown,Unknown,0.0,,,,12.01,,,,,,,,,,,,,,,,,,,,,,,,,,0.011,0.0,0.0,0.0,98.75,,,,Unknown,,,129.89,82.71,92.73,104.46,,,"{""realestate"": 0.0058999998, ""consumer_cyclical"": 0.7359, ""basic_materials"": 0.0828, ""consumer_defensive"": 0.0001, ""technology"": 0.0002, ""communication_services"": 0.0, ""financial_services"": 0.0002, ""utilities"": 0.0, ""industrials"": 0.17469999, ""energy"": 0.0, ""healthcare"": 0.0001}"
ITOT,2025-07-14,iShares Core S&P Total U.S. Stock Market ETF,Unknown,Unknown,Unknown,Unknown,43460669440.0,,,318649984.0,26.29,,,1.49,,,,,,,,,,,,,,,,,,,,91.51,,,0.0126,0.0,0.0,0.0,136.39,,,,Unknown,,,137.25,105.0,129.95,127.99,,,"{""realestate"": 0.026099999, ""consumer_cyclical"": 0.1087, ""basic_materials"": 0.0199, ""consumer_defensive"": 0.0561, ""technology"": 0.3136, ""communication_services"": 0.0911, ""financial_services"": 0.142, ""utilities"": 0.024, ""industrials"": 0.0892, ""energy"": 0.031, ""healthcare"": 0.09819999}"
IUS,2025-07-14,Invesco RAFI Strategic US ETF,Unknown,Unknown,Unknown,Unknown,0.0,,,,19.97,,,,,,,,,,,,,,,,,,,,,,,,,,0.0159,0.0,0.0,0.0,52.14,,,,Unknown,,,52.52,42.97,50.24,50.14,,,"{""realestate"": 0.0064, ""consumer_cyclical"": 0.12020001, ""basic_materials"": 0.0287, ""consumer_defensive"": 0.0884, ""technology"": 0.191, ""communication_services"": 0.13520001, ""financial_services"": 0.0951, ""utilities"": 0.0152, ""industrials"": 0.0988, ""energy"": 0.0872, ""healthcare"": 0.1338}"
IUSG,2025-07-14,iShares Core S&P U.S. Growth ETF,Unknown,Unknown,Unknown,Unknown,15993630720.0,,,105750000.0,32.75,,,1.48,,,,,,,,,,,,,,,,,,,,102.42,,,0.0058,0.0,0.0,0.0,151.24,,,,Unknown,,,151.98,108.91,142.9,137.4,,,"{""realestate"": 0.0138, ""consumer_cyclical"": 0.1258, ""basic_materials"": 0.0057, ""consumer_defensive"": 0.0385, ""technology"": 0.3961, ""communication_services"": 0.13859999, ""financial_services"": 0.12100001, ""utilities"": 0.0113, ""industrials"": 0.0838, ""energy"": 0.0073, ""healthcare"": 0.0581}"
IUSV,2025-07-14,iShares Core S&P U.S. Value ETF,Unknown,Unknown,Unknown,Unknown,9553989632.0,,,99500000.0,21.72,,,1.35,,,,,,,,,,,,,,,,,,,,70.87,,,0.0209,0.0,0.0,0.0,96.02,,,,Unknown,,,100.29,80.14,92.53,93.6,,,"{""realestate"": 0.0363, ""consumer_cyclical"": 0.0916, ""basic_materials"": 0.032899998, ""consumer_defensive"": 0.081199996, ""technology"": 0.2331, ""communication_services"": 0.039300002, ""financial_services"": 0.16319999, ""utilities"": 0.0403, ""industrials"": 0.088, ""energy"": 0.056399997, ""healthcare"": 0.1377}"
IVE,2025-07-14,iShares S&P 500 Value ETF,Unknown,Unknown,Unknown,Unknown,26309476352.0,,,132950000.0,21.98,,,1.36,,,,,,,,,,,,,,,,,,,,145.41,,,0.0201,0.0,0.0,0.0,197.89,,,,Unknown,,,206.63,165.45,190.89,193.07,,,"{""realestate"": 0.032, ""consumer_cyclical"": 0.0892, ""basic_materials"": 0.0313, ""consumer_defensive"": 0.08229999, ""technology"": 0.2409, ""communication_services"": 0.040700004, ""financial_services"": 0.16139999, ""utilities"": 0.0396, ""industrials"": 0.0842, ""energy"": 0.056900002, ""healthcare"": 0.1416}"
IVLU,2025-07-14,iShares Edge MSCI Intl Value Factor ETF,Unknown,Unknown,Unknown,Unknown,0.0,,,,11.82,,,,,,,,,,,,,,,,,,,,,,,,,,0.0368,0.0,0.0,0.0,32.96,,,,Unknown,,,33.45,25.97,32.5,29.72,,,"{""realestate"": 0.017, ""consumer_cyclical"": 0.0939, ""basic_materials"": 0.064, ""consumer_defensive"": 0.078099996, ""technology"": 0.0795, ""communication_services"": 0.0479, ""financial_services"": 0.2466, ""utilities"": 0.033, ""industrials"": 0.1894, ""energy"": 0.047399998, ""healthcare"": 0.103}"
IVOG,2025-05-02,Vanguard S&P Mid-Cap 400 Growth Index Fund ETF Shares,Unknown,Unknown,Unknown,Unknown,0.0,,,,20.98,,,,,,,,,,,,,,,,,,,,,,,,,,0.0086,0.0,0.0,0.0,106.37,,,,Unknown,,,124.73,89.23,103.29,112.09,,,"{""realestate"": 0.0509, ""consumer_cyclical"": 0.1408, ""basic_materials"": 0.0287, ""consumer_defensive"": 0.049000002, ""technology"": 0.16059999, ""communication_services"": 0.0058, ""financial_services"": 0.15689999, ""utilities"": 0.0032, ""industrials"": 0.2565, ""energy"": 0.0344, ""healthcare"": 0.113000005}"
IVOV,2025-07-14,Vanguard S&P Mid-Cap 400 Value Index Fund ETF Shares,Unknown,Unknown,Unknown,Unknown,0.0,,,,17.63,,,,,,,,,,,,,,,,,,,,,,,,,,0.0181,0.0,0.0,0.0,98.53,,,,Unknown,,,105.65,78.72,93.58,95.31,,,"{""realestate"": 0.112399995, ""consumer_cyclical"": 0.13159999, ""basic_materials"": 0.0634, ""consumer_defensive"": 0.0614, ""technology"": 0.097799994, ""communication_services"": 0.0154, ""financial_services"": 0.19379999, ""utilities"": 0.0556, ""industrials"": 0.1494, ""energy"": 0.047, ""healthcare"": 0.0721}"
IVV,2025-07-14,iShares Core S&P 500 ETF,Unknown,Unknown,Unknown,Unknown,389394857984.0,,,621550016.0,26.96,,,1.45,,,,,,,,,,,,,,,,,,,,430.88,,,0.0131,0.0,0.0,0.0,626.49,,,,Unknown,,,629.87,484.0,597.44,586.82,,,"{""realestate"": 0.0214, ""consumer_cyclical"": 0.1083, ""basic_materials"": 0.0172, ""consumer_defensive"": 0.0589, ""technology"": 0.3291, ""communication_services"": 0.0962, ""financial_services"": 0.1393, ""utilities"": 0.0249, ""industrials"": 0.078600004, ""energy"": 0.03, ""healthcare"": 0.0962}"
IVW,2025-07-14,iShares S&P 500 Growth ETF,Unknown,Unknown,Unknown,Unknown,14479559680.0,,,130800000.0,33.49,,,1.5,,,,,,,,,,,,,,,,,,,,73.93,,,0.0044,0.0,0.0,0.0,110.7,,,,Unknown,,,111.17,79.31,104.41,100.13,,,"{""realestate"": 0.012, ""consumer_cyclical"": 0.12529999, ""basic_materials"": 0.0045, ""consumer_defensive"": 0.0378, ""technology"": 0.4079, ""communication_services"": 0.1458, ""financial_services"": 0.1197, ""utilities"": 0.0117999995, ""industrials"": 0.0736, ""energy"": 0.006, ""healthcare"": 0.0555}"
IWB,2025-07-14,iShares Russell 1000 ETF,Unknown,Unknown,Unknown,Unknown,42919419904.0,,,125250000.0,26.59,,,1.42,,,,,,,,,,,,,,,,,,,,241.76,,,0.0112,0.0,0.0,0.0,342.67,,,,Unknown,,,344.63,264.17,326.78,321.06,,,"{""realestate"": 0.024400001, ""consumer_cyclical"": 0.1092, ""basic_materials"": 0.0194, ""consumer_defensive"": 0.056900002, ""technology"": 0.3147, ""communication_services"": 0.09689999, ""financial_services"": 0.14140001, ""utilities"": 0.023699999, ""industrials"": 0.0864, ""energy"": 0.0307, ""healthcare"": 0.0962}"
IWF,2025-07-14,iShares Russell 1000 Growth ETF,Unknown,Unknown,Unknown,Unknown,121087827968.0,,,283200000.0,35.2,,,1.76,,,,,,,,,,,,,,,,,,,,243.05,,,0.0045,0.0,0.0,0.0,427.57,,,,Unknown,,,429.77,308.67,403.06,391.12,,,"{""realestate"": 0.0052, ""consumer_cyclical"": 0.1495, ""basic_materials"": 0.0058, ""consumer_defensive"": 0.0358, ""technology"": 0.4891, ""communication_services"": 0.1353, ""financial_services"": 0.0694, ""utilities"": 0.0029, ""industrials"": 0.0356, ""energy"": 0.0042, ""healthcare"": 0.0672}"
IWL,2025-07-14,iShares Russell Top 200 ETF,Unknown,Unknown,Unknown,Unknown,0.0,,,,27.74,,,,,,,,,,,,,,,,,,,,,,,,,,0.0105,0.0,0.0,0.0,154.32,,,,Unknown,,,155.02,118.75,146.88,143.91,,,"{""realestate"": 0.0101, ""consumer_cyclical"": 0.1086, ""basic_materials"": 0.0146, ""consumer_defensive"": 0.0598, ""technology"": 0.35349998, ""communication_services"": 0.1107, ""financial_services"": 0.1396, ""utilities"": 0.0137, ""industrials"": 0.0668, ""energy"": 0.0249, ""healthcare"": 0.097600006}"
IWP,2025-07-14,iShares Russell Mid-Cap Growth ETF,Unknown,Unknown,Unknown,Unknown,10512638976.0,,,76450000.0,32.45,,,1.23,,,,,,,,,,,,,,,,,,,,112.14,,,0.0037,0.0,0.0,0.0,137.51,,,,Unknown,,,140.19,99.85,133.44,127.53,,,"{""realestate"": 0.0113, ""consumer_cyclical"": 0.135, ""basic_materials"": 0.0070999996, ""consumer_defensive"": 0.0199, ""technology"": 0.3091, ""communication_services"": 0.0759, ""financial_services"": 0.103199996, ""utilities"": 0.021300001, ""industrials"": 0.1532, ""energy"": 0.0373, ""healthcare"": 0.1268}"
IWR,2025-07-14,iShares Russell Mid-Cap ETF,Unknown,Unknown,Unknown,Unknown,32573392896.0,,,349649984.0,22.81,,,1.26,,,,,,,,,,,,,,,,,,,,73.93,,,0.0131,0.0,0.0,0.0,93.16,,,,Unknown,,,96.01,73.17,89.68,88.95,,,"{""realestate"": 0.0764, ""consumer_cyclical"": 0.1112, ""basic_materials"": 0.0366, ""consumer_defensive"": 0.0466, ""technology"": 0.17379999, ""communication_services"": 0.0469, ""financial_services"": 0.1476, ""utilities"": 0.060100004, ""industrials"": 0.1576, ""energy"": 0.0521, ""healthcare"": 0.0912}"
IWY,2025-07-14,iShares Russell Top 200 Growth ETF,Unknown,Unknown,Unknown,Unknown,0.0,,,,35.44,,,,,,,,,,,,,,,,,,,,,,,,,,0.0042,0.0,0.0,0.0,248.33,,,,Unknown,,,249.32,180.65,234.18,227.96,,,"{""realestate"": 0.0052, ""consumer_cyclical"": 0.1551, ""basic_materials"": 0.0064999997, ""consumer_defensive"": 0.0436, ""technology"": 0.48540002, ""communication_services"": 0.1358, ""financial_services"": 0.075100005, ""utilities"": 0.0007, ""industrials"": 0.024300002, ""energy"": 0.0001, ""healthcare"": 0.0682}"
IXC,2025-07-14,iShares Global Energy ETF,Unknown,Unknown,Unknown,Unknown,1061355008.0,,,25950000.0,14.96,,,1.53,,,,,,,,,,,,,,,,,,,,26.82,,,0.0459,0.0,0.0,0.0,40.9,,,,Unknown,,,43.29,33.89,39.01,39.85,,,"{""realestate"": 0.0, ""consumer_cyclical"": 0.0, ""basic_materials"": 0.0, ""consumer_defensive"": 0.0, ""technology"": 0.0, ""communication_services"": 0.0, ""financial_services"": 0.0, ""utilities"": 0.0, ""industrials"": 0.0, ""energy"": 1.0, ""healthcare"": 0.0}"
IXG,2025-07-07,iShares Global Financials ETF,Unknown,Unknown,Unknown,Unknown,610928640.0,,,5450000.0,15.1,,,1.43,,,,,,,,,,,,,,,,,,,,78.32,,,0.0233,0.0,0.0,0.0,112.1,,,,Unknown,,,112.22,82.6,107.45,101.0,,,"{""realestate"": 0.0, ""consumer_cyclical"": 0.0, ""basic_materials"": 0.0, ""consumer_defensive"": 0.0, ""technology"": 0.019299999, ""communication_services"": 0.0, ""financial_services"": 0.9777, ""utilities"": 0.0, ""industrials"": 0.003, ""energy"": 0.0, ""healthcare"": 0.0}"
IXJ,2025-07-14,iShares Global Healthcare ETF,Unknown,Unknown,Unknown,Unknown,3087401984.0,,,35850000.0,23.95,,,1.12,,,,,,,,,,,,,,,,,,,,76.96,,,0.015,0.0,0.0,0.0,86.12,,,,Unknown,,,101.31,80.68,85.98,89.89,,,"{""realestate"": 0.0, ""consumer_cyclical"": 0.0, ""basic_materials"": 0.0, ""consumer_defensive"": 0.0, ""technology"": 0.0, ""communication_services"": 0.0, ""financial_services"": 0.0, ""utilities"": 0.0, ""industrials"": 0.0, ""energy"": 0.0, ""healthcare"": 1.0}"
IXN,2025-07-14,iShares Global Tech ETF,Unknown,Unknown,Unknown,Unknown,1389276032.0,,,14900000.0,34.68,,,1.65,,,,,,,,,,,,,,,,,,,,56.57,,,0.0043,0.0,0.0,0.0,93.24,,,,Unknown,,,94.05,63.58,86.32,83.03,,,"{""realestate"": 0.0, ""consumer_cyclical"": 0.0, ""basic_materials"": 0.0, ""consumer_defensive"": 0.0, ""technology"": 0.9959, ""communication_services"": 0.0, ""financial_services"": 0.0, ""utilities"": 0.0, ""industrials"": 0.0041, ""energy"": 0.0, ""healthcare"": 0.0}"
IXP,2025-06-02,iShares Global Comm Services ETF,Unknown,Unknown,Unknown,Unknown,447397472.0,,,4250000.0,20.11,,,1.31,,,,,,,,,,,,,,,,,,,,80.1,,,0.0133,0.0,0.0,0.0,105.27,,,,Unknown,,,107.18,82.18,98.73,97.11,,,"{""realestate"": 0.0056, ""consumer_cyclical"": 0.0023, ""basic_materials"": 0.0, ""consumer_defensive"": 0.0, ""technology"": 0.0, ""communication_services"": 0.9921, ""financial_services"": 0.0, ""utilities"": 0.0, ""industrials"": 0.0, ""energy"": 0.0, ""healthcare"": 0.0}"
IYF,2025-07-14,iShares U.S. Financials ETF,Unknown,Unknown,Unknown,Unknown,1655608576.0,,,13650000.0,17.22,,,1.36,,,,,,,,,,,,,,,,,,,,89.24,,,0.0128,0.0,0.0,0.0,121.29,,,,Unknown,,,123.11,92.83,116.64,112.91,,,"{""realestate"": 0.0053, ""consumer_cyclical"": 0.0, ""basic_materials"": 0.0, ""consumer_defensive"": 0.0, ""technology"": 0.0049, ""communication_services"": 0.0, ""financial_services"": 0.9897, ""utilities"": 0.0, ""industrials"": 0.0, ""energy"": 0.0, ""healthcare"": 0.0}"
IYG,2025-07-14,iShares U.S. Financial Services ETF,Unknown,Unknown,Unknown,Unknown,896480000.0,,,10400000.0,18.66,,,0.43,,,,,,,,,,,,,,,,,,,,199.7,,,0.0112,0.0,0.0,0.0,86.2,,,,Unknown,,,87.58,63.6,82.52,79.02,,,"{""realestate"": 0.0, ""consumer_cyclical"": 0.0, ""basic_materials"": 0.0, ""consumer_defensive"": 0.0, ""technology"": 0.0, ""communication_services"": 0.0, ""financial_services"": 1.0, ""utilities"": 0.0, ""industrials"": 0.0, ""energy"": 0.0, ""healthcare"": 0.0}"
IYH,2025-07-14,iShares U.S. Healthcare ETF,Unknown,Unknown,Unknown,Unknown,623590016.0,,,11000000.0,24.05,,,0.22,,,,,,,,,,,,,,,,,,,,263.08,,,0.013,0.0,0.0,0.0,56.69,,,,Unknown,,,66.59,53.35,56.13,59.81,,,"{""realestate"": 0.0, ""consumer_cyclical"": 0.0, ""basic_materials"": 0.0, ""consumer_defensive"": 0.0, ""technology"": 0.0, ""communication_services"": 0.0, ""financial_services"": 0.0, ""utilities"": 0.0, ""industrials"": 0.0, ""energy"": 0.0, ""healthcare"": 1.0}"
IYK,2025-07-14,iShares US Consumer Staples ETF,Unknown,Unknown,Unknown,Unknown,262687504.0,,,3750000.0,22.24,,,0.38,,,,,,,,,,,,,,,,,,,,184.66,,,0.024,0.0,0.0,0.0,70.05,,,,Unknown,,,73.25,63.18,70.5,69.13,,,"{""realestate"": 0.0, ""consumer_cyclical"": 0.007900001, ""basic_materials"": 0.022, ""consumer_defensive"": 0.8664, ""technology"": 0.0, ""communication_services"": 0.0, ""financial_services"": 0.0, ""utilities"": 0.0, ""industrials"": 0.00029999999, ""energy"": 0.0, ""healthcare"": 0.1034}"
IYM,2025-05-02,iShares U.S. Basic Materials ETF,Unknown,Unknown,Unknown,Unknown,554022016.0,,,4200000.0,23.13,,,0.99,,,,,,,,,,,,,,,,,,,,133.64,,,0.0161,0.0,0.0,0.0,131.91,,,,Unknown,,,153.55,115.07,132.19,139.68,,,"{""realestate"": 0.0, ""consumer_cyclical"": 0.060300004, ""basic_materials"": 0.8645, ""consumer_defensive"": 0.0, ""technology"": 0.0, ""communication_services"": 0.0, ""financial_services"": 0.0, ""utilities"": 0.0, ""industrials"": 0.0752, ""energy"": 0.0, ""healthcare"": 0.0}"
IYW,2025-07-14,iShares U.S. Technology ETF,Unknown,Unknown,Unknown,Unknown,3615401984.0,,,20650000.0,37.49,,,1.59,,,,,,,,,,,,,,,,,,,,110.39,,,0.0021,0.0,0.0,0.0,175.08,,,,Unknown,,,176.92,117.55,161.98,155.86,,,"{""realestate"": 0.0, ""consumer_cyclical"": 0.0068, ""basic_materials"": 0.0, ""consumer_defensive"": 0.0, ""technology"": 0.8976, ""communication_services"": 0.0912, ""financial_services"": 0.0002, ""utilities"": 0.0, ""industrials"": 0.0042, ""energy"": 0.0, ""healthcare"": 0.0}"
IYY,2025-07-14,iShares Dow Jones U.S. ETF,Unknown,Unknown,Unknown,Unknown,1256062464.0,,,8250000.0,26.62,,,1.45,,,,,,,,,,,,,,,,,,,,105.12,,,0.0106,0.0,0.0,0.0,152.25,,,,Unknown,,,153.13,116.99,145.06,142.51,,,"{""realestate"": 0.0238, ""consumer_cyclical"": 0.1088, ""basic_materials"": 0.0195, ""consumer_defensive"": 0.056500003, ""technology"": 0.32029998, ""communication_services"": 0.0939, ""financial_services"": 0.14060001, ""utilities"": 0.024300002, ""industrials"": 0.0859, ""energy"": 0.0305, ""healthcare"": 0.0959}"
JCPB,2025-07-14,JPMorgan Core Plus Bond ETF,Unknown,Unknown,Unknown,Unknown,0.0,,,,60.29,,,,,,,,,,,,,,,,,,,,,,,,,,0.0511,0.0,0.0,0.0,46.51,,,,Unknown,,,48.54,45.51,46.46,46.67,,,"{""realestate"": 0.0, ""consumer_cyclical"": 0.0, ""basic_materials"": 0.0, ""consumer_defensive"": 0.0, ""technology"": 0.0, ""communication_services"": 0.0, ""financial_services"": 0.0, ""utilities"": 0.0, ""industrials"": 0.0, ""energy"": 1.0, ""healthcare"": 0.0}"
JDIV,2025-07-14,JPMorgan Dividend Leaders ETF,Unknown,Unknown,Unknown,Unknown,0.0,,,,20.81,,,,,,,,,,,,,,,,,,,,,,,,,,0.0,0.0,0.0,0.0,51.93,,,,Unknown,,,52.24,42.03,50.24,48.16,,,"{""realestate"": 0.0, ""consumer_cyclical"": 0.0884, ""basic_materials"": 0.012200001, ""consumer_defensive"": 0.045500003, ""technology"": 0.2533, ""communication_services"": 0.0923, ""financial_services"": 0.1876, ""utilities"": 0.07, ""industrials"": 0.123900004, ""energy"": 0.0423, ""healthcare"": 0.0845}"
JHMD,2025-07-14,John Hancock Multifactor Developed International ETF,Unknown,Unknown,Unknown,Unknown,0.0,,,,15.47,,,,,,,,,,,,,,,,,,,,,,,,,,0.03,0.0,0.0,0.0,38.16,,,,Unknown,,,38.72,30.98,37.76,34.97,,,"{""realestate"": 0.0196, ""consumer_cyclical"": 0.08930001, ""basic_materials"": 0.070199996, ""consumer_defensive"": 0.0871, ""technology"": 0.0701, ""communication_services"": 0.0646, ""financial_services"": 0.22770001, ""utilities"": 0.0437, ""industrials"": 0.1942, ""energy"": 0.045900002, ""healthcare"": 0.0875}"
JMBS,2025-07-14,Janus Henderson Mortgage-Backed Securities ETF,Unknown,Unknown,Unknown,Unknown,0.0,,,,,,,,,,,,,,,,,,,,,,,,,,,,,,0.0549,0.0,0.0,0.0,44.54,,,,Unknown,,,47.06,43.45,44.47,44.8,,,{}
JMOM,2025-07-14,JPMorgan U.S. Momentum Factor ETF,Unknown,Unknown,Unknown,Unknown,0.0,,,,26.91,,,,,,,,,,,,,,,,,,,,,,,,,,0.0082,0.0,0.0,0.0,63.74,,,,Unknown,,,64.68,48.68,61.44,59.35,,,"{""realestate"": 0.0242, ""consumer_cyclical"": 0.093100004, ""basic_materials"": 0.0138, ""consumer_defensive"": 0.0685, ""technology"": 0.32759997, ""communication_services"": 0.077, ""financial_services"": 0.115, ""utilities"": 0.023, ""industrials"": 0.1221, ""energy"": 0.0344, ""healthcare"": 0.1014}"
JMST,2025-07-14,JPMorgan Ultra-Short Municipal Income ETF,Unknown,Unknown,Unknown,Unknown,0.0,,,,,,,,,,,,,,,,,,,,,,,,,,,,,,0.0318,0.0,0.0,0.0,50.89,,,,Unknown,,,50.98,50.42,50.8,50.79,,,{}
JMUB,2025-07-07,JPMorgan Municipal ETF,Unknown,Unknown,Unknown,Unknown,0.0,,,,10.04,,,,,,,,,,,,,,,,,,,,,,,,,,0.0353,0.0,0.0,0.0,49.52,,,,Unknown,,,51.31,47.95,49.44,50.15,,,"{""realestate"": 0.023699999, ""consumer_cyclical"": 0.1183, ""basic_materials"": 0.020499999, ""consumer_defensive"": 0.0507, ""technology"": 0.2988, ""communication_services"": 0.0857, ""financial_services"": 0.1301, ""utilities"": 0.0217, ""industrials"": 0.0853, ""energy"": 0.0372, ""healthcare"": 0.1279}"
JPEM,2025-05-02,JPMorgan Diversified Return Emerging Markets Equity ETF,Unknown,Unknown,Unknown,Unknown,0.0,,,,11.43,,,,,,,,,,,,,,,,,,,,,,,,,,0.0529,0.0,0.0,0.0,54.78,,,,Unknown,,,57.88,47.92,52.47,53.59,,,"{""realestate"": 0.019, ""consumer_cyclical"": 0.0853, ""basic_materials"": 0.104499996, ""consumer_defensive"": 0.100200005, ""technology"": 0.0608, ""communication_services"": 0.0923, ""financial_services"": 0.18190001, ""utilities"": 0.091000006, ""industrials"": 0.1271, ""energy"": 0.0921, ""healthcare"": 0.0458}"
JPIB,2025-07-14,JPMorgan International Bond Opportunities ETF,Unknown,Unknown,Unknown,Unknown,0.0,,,,4.88,,,,,,,,,,,,,,,,,,,,,,,,,,0.0482,0.0,0.0,0.0,48.37,,,,Unknown,,,48.84,46.54,48.17,47.9,,,"{""realestate"": 0.0, ""consumer_cyclical"": 0.0, ""basic_materials"": 0.0, ""consumer_defensive"": 0.0, ""technology"": 0.0, ""communication_services"": 1.0, ""financial_services"": 0.0, ""utilities"": 0.0, ""industrials"": 0.0, ""energy"": 0.0, ""healthcare"": 0.0}"
JPME,2025-06-02,JPMorgan Diversified Return U.S. Mid Cap Equity ETF,Unknown,Unknown,Unknown,Unknown,0.0,,,,18.03,,,,,,,,,,,,,,,,,,,,,,,,,,0.0196,0.0,0.0,0.0,101.56,,,,Unknown,,,111.55,87.85,98.81,103.01,,,"{""realestate"": 0.1109, ""consumer_cyclical"": 0.1019, ""basic_materials"": 0.0733, ""consumer_defensive"": 0.1034, ""technology"": 0.1082, ""communication_services"": 0.0219, ""financial_services"": 0.0922, ""utilities"": 0.1008, ""industrials"": 0.0968, ""energy"": 0.0735, ""healthcare"": 0.1172}"
JPSE,2025-06-02,JPMorgan Diversified Return U.S. Small Cap Equity ETF,Unknown,Unknown,Unknown,Unknown,0.0,,,,15.66,,,,,,,,,,,,,,,,,,,,,,,,,,0.0188,0.0,0.0,0.0,43.92,,,,Unknown,,,52.04,37.66,42.63,46.22,,,"{""realestate"": 0.1287, ""consumer_cyclical"": 0.082600005, ""basic_materials"": 0.0933, ""consumer_defensive"": 0.0919, ""technology"": 0.1242, ""communication_services"": 0.0275, ""financial_services"": 0.107700005, ""utilities"": 0.0553, ""industrials"": 0.12529999, ""energy"": 0.0723, ""healthcare"": 0.0912}"
JQUA,2025-07-07,JPMorgan U.S. Quality Factor ETF,Unknown,Unknown,Unknown,Unknown,0.0,,,,24.59,,,,,,,,,,,,,,,,,,,,,,,,,,0.0128,0.0,0.0,0.0,60.84,,,,Unknown,,,60.86,49.25,58.41,57.78,,,"{""realestate"": 0.0241, ""consumer_cyclical"": 0.1146, ""basic_materials"": 0.0171, ""consumer_defensive"": 0.0674, ""technology"": 0.3444, ""communication_services"": 0.060700003, ""financial_services"": 0.1475, ""utilities"": 0.0145000005, ""industrials"": 0.0776, ""energy"": 0.0332, ""healthcare"": 0.098900005}"
JSMD,2025-07-14,Janus Henderson Small/Mid Cap Growth Alpha ETF,Unknown,Unknown,Unknown,Unknown,0.0,,,,18.4,,,,,,,,,,,,,,,,,,,,,,,,,,0.0077,0.0,0.0,0.0,78.06,,,,Unknown,,,83.23,60.99,75.16,74.42,,,"{""realestate"": 0.0119, ""consumer_cyclical"": 0.1019, ""basic_materials"": 0.0061000003, ""consumer_defensive"": 0.0558, ""technology"": 0.2484, ""communication_services"": 0.0403, ""financial_services"": 0.188, ""utilities"": 0.0222, ""industrials"": 0.16520001, ""energy"": 0.0125, ""healthcare"": 0.1476}"
JVAL,2025-07-14,JPMorgan U.S. Value Factor ETF,Unknown,Unknown,Unknown,Unknown,0.0,,,,17.58,,,,,,,,,,,,,,,,,,,,,,,,,,0.0236,0.0,0.0,0.0,45.11,,,,Unknown,,,46.02,35.62,42.88,43.11,,,"{""realestate"": 0.0318, ""consumer_cyclical"": 0.1269, ""basic_materials"": 0.0223, ""consumer_defensive"": 0.0444, ""technology"": 0.3136, ""communication_services"": 0.0828, ""financial_services"": 0.1164, ""utilities"": 0.023699999, ""industrials"": 0.1017, ""energy"": 0.0353, ""healthcare"": 0.1009}"
KBND,2025-06-16,Krane Shares China Credit Index ETF,Unknown,Unknown,Unknown,Unknown,0.0,,,,,,,,,,,,,,,,,,,,,,,,,,,,,,0.0218,0.0,0.0,0.0,31.38,,,,Unknown,,,31.76,29.84,31.16,30.72,,,{}
KBWP,2025-07-14,Invesco KBW Property & Casualty Insurance ETF,Unknown,Unknown,Unknown,Unknown,0.0,,,,12.25,,,,,,,,,,,,,,,,,,,,,,,,,,0.0166,0.0,0.0,0.0,117.75,,,,Unknown,,,127.17,103.71,122.17,118.79,,,"{""realestate"": 0.0, ""consumer_cyclical"": 0.0, ""basic_materials"": 0.0, ""consumer_defensive"": 0.0, ""technology"": 0.0, ""communication_services"": 0.0, ""financial_services"": 1.0, ""utilities"": 0.0, ""industrials"": 0.0, ""energy"": 0.0, ""healthcare"": 0.0}"
KCE,2025-07-14,SPDR S&P Capital Markets ETF,Unknown,Unknown,Unknown,Unknown,105175000.0,,,700000.0,23.15,,,2.0,,,,,,,,,,,,,,,,,,,,75.28,,,0.0161,0.0,0.0,0.0,150.25,,,,Unknown,,,152.16,104.46,137.85,135.35,,,"{""realestate"": 0.0, ""consumer_cyclical"": 0.0, ""basic_materials"": 0.0, ""consumer_defensive"": 0.0, ""technology"": 0.0194, ""communication_services"": 0.0, ""financial_services"": 0.9806, ""utilities"": 0.0, ""industrials"": 0.0, ""energy"": 0.0, ""healthcare"": 0.0}"
KIE,2025-07-14,SPDR S&P Insurance ETF,Unknown,Unknown,Unknown,Unknown,0.0,,,,14.57,,,,,,,,,,,,,,,,,,,,,,,,,,0.0159,0.0,0.0,0.0,56.88,,,,Unknown,,,62.47,50.98,58.55,58.09,,,"{""realestate"": 0.0, ""consumer_cyclical"": 0.0, ""basic_materials"": 0.0, ""consumer_defensive"": 0.0, ""technology"": 0.0, ""communication_services"": 0.0, ""financial_services"": 0.9821, ""utilities"": 0.0, ""industrials"": 0.0, ""energy"": 0.0, ""healthcare"": 0.0179}"
KNG,2025-05-02,FT Cboe Vest S&P 500 Dividend Aristocrats Target Income ETF,Unknown,Unknown,Unknown,Unknown,0.0,,,,22.2,,,,,,,,,,,,,,,,,,,,,,,,,,0.0348,0.0,0.0,0.0,48.56,,,,Unknown,,,55.5,44.63,49.45,51.76,,,"{""realestate"": 0.0446, ""consumer_cyclical"": 0.057800002, ""basic_materials"": 0.096099995, ""consumer_defensive"": 0.236, ""technology"": 0.0466, ""communication_services"": 0.0, ""financial_services"": 0.13350001, ""utilities"": 0.0637, ""industrials"": 0.1878, ""energy"": 0.031400003, ""healthcare"": 0.1024}"
KORP,2025-07-14,American Century Diversified Corporate Bond ETF,Unknown,Unknown,Unknown,Unknown,0.0,,,,,,,,,,,,,,,,,,,,,,,,,,,,,,0.0504,0.0,0.0,0.0,46.49,,,,Unknown,,,48.57,44.81,46.29,46.52,,,{}
LGOV,2025-07-14,First Trust Long Duration Opportunities ETF,Unknown,Unknown,Unknown,Unknown,0.0,,,,,,,,,,,,,,,,,,,,,,,,,,,,,,0.0391,0.0,0.0,0.0,21.06,,,,Unknown,,,23.64,19.91,21.17,21.29,,,{}
LKOR,2025-07-14,FlexShares Credit-Scored US Long Corporate Bond Index Fund,Unknown,Unknown,Unknown,Unknown,0.0,,,,,,,,,,,,,,,,,,,,,,,,,,,,,,0.057,0.0,0.0,0.0,41.54,,,,Unknown,,,46.25,39.49,41.36,42.46,,,{}
LMBS,2025-07-14,First Trust Low Duration Opportunities ETF,Unknown,Unknown,Unknown,Unknown,0.0,,,,,,,,,,,,,,,,,,,,,,,,,,,,,,0.0411,0.0,0.0,0.0,49.16,,,,Unknown,,,51.49,45.06,49.01,48.92,,,{}
LQDH,2025-07-14,iShares Interest Rate Hedged Corporate Bond ETF,Unknown,Unknown,Unknown,Unknown,0.0,,,,,,,,,,,,,,,,,,,,,,,,,,,,,,0.0695,0.0,0.0,0.0,92.26,,,,Unknown,,,94.44,88.08,91.88,92.56,,,{}
LQDI,2025-07-14,iShares Inflation Hedged Corporate Bond ETF,Unknown,Unknown,Unknown,Unknown,0.0,,,,,,,,,,,,,,,,,,,,,,,,,,,,,,0.0452,0.0,0.0,0.0,26.14,,,,Unknown,,,27.0,24.64,25.89,25.99,,,{}
LRGF,2025-07-14,iShares U.S. Equity Factor ETF,Unknown,Unknown,Unknown,Unknown,0.0,,,,24.89,,,,,,,,,,,,,,,,,,,,,,,,,,0.012,0.0,0.0,0.0,64.56,,,,Unknown,,,65.06,49.96,61.75,60.45,,,"{""realestate"": 0.020299999, ""consumer_cyclical"": 0.123, ""basic_materials"": 0.020399999, ""consumer_defensive"": 0.0709, ""technology"": 0.33099997, ""communication_services"": 0.076, ""financial_services"": 0.141, ""utilities"": 0.026300002, ""industrials"": 0.0616, ""energy"": 0.0301, ""healthcare"": 0.099300005}"
LVHI,2025-07-14,Franklin International Low Volatility High Dividend Index ETF,Unknown,Unknown,Unknown,Unknown,0.0,,,,11.29,,,,,,,,,,,,,,,,,,,,,,,,,,0.034,0.0,0.0,0.0,33.17,,,,Unknown,,,33.32,28.46,32.74,31.62,,,"{""realestate"": 0.0154, ""consumer_cyclical"": 0.088, ""basic_materials"": 0.0753, ""consumer_defensive"": 0.105500005, ""technology"": 0.0, ""communication_services"": 0.067600004, ""financial_services"": 0.24209999, ""utilities"": 0.0754, ""industrials"": 0.11399999, ""energy"": 0.14819999, ""healthcare"": 0.0683}"
MAGA,2025-07-14,Point Bridge America First ETF,Unknown,Unknown,Unknown,Unknown,0.0,,,,20.67,,,,,,,,,,,,,,,,,,,,,,,,,,0.0115,0.0,0.0,0.0,51.26,,,,Unknown,,,52.68,42.22,49.19,48.93,,,"{""realestate"": 0.041500002, ""consumer_cyclical"": 0.1042, ""basic_materials"": 0.0748, ""consumer_defensive"": 0.065, ""technology"": 0.0437, ""communication_services"": 0.0072000003, ""financial_services"": 0.1844, ""utilities"": 0.112399995, ""industrials"": 0.2192, ""energy"": 0.11359999, ""healthcare"": 0.034}"
MBSD,2025-07-14,FlexShares Disciplined Duration MBS Index Fund,Unknown,Unknown,Unknown,Unknown,0.0,,,,,,,,,,,,,,,,,,,,,,,,,,,,,,0.0398,0.0,0.0,0.0,20.48,,,,Unknown,,,21.24,19.99,20.47,20.49,,,{}
MDYG,2025-05-02,SPDR S&P 400 Mid Cap Growth ETF,Unknown,Unknown,Unknown,Unknown,0.0,,,,21.17,,,,,,,,,,,,,,,,,,,,,,,,,,0.0097,0.0,0.0,0.0,82.0,,,,Unknown,,,95.51,68.59,79.48,86.06,,,"{""realestate"": 0.0509, ""consumer_cyclical"": 0.1408, ""basic_materials"": 0.0287, ""consumer_defensive"": 0.049000002, ""technology"": 0.16059999, ""communication_services"": 0.0058, ""financial_services"": 0.15689999, ""utilities"": 0.0032, ""industrials"": 0.2565, ""energy"": 0.0344, ""healthcare"": 0.113000005}"
MDYV,2025-07-14,SPDR S&P 400 Mid Cap Value ETF,Unknown,Unknown,Unknown,Unknown,0.0,,,,16.66,,,,,,,,,,,,,,,,,,,,,,,,,,0.0192,0.0,0.0,0.0,82.05,,,,Unknown,,,87.81,65.86,78.2,79.57,,,"{""realestate"": 0.1088, ""consumer_cyclical"": 0.1339, ""basic_materials"": 0.062, ""consumer_defensive"": 0.0615, ""technology"": 0.1018, ""communication_services"": 0.0154, ""financial_services"": 0.19229999, ""utilities"": 0.052800003, ""industrials"": 0.1546, ""energy"": 0.0484, ""healthcare"": 0.0685}"
MEAR,2025-07-14,iShares Short Maturity Municipal Bond Active ETF,Unknown,Unknown,Unknown,Unknown,0.0,,,,,,,,,,,,,,,,,,,,,,,,,,,,,,0.0324,0.0,0.0,0.0,50.28,,,,Unknown,,,51.1,49.44,50.12,50.13,,,{}
MFDX,2025-07-14,PIMCO RAFI Dynamic Multi-Factor International Equity ETF,Unknown,Unknown,Unknown,Unknown,0.0,,,,15.58,,,,,,,,,,,,,,,,,,,,,,,,,,0.0293,0.0,0.0,0.0,35.34,,,,Unknown,,,35.94,28.52,34.85,32.08,,,"{""realestate"": 0.0277, ""consumer_cyclical"": 0.0921, ""basic_materials"": 0.0699, ""consumer_defensive"": 0.1161, ""technology"": 0.067, ""communication_services"": 0.08979999, ""financial_services"": 0.206, ""utilities"": 0.049200002, ""industrials"": 0.1718, ""energy"": 0.024500001, ""healthcare"": 0.0858}"
MFEM,2025-07-14,PIMCO RAFI Dynamic Multi-Factor Emerging Markets Equity ETF,Unknown,Unknown,Unknown,Unknown,0.0,,,,10.97,,,,,,,,,,,,,,,,,,,,,,,,,,0.0564,0.0,0.0,0.0,21.26,,,,Unknown,,,21.59,16.74,20.35,19.69,,,"{""realestate"": 0.0238, ""consumer_cyclical"": 0.0701, ""basic_materials"": 0.1004, ""consumer_defensive"": 0.0633, ""technology"": 0.18360001, ""communication_services"": 0.0749, ""financial_services"": 0.2507, ""utilities"": 0.0493, ""industrials"": 0.0958, ""energy"": 0.0616, ""healthcare"": 0.026500002}"
MFLX,2025-07-14,First Trust Flexible Municipal High Income ETF,Unknown,Unknown,Unknown,Unknown,0.0,,,,,,,,,,,,,,,,,,,,,,,,,,,,,,0.0414,0.0,0.0,0.0,16.48,,,,Unknown,,,18.91,15.6,16.55,16.96,,,"{""realestate"": 0.0, ""consumer_cyclical"": 0.0, ""basic_materials"": 0.0, ""consumer_defensive"": 0.0, ""technology"": 0.0, ""communication_services"": 0.0, ""financial_services"": 0.0, ""utilities"": 1.0, ""industrials"": 0.0, ""energy"": 0.0, ""healthcare"": 0.0}"
MFUS,2025-07-14,PIMCO RAFI Dynamic Multi-Factor U.S. Equity ETF,Unknown,Unknown,Unknown,Unknown,0.0,,,,21.4,,,,,,,,,,,,,,,,,,,,,,,,,,0.0153,0.0,0.0,0.0,53.54,,,,Unknown,,,54.06,43.62,51.84,50.88,,,"{""realestate"": 0.019299999, ""consumer_cyclical"": 0.1093, ""basic_materials"": 0.0172, ""consumer_defensive"": 0.1302, ""technology"": 0.17899999, ""communication_services"": 0.0798, ""financial_services"": 0.168, ""utilities"": 0.0218, ""industrials"": 0.105500005, ""energy"": 0.028099999, ""healthcare"": 0.1418}"
MGC,2025-07-14,Vanguard Mega Cap Index Fund,Unknown,Unknown,Unknown,Unknown,0.0,,,,28.35,,,,,,,,,,,,,,,,,,,,,,,,,,0.0115,0.0,0.0,0.0,226.7,,,,Unknown,,,227.66,173.32,215.73,211.29,,,"{""realestate"": 0.010299999, ""consumer_cyclical"": 0.1039, ""basic_materials"": 0.012, ""consumer_defensive"": 0.0594, ""technology"": 0.3523, ""communication_services"": 0.1066, ""financial_services"": 0.145, ""utilities"": 0.0117999995, ""industrials"": 0.0589, ""energy"": 0.026300002, ""healthcare"": 0.11350001}"
MGK,2025-07-14,Vanguard Mega Cap Growth Index Fund,Unknown,Unknown,Unknown,Unknown,0.0,,,,40.8,,,,,,,,,,,,,,,,,,,,,,,,,,0.0044,0.0,0.0,0.0,369.2,,,,Unknown,,,370.45,262.65,347.98,335.38,,,"{""realestate"": 0.013300001, ""consumer_cyclical"": 0.1568, ""basic_materials"": 0.0081, ""consumer_defensive"": 0.0229, ""technology"": 0.5447, ""communication_services"": 0.1104, ""financial_services"": 0.064, ""utilities"": 0.0, ""industrials"": 0.0154, ""energy"": 0.0, ""healthcare"": 0.0646}"
MGV,2025-07-14,Vanguard Mega Cap Value Index Fund,Unknown,Unknown,Unknown,Unknown,0.0,,,,19.79,,,,,,,,,,,,,,,,,,,,,,,,,,0.0226,0.0,0.0,0.0,132.04,,,,Unknown,,,133.82,112.25,128.13,128.11,,,"{""realestate"": 0.0104, ""consumer_cyclical"": 0.037100002, ""basic_materials"": 0.020299999, ""consumer_defensive"": 0.1146, ""technology"": 0.0955, ""communication_services"": 0.0433, ""financial_services"": 0.2691, ""utilities"": 0.0287, ""industrials"": 0.12529999, ""energy"": 0.0641, ""healthcare"": 0.1917}"
MLPX,2025-07-14,Global X MLP & Energy Infrastructure ETF,Unknown,Unknown,Unknown,Unknown,0.0,,,,18.53,,,,,,,,,,,,,,,,,,,,,,,,,,0.0456,0.0,0.0,0.0,61.35,,,,Unknown,,,67.47,49.52,61.2,60.85,,,"{""realestate"": 0.0, ""consumer_cyclical"": 0.0, ""basic_materials"": 0.0, ""consumer_defensive"": 0.0, ""technology"": 0.0, ""communication_services"": 0.0, ""financial_services"": 0.0, ""utilities"": 0.0, ""industrials"": 0.0, ""energy"": 1.0, ""healthcare"": 0.0}"
MMIT,2025-07-14,NYLI MacKay Muni Intermediate ETF,Unknown,Unknown,Unknown,Unknown,0.0,,,,,,,,,,,,,,,,,,,,,,,,,,,,,,0.0372,0.0,0.0,0.0,23.73,,,,Unknown,,,24.65,22.99,23.76,24.05,,,{}
MMTM,2025-07-14,SPDR S&P 1500 Momentum Tilt ETF,Unknown,Unknown,Unknown,Unknown,0.0,,,,26.62,,,,,,,,,,,,,,,,,,,,,,,,,,0.0091,0.0,0.0,0.0,267.86,,,,Unknown,,,274.4,205.02,256.43,256.17,,,"{""realestate"": 0.0273, ""consumer_cyclical"": 0.107, ""basic_materials"": 0.0117999995, ""consumer_defensive"": 0.064899996, ""technology"": 0.3015, ""communication_services"": 0.099, ""financial_services"": 0.1822, ""utilities"": 0.0299, ""industrials"": 0.0701, ""energy"": 0.0222, ""healthcare"": 0.084}"
MOAT,2025-05-02,VanEck Morningstar Wide Moat ETF,Unknown,Unknown,Unknown,Unknown,0.0,,,,25.21,,,,,,,,,,,,,,,,,,,,,,,,,,0.0144,0.0,0.0,0.0,86.98,,,,Unknown,,,99.06,75.43,86.94,92.48,,,"{""realestate"": 0.0, ""consumer_cyclical"": 0.034, ""basic_materials"": 0.0511, ""consumer_defensive"": 0.14130001, ""technology"": 0.225, ""communication_services"": 0.0462, ""financial_services"": 0.0864, ""utilities"": 0.0, ""industrials"": 0.1573, ""energy"": 0.0, ""healthcare"": 0.2586}"
MTUM,2025-07-14,iShares MSCI USA Momentum Factor ETF,Unknown,Unknown,Unknown,Unknown,0.0,,,,29.36,,,,,,,,,,,,,,,,,,,,,,,,,,0.0083,0.0,0.0,0.0,236.25,,,,Unknown,,,240.75,168.49,229.72,214.36,,,"{""realestate"": 0.0174, ""consumer_cyclical"": 0.0958, ""basic_materials"": 0.0, ""consumer_defensive"": 0.1345, ""technology"": 0.1592, ""communication_services"": 0.146, ""financial_services"": 0.2324, ""utilities"": 0.0239, ""industrials"": 0.1004, ""energy"": 0.0227, ""healthcare"": 0.067600004}"
NACP,2025-07-14,Impact Shares NAACP Minority Empowerment ETF,Unknown,Unknown,Unknown,Unknown,0.0,,,,24.01,,,,,,,,,,,,,,,,,,,,,,,,,,0.0283,0.0,0.0,0.0,43.98,,,,Unknown,,,44.16,34.4,42.08,41.58,,,"{""realestate"": 0.0114, ""consumer_cyclical"": 0.114300005, ""basic_materials"": 0.0134000005, ""consumer_defensive"": 0.038, ""technology"": 0.3376, ""communication_services"": 0.1172, ""financial_services"": 0.1273, ""utilities"": 0.031600002, ""industrials"": 0.0764, ""energy"": 0.0394, ""healthcare"": 0.0936}"
NANR,2025-07-14,SPDR S&P North American Natural Resources ETF,Unknown,Unknown,Unknown,Unknown,0.0,,,,18.71,,,,,,,,,,,,,,,,,,,,,,,,,,0.0208,0.0,0.0,0.0,59.03,,,,Unknown,,,59.22,46.37,55.57,54.89,,,"{""realestate"": 0.0175, ""consumer_cyclical"": 0.0754, ""basic_materials"": 0.4276, ""consumer_defensive"": 0.0347, ""technology"": 0.0, ""communication_services"": 0.0, ""financial_services"": 0.0, ""utilities"": 0.0, ""industrials"": 0.020499999, ""energy"": 0.42430001, ""healthcare"": 0.0}"
NEAR,2025-07-14,iShares Short Duration Bond Active ETF,Unknown,Unknown,Unknown,Unknown,0.0,,,,,,,,,,,,,,,,,,,,,,,,,,,,,,0.0489,0.0,0.0,0.0,50.87,,,,Unknown,,,51.4,50.25,50.82,50.74,,,"{""realestate"": 0.0, ""consumer_cyclical"": 0.0, ""basic_materials"": 0.0, ""consumer_defensive"": 0.0, ""technology"": 0.0, ""communication_services"": 0.0, ""financial_services"": 0.0, ""utilities"": 0.0, ""industrials"": 0.0, ""energy"": 0.0, ""healthcare"": 1.0}"
NETL,2025-07-07,Fundamental Income Net Lease Real Estate ETF,Unknown,Unknown,Unknown,Unknown,0.0,,,,24.05,,,,,,,,,,,,,,,,,,,,,,,,,,0.0496,0.0,0.0,0.0,24.76,,,,Unknown,,,27.67,21.63,24.19,24.73,,,"{""realestate"": 1.0, ""consumer_cyclical"": 0.0, ""basic_materials"": 0.0, ""consumer_defensive"": 0.0, ""technology"": 0.0, ""communication_services"": 0.0, ""financial_services"": 0.0, ""utilities"": 0.0, ""industrials"": 0.0, ""energy"": 0.0, ""healthcare"": 0.0}"
NUAG,2025-07-14,Nuveen Enhanced Yield U.S. Aggregate Bond ETF,Unknown,Unknown,Unknown,Unknown,0.0,,,,,,,,,,,,,,,,,,,,,,,,,,,,,,0.044,0.0,0.0,0.0,20.82,,,,Unknown,,,21.69,20.33,20.76,20.88,,,{}
NULG,2025-07-14,Nuveen ESG Large-Cap Growth ETF,Unknown,Unknown,Unknown,Unknown,0.0,,,,35.93,,,,,,,,,,,,,,,,,,,,,,,,,,0.0015,0.0,0.0,0.0,93.83,,,,Unknown,,,94.98,67.66,89.16,85.53,,,"{""realestate"": 0.0034, ""consumer_cyclical"": 0.105, ""basic_materials"": 0.0089, ""consumer_defensive"": 0.0286, ""technology"": 0.4706, ""communication_services"": 0.113199994, ""financial_services"": 0.097200006, ""utilities"": 0.0, ""industrials"": 0.0992, ""energy"": 0.0, ""healthcare"": 0.0739}"
NZAC,2025-07-14,SPDR MSCI ACWI Climate Paris Aligned ETF,Unknown,Unknown,Unknown,Unknown,0.0,,,,23.1,,,,,,,,,,,,,,,,,,,,,,,,,,0.018,0.0,0.0,0.0,39.57,,,,Unknown,,,39.83,31.41,38.09,36.99,,,"{""realestate"": 0.0672, ""consumer_cyclical"": 0.0963, ""basic_materials"": 0.028199999, ""consumer_defensive"": 0.021, ""technology"": 0.2842, ""communication_services"": 0.0806, ""financial_services"": 0.17930001, ""utilities"": 0.0209, ""industrials"": 0.121300004, ""energy"": 0.0, ""healthcare"": 0.1011}"
OEF,2025-07-14,iShares S&P 100 ETF,Unknown,Unknown,Unknown,Unknown,11977289728.0,,,39000000.0,27.83,,,1.71,,,,,,,,,,,,,,,,,,,,179.83,,,0.0097,0.0,0.0,0.0,307.11,,,,Unknown,,,308.2,232.57,290.96,284.57,,,"{""realestate"": 0.0043, ""consumer_cyclical"": 0.113199994, ""basic_materials"": 0.0063, ""consumer_defensive"": 0.0659, ""technology"": 0.38189998, ""communication_services"": 0.1303, ""financial_services"": 0.13159999, ""utilities"": 0.0095, ""industrials"": 0.0456, ""energy"": 0.0221, ""healthcare"": 0.08939999}"
ONEO,2025-07-14,SPDR Russell 1000 Momentum Focus ETF,Unknown,Unknown,Unknown,Unknown,0.0,,,,18.5,,,,,,,,,,,,,,,,,,,,,,,,,,0.0136,0.0,0.0,0.0,125.78,,,,Unknown,,,128.9,101.96,120.53,119.72,,,"{""realestate"": 0.0271, ""consumer_cyclical"": 0.14310001, ""basic_materials"": 0.0328, ""consumer_defensive"": 0.0691, ""technology"": 0.18450001, ""communication_services"": 0.036, ""financial_services"": 0.13520001, ""utilities"": 0.060700003, ""industrials"": 0.177, ""energy"": 0.034, ""healthcare"": 0.1005}"
ONEQ,2025-07-14,Fidelity Nasdaq Composite Index ETF,Unknown,Unknown,Unknown,Unknown,534797984.0,,,6600000.0,30.26,,,1.52,,,,,,,,,,,,,,,,,,,,53.43,,,0.0063,0.0,0.0,0.0,81.03,,,,Unknown,,,81.3,58.12,76.06,74.04,,,"{""realestate"": 0.007900001, ""consumer_cyclical"": 0.1444, ""basic_materials"": 0.0093, ""consumer_defensive"": 0.0361, ""technology"": 0.5062, ""communication_services"": 0.1535, ""financial_services"": 0.037100002, ""utilities"": 0.0093, ""industrials"": 0.0352, ""energy"": 0.0055, ""healthcare"": 0.0556}"
ONEY,2025-07-14,SPDR Russell 1000 Yield Focus ETF,Unknown,Unknown,Unknown,Unknown,0.0,,,,16.1,,,,,,,,,,,,,,,,,,,,,,,,,,0.0323,0.0,0.0,0.0,111.83,,,,Unknown,,,118.17,94.39,107.91,109.74,,,"{""realestate"": 0.1031, ""consumer_cyclical"": 0.1344, ""basic_materials"": 0.0431, ""consumer_defensive"": 0.1362, ""technology"": 0.0585, ""communication_services"": 0.0183, ""financial_services"": 0.113800004, ""utilities"": 0.1263, ""industrials"": 0.0991, ""energy"": 0.075, ""healthcare"": 0.0921}"
OPPE,2025-07-14,WisdomTree European Opportunities Fund,Unknown,Unknown,Unknown,Unknown,0.0,,,,11.56,,,,,,,,,,,,,,,,,,,,,,,,,,0.0328,0.0,0.0,0.0,47.02,,,,Unknown,,,48.62,35.84,46.0,41.32,,,"{""realestate"": 0.0933, ""consumer_cyclical"": 0.0908, ""basic_materials"": 0.064899996, ""consumer_defensive"": 0.040700004, ""technology"": 0.044, ""communication_services"": 0.0502, ""financial_services"": 0.2841, ""utilities"": 0.064899996, ""industrials"": 0.2009, ""energy"": 0.0372, ""healthcare"": 0.029000001}"
OUSM,2025-07-14,ALPS O'Shares U.S. Small-Cap Quality Dividend ETF Shares,Unknown,Unknown,Unknown,Unknown,0.0,,,,16.33,,,,,,,,,,,,,,,,,,,,,,,,,,0.0184,0.0,0.0,0.0,43.92,,,,Unknown,,,47.47,37.3,42.79,43.58,,,"{""realestate"": 0.0, ""consumer_cyclical"": 0.187, ""basic_materials"": 0.0115, ""consumer_defensive"": 0.0421, ""technology"": 0.1538, ""communication_services"": 0.0296, ""financial_services"": 0.2301, ""utilities"": 0.0363, ""industrials"": 0.2085, ""energy"": 0.0045, ""healthcare"": 0.096499994}"
PAVE,2025-07-14,Global X U.S. Infrastructure Development ETF,Unknown,Unknown,Unknown,Unknown,0.0,,,,24.13,,,,,,,,,,,,,,,,,,,,,,,,,,0.0053,0.0,0.0,0.0,44.96,,,,Unknown,,,46.18,32.65,42.15,41.28,,,"{""realestate"": 0.0, ""consumer_cyclical"": 0.0, ""basic_materials"": 0.1861, ""consumer_defensive"": 0.0, ""technology"": 0.0402, ""communication_services"": 0.0, ""financial_services"": 0.0, ""utilities"": 0.033099998, ""industrials"": 0.7378, ""energy"": 0.0026, ""healthcare"": 0.0}"
PBUS,2025-07-14,Invesco MSCI USA ETF,Unknown,Unknown,Unknown,Unknown,0.0,,,,26.06,,,,,,,,,,,,,,,,,,,,,,,,,,0.0122,0.0,0.0,0.0,62.66,,,,Unknown,,,62.99,48.3,59.78,58.66,,,"{""realestate"": 0.0222, ""consumer_cyclical"": 0.1087, ""basic_materials"": 0.0183, ""consumer_defensive"": 0.057600003, ""technology"": 0.32869998, ""communication_services"": 0.09729999, ""financial_services"": 0.135, ""utilities"": 0.024, ""industrials"": 0.0808, ""energy"": 0.0304, ""healthcare"": 0.0971}"
PCEF,2025-07-14,Invesco CEF Income Composite ETF,Unknown,Unknown,Unknown,Unknown,0.0,,,,23.5,,,,,,,,,,,,,,,,,,,,,,,,,,0.0747,0.0,0.0,0.0,19.66,,,,Unknown,,,19.95,16.35,19.13,19.23,,,"{""realestate"": 0.018099999, ""consumer_cyclical"": 0.0892, ""basic_materials"": 0.0347, ""consumer_defensive"": 0.0452, ""technology"": 0.2714, ""communication_services"": 0.081999995, ""financial_services"": 0.1488, ""utilities"": 0.047399998, ""industrials"": 0.0904, ""energy"": 0.059, ""healthcare"": 0.113800004}"
PEXL,2025-07-14,Pacer US Export Leaders ETF,Unknown,Unknown,Unknown,Unknown,0.0,,,,21.86,,,,,,,,,,,,,,,,,,,,,,,,,,0.0043,0.0,0.0,0.0,53.78,,,,Unknown,,,54.17,38.05,49.61,48.8,,,"{""realestate"": 0.0, ""consumer_cyclical"": 0.1489, ""basic_materials"": 0.0963, ""consumer_defensive"": 0.0405, ""technology"": 0.42970002, ""communication_services"": 0.0513, ""financial_services"": 0.0, ""utilities"": 0.0, ""industrials"": 0.0932, ""energy"": 0.059499998, ""healthcare"": 0.080699995}"
PFFA,2025-07-14,Virtus InfraCap U.S. Preferred Stock ETF,Unknown,Unknown,Unknown,Unknown,0.0,,,,,,,,,,,,,,,,,,,,,,,,,,,,,,0.083,0.0,0.0,0.0,21.3,,,,Unknown,,,23.24,19.2,20.77,21.72,,,"{""realestate"": 0.0, ""consumer_cyclical"": 0.0, ""basic_materials"": 0.0, ""consumer_defensive"": 0.0, ""technology"": 0.0, ""communication_services"": 0.0, ""financial_services"": 0.0, ""utilities"": 1.0, ""industrials"": 0.0, ""energy"": 0.0, ""healthcare"": 0.0}"
PFFR,2025-06-02,InfraCap REIT Preferred ETF,Unknown,Unknown,Unknown,Unknown,0.0,,,,,,,,,,,,,,,,,,,,,,,,,,,,,,0.0802,0.0,0.0,0.0,17.86,,,,Unknown,,,20.17,16.99,17.95,18.81,,,"{""realestate"": 1.0, ""consumer_cyclical"": 0.0, ""basic_materials"": 0.0, ""consumer_defensive"": 0.0, ""technology"": 0.0, ""communication_services"": 0.0, ""financial_services"": 0.0, ""utilities"": 0.0, ""industrials"": 0.0, ""energy"": 0.0, ""healthcare"": 0.0}"
PFM,2025-07-14,Invesco Dividend Achievers ETF,Unknown,Unknown,Unknown,Unknown,504400000.0,,,10400000.0,24.11,-1616.67,,1.35,,,,,,,,,,,,,,,,,,,,35.9,,,0.0156,0.0,0.0,0.0,48.5,,,,Unknown,,,49.0,40.01,46.93,46.51,,,"{""realestate"": 0.0171, ""consumer_cyclical"": 0.0464, ""basic_materials"": 0.028499998, ""consumer_defensive"": 0.1276, ""technology"": 0.2392, ""communication_services"": 0.0136, ""financial_services"": 0.2057, ""utilities"": 0.040799998, ""industrials"": 0.1003, ""energy"": 0.037, ""healthcare"": 0.1437}"
PHO,2025-07-14,Invesco Water Resources ETF,Unknown,Unknown,Unknown,Unknown,0.0,,,,25.66,789.33,,,,,,,,,,,,,,,,,,,,,,,,,0.0049,0.0,0.0,0.0,71.04,,,,Unknown,,,72.59,57.11,68.7,67.8,,,"{""realestate"": 0.0, ""consumer_cyclical"": 0.0, ""basic_materials"": 0.0795, ""consumer_defensive"": 0.0, ""technology"": 0.1306, ""communication_services"": 0.0, ""financial_services"": 0.0, ""utilities"": 0.1022, ""industrials"": 0.6242, ""energy"": 0.0, ""healthcare"": 0.0635}"
PHYL,2025-06-02,PGIM Active High Yield Bond ETF,Unknown,Unknown,Unknown,Unknown,0.0,,,,2.51,,,,,,,,,,,,,,,,,,,,,,,,,,0.0808,0.0,0.0,0.0,34.97,,,,Unknown,,,35.84,32.98,34.52,35.04,,,"{""realestate"": 0.0, ""consumer_cyclical"": 0.0, ""basic_materials"": 0.5728, ""consumer_defensive"": 0.0, ""technology"": 0.0, ""communication_services"": 0.0, ""financial_services"": 0.0, ""utilities"": 0.0, ""industrials"": 0.0, ""energy"": 0.42720002, ""healthcare"": 0.0}"
PICK,2025-07-14,iShares MSCI Global Metals & Mining Producers ETF,Unknown,Unknown,Unknown,Unknown,330576512.0,,,8350000.0,14.33,,,,,,,,,,,,,,,,,,,,,,,,,,0.0312,0.0,0.0,0.0,39.59,,,,Unknown,,,44.0,29.96,37.14,37.59,,,"{""realestate"": 0.0, ""consumer_cyclical"": 0.0, ""basic_materials"": 0.96589994, ""consumer_defensive"": 0.0, ""technology"": 0.0, ""communication_services"": 0.0, ""financial_services"": 0.0007, ""utilities"": 0.0, ""industrials"": 0.033099998, ""energy"": 0.00029999999, ""healthcare"": 0.0}"
PIZ,2025-07-14,Invesco Dorsey Wright Developed Markets Momentum ETF,Unknown,Unknown,Unknown,Unknown,0.0,,,,17.7,,,,,,,,,,,,,,,,,,,,,,,,,,0.0152,0.0,0.0,0.0,45.56,,,,Unknown,,,46.25,32.87,44.21,39.63,,,"{""realestate"": 0.0, ""consumer_cyclical"": 0.0547, ""basic_materials"": 0.015700001, ""consumer_defensive"": 0.048600003, ""technology"": 0.0461, ""communication_services"": 0.0, ""financial_services"": 0.3798, ""utilities"": 0.0128, ""industrials"": 0.3707, ""energy"": 0.0053, ""healthcare"": 0.066300005}"
PJUL,2025-07-14,Innovator U.S. Equity Power Buffer ETF - July,Unknown,Unknown,Unknown,Unknown,0.0,,,,25.79,,,,,,,,,,,,,,,,,,,,,,,,,,0.0,0.0,0.0,0.0,44.02,,,,Unknown,,,44.13,37.1,42.17,41.17,,,"{""realestate"": 0.0214, ""consumer_cyclical"": 0.1069, ""basic_materials"": 0.0172, ""consumer_defensive"": 0.0589, ""technology"": 0.3291, ""communication_services"": 0.097600006, ""financial_services"": 0.1393, ""utilities"": 0.0249, ""industrials"": 0.078600004, ""energy"": 0.03, ""healthcare"": 0.0962}"
PKB,2025-07-14,Invesco Building & Construction ETF,Unknown,Unknown,Unknown,Unknown,311300608.0,,,3750000.0,23.08,,,1.61,,,,,,,,,,,,,,,,,,,,51.43,,,0.002,0.0,0.0,0.0,83.01,,,,Unknown,,,88.96,59.89,78.09,76.77,,,"{""realestate"": 0.0, ""consumer_cyclical"": 0.1497, ""basic_materials"": 0.2496, ""consumer_defensive"": 0.0, ""technology"": 0.0, ""communication_services"": 0.0, ""financial_services"": 0.0, ""utilities"": 0.0235, ""industrials"": 0.5773, ""energy"": 0.0, ""healthcare"": 0.0}"
PKW,2025-07-14,Invesco BuyBack Achievers ETF,Unknown,Unknown,Unknown,Unknown,0.0,,,,15.79,,,,,,,,,,,,,,,,,,,,,,,,,,0.0083,0.0,0.0,0.0,125.79,,,,Unknown,,,127.1,96.1,119.4,116.68,,,"{""realestate"": 0.0037, ""consumer_cyclical"": 0.2251, ""basic_materials"": 0.0166, ""consumer_defensive"": 0.0382, ""technology"": 0.0817, ""communication_services"": 0.0586, ""financial_services"": 0.237, ""utilities"": 0.036, ""industrials"": 0.1462, ""energy"": 0.0946, ""healthcare"": 0.0624}"
POCT,2025-07-14,Innovator U.S. Equity Power Buffer ETF October,Unknown,Unknown,Unknown,Unknown,0.0,,,,25.32,,,,,,,,,,,,,,,,,,,,,,,,,,0.0,0.0,0.0,0.0,41.55,,,,Unknown,,,41.63,35.52,40.35,39.58,,,"{""realestate"": 0.0214, ""consumer_cyclical"": 0.1069, ""basic_materials"": 0.0172, ""consumer_defensive"": 0.0589, ""technology"": 0.3291, ""communication_services"": 0.097600006, ""financial_services"": 0.1393, ""utilities"": 0.0249, ""industrials"": 0.078600004, ""energy"": 0.03, ""healthcare"": 0.0962}"
PPA,2025-07-14,Invesco Aerospace & Defense ETF,Unknown,Unknown,Unknown,Unknown,2163420160.0,,,15150000.0,30.72,,,1.9,,,,,,,,,,,,,,,,,,,,75.02,,,0.0047,0.0,0.0,0.0,142.8,,,,Unknown,,,143.18,100.39,133.81,121.41,,,"{""realestate"": 0.0, ""consumer_cyclical"": 0.0, ""basic_materials"": 0.0, ""consumer_defensive"": 0.0, ""technology"": 0.1003, ""communication_services"": 0.0013, ""financial_services"": 0.0, ""utilities"": 0.0, ""industrials"": 0.89839995, ""energy"": 0.0, ""healthcare"": 0.0}"
PPH,2025-06-02,VanEck Pharmaceutical ETF,Unknown,Unknown,Unknown,Unknown,1016020480.0,,,11547000.0,23.1,,,,,,,,,,,,,,,,,,,,,,,,,,0.019,0.0,0.0,0.0,87.99,,,,Unknown,,,99.51,77.67,86.63,90.48,,,"{""realestate"": 0.0, ""consumer_cyclical"": 0.0, ""basic_materials"": 0.0, ""consumer_defensive"": 0.0, ""technology"": 0.0, ""communication_services"": 0.0, ""financial_services"": 0.0, ""utilities"": 0.0, ""industrials"": 0.0, ""energy"": 0.0, ""healthcare"": 1.0}"
PREF,2025-07-07,Principal Spectrum Preferred Securities Active ETF,Unknown,Unknown,Unknown,Unknown,0.0,,,,,,,,,,,,,,,,,,,,,,,,,,,,,,0.0468,0.0,0.0,0.0,18.91,,,,Unknown,,,18.97,18.06,18.71,18.68,,,"{""realestate"": 0.0, ""consumer_cyclical"": 0.0, ""basic_materials"": 0.0, ""consumer_defensive"": 0.0, ""technology"": 0.0, ""communication_services"": 0.0, ""financial_services"": 1.0, ""utilities"": 0.0, ""industrials"": 0.0, ""energy"": 0.0, ""healthcare"": 0.0}"
PRF,2025-07-14,Invesco RAFI US 1000 ETF,Unknown,Unknown,Unknown,Unknown,0.0,,,,18.31,,,,,,,,,,,,,,,,,,,,,,,,,,0.0183,0.0,0.0,0.0,42.82,,,,Unknown,,,43.16,34.98,41.14,40.91,,,"{""realestate"": 0.033299997, ""consumer_cyclical"": 0.09, ""basic_materials"": 0.027, ""consumer_defensive"": 0.083100006, ""technology"": 0.1429, ""communication_services"": 0.0917, ""financial_services"": 0.20969999, ""utilities"": 0.0482, ""industrials"": 0.093, ""energy"": 0.067600004, ""healthcare"": 0.11350001}"
PRFZ,2025-07-14,Invesco RAFI US 1500 Small-Mid ETF,Unknown,Unknown,Unknown,Unknown,0.0,,,,17.76,,,,,,,,,,,,,,,,,,,,,,,,,,0.0144,0.0,0.0,0.0,41.81,,,,Unknown,,,45.8,32.53,39.72,40.74,,,"{""realestate"": 0.0721, ""consumer_cyclical"": 0.1287, ""basic_materials"": 0.0365, ""consumer_defensive"": 0.0535, ""technology"": 0.15890001, ""communication_services"": 0.0332, ""financial_services"": 0.17940001, ""utilities"": 0.0149, ""industrials"": 0.1689, ""energy"": 0.0454, ""healthcare"": 0.1084}"
PRN,2025-07-14,Invesco Dorsey Wright Industrials Momentum ETF,Unknown,Unknown,Unknown,Unknown,0.0,,,,28.91,,,,,,,,,,,,,,,,,,,,,,,,,,0.0036,0.0,0.0,0.0,156.56,,,,Unknown,,,180.08,118.25,149.68,152.96,,,"{""realestate"": 0.0, ""consumer_cyclical"": 0.0656, ""basic_materials"": 0.0, ""consumer_defensive"": 0.0, ""technology"": 0.138, ""communication_services"": 0.0, ""financial_services"": 0.0, ""utilities"": 0.0138, ""industrials"": 0.78260005, ""energy"": 0.0, ""healthcare"": 0.0}"
PSC,2025-07-14,Principal U.S. Small-Cap ETF,Unknown,Unknown,Unknown,Unknown,0.0,,,,18.07,,,,,,,,,,,,,,,,,,,,,,,,,,0.0077,0.0,0.0,0.0,53.18,,,,Unknown,,,57.24,42.36,51.68,51.52,,,"{""realestate"": 0.061300002, ""consumer_cyclical"": 0.085, ""basic_materials"": 0.0337, ""consumer_defensive"": 0.06, ""technology"": 0.1816, ""communication_services"": 0.0232, ""financial_services"": 0.1703, ""utilities"": 0.0307, ""industrials"": 0.161, ""energy"": 0.0425, ""healthcare"": 0.1507}"
PSCC,2025-06-02,Invesco S&P SmallCap Consumer Staples ETF,Unknown,Unknown,Unknown,Unknown,0.0,,,,16.89,,,,,,,,,,,,,,,,,,,,,,,,,,0.0218,0.0,0.0,0.0,35.39,,,,Unknown,,,41.03,31.91,34.59,36.85,,,"{""realestate"": 0.0, ""consumer_cyclical"": 0.0, ""basic_materials"": 0.0756, ""consumer_defensive"": 0.8829, ""technology"": 0.0, ""communication_services"": 0.0, ""financial_services"": 0.0, ""utilities"": 0.0, ""industrials"": 0.041500002, ""energy"": 0.0, ""healthcare"": 0.0}"
PSCI,2025-05-02,Invesco S&P SmallCap Industrials ETF,Unknown,Unknown,Unknown,Unknown,0.0,,,,21.94,,,,,,,,,,,,,,,,,,,,,,,,,,0.0074,0.0,0.0,0.0,121.14,,,,Unknown,,,150.72,103.54,119.62,130.67,,,"{""realestate"": 0.0, ""consumer_cyclical"": 0.0685, ""basic_materials"": 0.0168, ""consumer_defensive"": 0.0, ""technology"": 0.0529, ""communication_services"": 0.0, ""financial_services"": 0.0, ""utilities"": 0.0, ""industrials"": 0.8585, ""energy"": 0.0, ""healthcare"": 0.0033000002}"
PSI,2025-07-14,Invesco Semiconductors ETF,Unknown,Unknown,Unknown,Unknown,197440000.0,,,3200000.0,29.58,,,0.51,,,,,,,,,,,,,,,,,,,,121.08,,,0.0017,0.0,0.0,0.0,61.7,,,,Unknown,,,66.9,37.64,54.73,55.15,,,"{""realestate"": 0.0, ""consumer_cyclical"": 0.0, ""basic_materials"": 0.0, ""consumer_defensive"": 0.0, ""technology"": 1.0, ""communication_services"": 0.0, ""financial_services"": 0.0, ""utilities"": 0.0, ""industrials"": 0.0, ""energy"": 0.0, ""healthcare"": 0.0}"
PSL,2025-07-14,Invesco Dorsey Wright Consumer Staples Momentum ETF,Unknown,Unknown,Unknown,Unknown,0.0,,,,19.21,,,,,,,,,,,,,,,,,,,,,,,,,,0.0059,0.0,0.0,0.0,109.21,,,,Unknown,,,114.45,95.17,110.27,107.5,,,"{""realestate"": 0.0, ""consumer_cyclical"": 0.0992, ""basic_materials"": 0.014199999, ""consumer_defensive"": 0.8867, ""technology"": 0.0, ""communication_services"": 0.0, ""financial_services"": 0.0, ""utilities"": 0.0, ""industrials"": 0.0, ""energy"": 0.0, ""healthcare"": 0.0}"
PSP,2025-07-14,Invesco Global Listed Private Equity ETF,Unknown,Unknown,Unknown,Unknown,0.0,,,,15.0,,,,,,,,,,,,,,,,,,,,,,,,,,0.082,0.0,0.0,0.0,70.63,,,,Unknown,,,72.14,53.6,67.0,67.34,,,"{""realestate"": 0.0, ""consumer_cyclical"": 0.0031, ""basic_materials"": 0.001, ""consumer_defensive"": 0.037, ""technology"": 0.01, ""communication_services"": 0.012, ""financial_services"": 0.9206, ""utilities"": 0.0, ""industrials"": 0.012999999, ""energy"": 0.0, ""healthcare"": 0.0031}"
PTF,2025-06-02,Invesco Dorsey Wright Technology Momentum ETF,Unknown,Unknown,Unknown,Unknown,0.0,,,,29.9,,,,,,,,,,,,,,,,,,,,,,,,,,0.0025,0.0,0.0,0.0,63.94,,,,Unknown,,,80.92,49.57,59.88,66.04,,,"{""realestate"": 0.0, ""consumer_cyclical"": 0.0, ""basic_materials"": 0.0, ""consumer_defensive"": 0.0, ""technology"": 0.7917, ""communication_services"": 0.16530001, ""financial_services"": 0.0, ""utilities"": 0.0, ""industrials"": 0.02, ""energy"": 0.0, ""healthcare"": 0.023}"
PTNQ,2025-05-02,Pacer Trendpilot 100 ETF,Unknown,Unknown,Unknown,Unknown,0.0,,,,28.6,,,,,,,,,,,,,,,,,,,,,,,,,,0.0204,0.0,0.0,0.0,67.31,,,,Unknown,,,77.83,67.03,70.29,72.86,,,"{""realestate"": 0.0023, ""consumer_cyclical"": 0.1328, ""basic_materials"": 0.0154, ""consumer_defensive"": 0.0619, ""technology"": 0.5073, ""communication_services"": 0.1591, ""financial_services"": 0.0045, ""utilities"": 0.014400001, ""industrials"": 0.0377, ""energy"": 0.0062, ""healthcare"": 0.0582}"
PULS,2025-07-14,PGIM Ultra Short Bond ETF,Unknown,Unknown,Unknown,Unknown,0.0,,,,,,,,,,,,,,,,,,,,,,,,,,,,,,0.0527,0.0,0.0,0.0,49.64,,,,Unknown,,,49.81,49.34,49.62,49.64,,,{}
PWB,2025-07-14,Invesco Dynamic Large Cap Growth ETF,Unknown,Unknown,Unknown,Unknown,1833273984.0,,,15800000.0,35.09,,,1.63,,,,,,,,,,,,,,,,,,,,71.25,,,0.0007,0.0,0.0,0.0,116.03,,,,Unknown,,,117.76,82.22,110.88,104.0,,,"{""realestate"": 0.0, ""consumer_cyclical"": 0.1184, ""basic_materials"": 0.0135, ""consumer_defensive"": 0.0629, ""technology"": 0.2985, ""communication_services"": 0.13069999, ""financial_services"": 0.18530001, ""utilities"": 0.0313, ""industrials"": 0.121300004, ""energy"": 0.0109, ""healthcare"": 0.0271}"
PWV,2025-07-14,Invesco Dynamic Large Cap Value ETF,Unknown,Unknown,Unknown,Unknown,1634227072.0,,,26350000.0,16.61,,,1.31,,,,,,,,,,,,,,,,,,,,47.19,,,0.0222,0.0,0.0,0.0,62.02,,,,Unknown,,,63.0,50.82,60.32,59.09,,,"{""realestate"": 0.013099999, ""consumer_cyclical"": 0.060700003, ""basic_materials"": 0.0, ""consumer_defensive"": 0.1031, ""technology"": 0.097799994, ""communication_services"": 0.0312, ""financial_services"": 0.3238, ""utilities"": 0.0, ""industrials"": 0.056500003, ""energy"": 0.17559999, ""healthcare"": 0.1383}"
PXE,2025-05-02,Invesco Dynamic Energy Exploration & Production ETF,Unknown,Unknown,Unknown,Unknown,50520000.0,,,2000000.0,9.31,,,1.67,,,,,,,,,,,,,,,,,,,,15.09,,,0.0266,0.0,0.0,0.0,25.26,,,,Unknown,,,35.0,22.19,26.96,29.87,,,"{""realestate"": 0.0, ""consumer_cyclical"": 0.0, ""basic_materials"": 0.0, ""consumer_defensive"": 0.0, ""technology"": 0.0, ""communication_services"": 0.0, ""financial_services"": 0.0, ""utilities"": 0.0, ""industrials"": 0.0, ""energy"": 1.0, ""healthcare"": 0.0}"
PXF,2025-07-14,Invesco RAFI Developed Markets ex-U.S. ETF,Unknown,Unknown,Unknown,Unknown,0.0,,,,13.01,,,,,,,,,,,,,,,,,,,,,,,,,,0.0312,0.0,0.0,0.0,57.59,,,,Unknown,,,58.02,45.78,56.14,51.88,,,"{""realestate"": 0.0217, ""consumer_cyclical"": 0.089899994, ""basic_materials"": 0.08180001, ""consumer_defensive"": 0.0692, ""technology"": 0.0633, ""communication_services"": 0.0482, ""financial_services"": 0.2807, ""utilities"": 0.044499997, ""industrials"": 0.153, ""energy"": 0.0813, ""healthcare"": 0.0664}"
PXH,2025-07-14,Invesco RAFI Emerging Markets ETF,Unknown,Unknown,Unknown,Unknown,0.0,,,,10.23,,,,,,,,,,,,,,,,,,,,,,,,,,0.0433,0.0,0.0,0.0,23.57,,,,Unknown,,,23.76,18.44,22.81,21.68,,,"{""realestate"": 0.016, ""consumer_cyclical"": 0.1178, ""basic_materials"": 0.091000006, ""consumer_defensive"": 0.0328, ""technology"": 0.1672, ""communication_services"": 0.0769, ""financial_services"": 0.314, ""utilities"": 0.026600001, ""industrials"": 0.049000002, ""energy"": 0.0994, ""healthcare"": 0.0094}"
PXI,2025-07-14,Invesco DWA Energy Momentum ETF,Unknown,Unknown,Unknown,Unknown,0.0,,,,16.3,,,,,,,,,,,,,,,,,,,,,,,,,,0.0185,0.0,0.0,0.0,44.28,,,,Unknown,,,51.97,34.54,42.11,43.97,,,"{""realestate"": 0.0, ""consumer_cyclical"": 0.0, ""basic_materials"": 0.0, ""consumer_defensive"": 0.0, ""technology"": 0.0, ""communication_services"": 0.0, ""financial_services"": 0.0, ""utilities"": 0.0, ""industrials"": 0.0, ""energy"": 1.0, ""healthcare"": 0.0}"
PY,2025-05-02,Principal Value ETF,Unknown,Unknown,Unknown,Unknown,0.0,,,,17.34,,,,,,,,,,,,,,,,,,,,,,,,,,0.0224,0.0,0.0,0.0,46.76,,,,Unknown,,,52.63,41.96,47.69,49.17,,,"{""realestate"": 0.0754, ""consumer_cyclical"": 0.085, ""basic_materials"": 0.0425, ""consumer_defensive"": 0.0859, ""technology"": 0.19950001, ""communication_services"": 0.0202, ""financial_services"": 0.2132, ""utilities"": 0.0, ""industrials"": 0.1273, ""energy"": 0.12060001, ""healthcare"": 0.030299999}"
QARP,2025-06-02,Xtrackers Russell 1000 US QARP ETF,Unknown,Unknown,Unknown,Unknown,0.0,,,,20.72,,,,,,,,,,,,,,,,,,,,,,,,,,0.0141,0.0,0.0,0.0,52.03,,,,Unknown,,,55.01,45.67,50.72,52.19,,,"{""realestate"": 0.0087, ""consumer_cyclical"": 0.1578, ""basic_materials"": 0.0153, ""consumer_defensive"": 0.120299995, ""technology"": 0.1573, ""communication_services"": 0.125, ""financial_services"": 0.1434, ""utilities"": 0.0037, ""industrials"": 0.0714, ""energy"": 0.0698, ""healthcare"": 0.1274}"
QDEF,2025-07-14,FlexShares Quality Dividend Defensive Index Fund,Unknown,Unknown,Unknown,Unknown,0.0,,,,21.73,,,,,,,,,,,,,,,,,,,,,,,,,,0.0185,0.0,0.0,0.0,74.84,,,,Unknown,,,75.5,61.61,72.17,71.23,,,"{""realestate"": 0.0535, ""consumer_cyclical"": 0.084, ""basic_materials"": 0.0062, ""consumer_defensive"": 0.0919, ""technology"": 0.2999, ""communication_services"": 0.0793, ""financial_services"": 0.109, ""utilities"": 0.0467, ""industrials"": 0.088999994, ""energy"": 0.017, ""healthcare"": 0.1233}"
QDF,2025-07-14,FlexShares Quality Dividend Index Fund,Unknown,Unknown,Unknown,Unknown,0.0,,,,21.14,,,,,,,,,,,,,,,,,,,,,,,,,,0.0193,0.0,0.0,0.0,74.17,,,,Unknown,,,74.84,58.79,70.92,70.62,,,"{""realestate"": 0.0592, ""consumer_cyclical"": 0.0732, ""basic_materials"": 0.0068, ""consumer_defensive"": 0.076799996, ""technology"": 0.3312, ""communication_services"": 0.0706, ""financial_services"": 0.1224, ""utilities"": 0.0301, ""industrials"": 0.0799, ""energy"": 0.049200002, ""healthcare"": 0.1005}"
QEFA,2025-07-14,SPDR MSCI EAFE StrategicFactors ETF,Unknown,Unknown,Unknown,Unknown,0.0,,,,15.96,,,,,,,,,,,,,,,,,,,,,,,,,,0.0269,0.0,0.0,0.0,85.02,,,,Unknown,,,85.88,70.97,84.15,78.85,,,"{""realestate"": 0.0146, ""consumer_cyclical"": 0.0896, ""basic_materials"": 0.054899998, ""consumer_defensive"": 0.11270001, ""technology"": 0.078, ""communication_services"": 0.0683, ""financial_services"": 0.1936, ""utilities"": 0.041100003, ""industrials"": 0.1603, ""energy"": 0.038599998, ""healthcare"": 0.14829999}"
QGRO,2025-07-14,American Century U.S. Quality Growth ETF,Unknown,Unknown,Unknown,Unknown,0.0,,,,31.57,,,,,,,,,,,,,,,,,,,,,,,,,,0.0027,0.0,0.0,0.0,107.5,,,,Unknown,,,109.93,78.11,105.01,99.94,,,"{""realestate"": 0.0101, ""consumer_cyclical"": 0.1593, ""basic_materials"": 0.0031, ""consumer_defensive"": 0.0507, ""technology"": 0.341, ""communication_services"": 0.13340001, ""financial_services"": 0.0582, ""utilities"": 0.0082, ""industrials"": 0.098000005, ""energy"": 0.0159, ""healthcare"": 0.12189999}"
QINT,2025-07-14,American Century Quality Diversified International ETF,Unknown,Unknown,Unknown,Unknown,0.0,,,,15.65,,,,,,,,,,,,,,,,,,,,,,,,,,0.0292,0.0,0.0,0.0,57.93,,,,Unknown,,,58.53,45.72,56.95,52.16,,,"{""realestate"": 0.0, ""consumer_cyclical"": 0.1112, ""basic_materials"": 0.0709, ""consumer_defensive"": 0.0747, ""technology"": 0.113299996, ""communication_services"": 0.064, ""financial_services"": 0.2036, ""utilities"": 0.0295, ""industrials"": 0.18190001, ""energy"": 0.0387, ""healthcare"": 0.1122}"
QLC,2025-07-14,FlexShares US Quality Large Cap Index Fund,Unknown,Unknown,Unknown,Unknown,0.0,,,,22.21,,,,,,,,,,,,,,,,,,,,,,,,,,0.01,0.0,0.0,0.0,71.45,,,,Unknown,,,71.95,55.34,68.22,66.52,,,"{""realestate"": 0.025, ""consumer_cyclical"": 0.087799996, ""basic_materials"": 0.0029, ""consumer_defensive"": 0.0502, ""technology"": 0.3378, ""communication_services"": 0.1188, ""financial_services"": 0.14899999, ""utilities"": 0.045900002, ""industrials"": 0.0646, ""energy"": 0.015700001, ""healthcare"": 0.102299996}"
QLD,2025-07-14,ProShares Ultra QQQ,Unknown,Unknown,Unknown,Unknown,0.0,,,,34.35,,,,,,,,,,,,,,,,,,,,,,,,,,0.0023,0.0,0.0,0.0,118.48,,,,Unknown,,,120.68,64.72,106.88,103.85,,,"{""realestate"": 0.0019, ""consumer_cyclical"": 0.1339, ""basic_materials"": 0.0137, ""consumer_defensive"": 0.056700002, ""technology"": 0.5254, ""communication_services"": 0.1574, ""financial_services"": 0.0043, ""utilities"": 0.0146, ""industrials"": 0.0361, ""energy"": 0.0047, ""healthcare"": 0.0513}"
QMOM,2025-07-14,Alpha Architect U.S. Quantitative Momentum ETF,Unknown,Unknown,Unknown,Unknown,0.0,,,,26.05,,,,,,,,,,,,,,,,,,,,,,,,,,0.0146,0.0,0.0,0.0,62.42,,,,Unknown,,,72.19,49.78,62.11,63.62,,,"{""realestate"": 0.0195, ""consumer_cyclical"": 0.0444, ""basic_materials"": 0.0, ""consumer_defensive"": 0.1161, ""technology"": 0.2551, ""communication_services"": 0.14060001, ""financial_services"": 0.1236, ""utilities"": 0.038399998, ""industrials"": 0.0698, ""energy"": 0.0947, ""healthcare"": 0.0979}"
QQQ,2025-07-14,Invesco QQQ Trust,Unknown,Unknown,Unknown,Unknown,217856032768.0,,,393100000.0,32.46,,,1.55,,,,,,,,,,,,,,,,,,,,357.77,,,0.0058,0.0,0.0,0.0,554.2,,,,Unknown,,,557.63,402.39,524.15,505.17,,,"{""realestate"": 0.0019, ""consumer_cyclical"": 0.1339, ""basic_materials"": 0.0137, ""consumer_defensive"": 0.056599997, ""technology"": 0.5255, ""communication_services"": 0.1574, ""financial_services"": 0.0043, ""utilities"": 0.0146, ""industrials"": 0.0361, ""energy"": 0.0047, ""healthcare"": 0.0512}"
QTUM,2025-07-14,Defiance Quantum ETF,Unknown,Unknown,Unknown,Unknown,0.0,,,,25.01,,,,,,,,,,,,,,,,,,,,,,,,,,0.0065,0.0,0.0,0.0,92.15,,,,Unknown,,,93.89,52.98,86.59,76.98,,,"{""realestate"": 0.0, ""consumer_cyclical"": 0.0176, ""basic_materials"": 0.0, ""consumer_defensive"": 0.0, ""technology"": 0.7676, ""communication_services"": 0.0776, ""financial_services"": 0.0, ""utilities"": 0.0, ""industrials"": 0.1273, ""energy"": 0.0, ""healthcare"": 0.0098}"
QUAL,2025-07-14,iShares MSCI USA Quality Factor ETF,Unknown,Unknown,Unknown,Unknown,22173515776.0,,,120600000.0,27.15,,,,,,,,,,,,,,,,,,,,,,,,,,0.0103,0.0,0.0,0.0,183.86,,,,Unknown,,,187.26,148.34,178.13,178.07,,,"{""realestate"": 0.0223, ""consumer_cyclical"": 0.0991, ""basic_materials"": 0.0196, ""consumer_defensive"": 0.0582, ""technology"": 0.3391, ""communication_services"": 0.103999995, ""financial_services"": 0.1408, ""utilities"": 0.024400001, ""industrials"": 0.0664, ""energy"": 0.028800001, ""healthcare"": 0.097200006}"
QUS,2025-07-07,SPDR MSCI USA StrategicFactors ETF,Unknown,Unknown,Unknown,Unknown,0.0,,,,23.25,,,,,,,,,,,,,,,,,,,,,,,,,,0.0145,0.0,0.0,0.0,164.55,,,,Unknown,,,164.65,137.58,158.26,157.97,,,"{""realestate"": 0.0091, ""consumer_cyclical"": 0.060900003, ""basic_materials"": 0.0134000005, ""consumer_defensive"": 0.0922, ""technology"": 0.2569, ""communication_services"": 0.098900005, ""financial_services"": 0.174, ""utilities"": 0.0365, ""industrials"": 0.0817, ""energy"": 0.0339, ""healthcare"": 0.1425}"
QWLD,2025-07-14,SPDR MSCI World StrategicFactors ETF,Unknown,Unknown,Unknown,Unknown,0.0,,,,19.85,,,,,,,,,,,,,,,,,,,,,,,,,,0.0163,0.0,0.0,0.0,135.58,,,,Unknown,,,135.58,113.04,131.99,128.53,,,"{""realestate"": 0.0084, ""consumer_cyclical"": 0.0679, ""basic_materials"": 0.0247, ""consumer_defensive"": 0.0953, ""technology"": 0.2014, ""communication_services"": 0.113400005, ""financial_services"": 0.1814, ""utilities"": 0.0343, ""industrials"": 0.1033, ""energy"": 0.0354, ""healthcare"": 0.1345}"
RAAX,2025-07-14,VanEck Real Assets ETF,Unknown,Unknown,Unknown,Unknown,0.0,,,,22.21,,,,,,,,,,,,,,,,,,,,,,,,,,0.0177,0.0,0.0,0.0,32.05,,,,Unknown,,,32.14,26.71,30.95,29.82,,,"{""realestate"": 0.13270001, ""consumer_cyclical"": 0.024, ""basic_materials"": 0.2132, ""consumer_defensive"": 0.0, ""technology"": 0.010199999, ""communication_services"": 0.0, ""financial_services"": 0.0, ""utilities"": 0.0363, ""industrials"": 0.1438, ""energy"": 0.4383, ""healthcare"": 0.0015}"
RDIV,2025-07-14,Invesco S&P Ultra Dividend Revenue ETF,Unknown,Unknown,Unknown,Unknown,0.0,,,,12.9,,,,,,,,,,,,,,,,,,,,,,,,,,0.0418,0.0,0.0,0.0,49.32,,,,Unknown,,,53.02,41.5,47.53,48.7,,,"{""realestate"": 0.0504, ""consumer_cyclical"": 0.1262, ""basic_materials"": 0.0061000003, ""consumer_defensive"": 0.0946, ""technology"": 0.0, ""communication_services"": 0.075500004, ""financial_services"": 0.253, ""utilities"": 0.1028, ""industrials"": 0.034, ""energy"": 0.1291, ""healthcare"": 0.1283}"
RDVY,2025-07-14,First Trust Rising Dividend Achievers ETF,Unknown,Unknown,Unknown,Unknown,0.0,,,,15.46,,,,,,,,,,,,,,,,,,,,,,,,,,0.0167,0.0,0.0,0.0,63.28,,,,Unknown,,,64.63,50.27,60.94,60.3,,,"{""realestate"": 0.0, ""consumer_cyclical"": 0.123900004, ""basic_materials"": 0.0311, ""consumer_defensive"": 0.0178, ""technology"": 0.22379999, ""communication_services"": 0.0586, ""financial_services"": 0.38729998, ""utilities"": 0.0, ""industrials"": 0.0829, ""energy"": 0.0475, ""healthcare"": 0.0271}"
REET,2025-07-07,iShares Global REIT ETF,Unknown,Unknown,Unknown,Unknown,0.0,,,,26.38,,,,,,,,,,,,,,,,,,,,,,,,,,0.0348,0.0,0.0,0.0,24.95,,,,Unknown,,,27.24,20.96,24.59,24.84,,,"{""realestate"": 1.0, ""consumer_cyclical"": 0.0, ""basic_materials"": 0.0, ""consumer_defensive"": 0.0, ""technology"": 0.0, ""communication_services"": 0.0, ""financial_services"": 0.0, ""utilities"": 0.0, ""industrials"": 0.0, ""energy"": 0.0, ""healthcare"": 0.0}"
REGL,2025-07-14,ProShares S&P MidCap 400 Dividend Aristocrats ETF,Unknown,Unknown,Unknown,Unknown,0.0,,,,17.69,,,,,,,,,,,,,,,,,,,,,,,,,,0.0252,0.0,0.0,0.0,83.5,,,,Unknown,,,89.45,71.58,81.25,81.61,,,"{""realestate"": 0.037, ""consumer_cyclical"": 0.0971, ""basic_materials"": 0.051999997, ""consumer_defensive"": 0.0328, ""technology"": 0.0, ""communication_services"": 0.0, ""financial_services"": 0.3094, ""utilities"": 0.1599, ""industrials"": 0.19409999, ""energy"": 0.039, ""healthcare"": 0.0787}"
REZ,2025-07-14,iShares Residential and Multisector Real Estate ETF,Unknown,Unknown,Unknown,Unknown,0.0,,,,37.86,,,,,,,,,,,,,,,,,,,,,,,,,,0.0226,0.0,0.0,0.0,83.0,,,,Unknown,,,91.64,73.23,82.78,83.97,,,"{""realestate"": 1.0, ""consumer_cyclical"": 0.0, ""basic_materials"": 0.0, ""consumer_defensive"": 0.0, ""technology"": 0.0, ""communication_services"": 0.0, ""financial_services"": 0.0, ""utilities"": 0.0, ""industrials"": 0.0, ""energy"": 0.0, ""healthcare"": 0.0}"
RFDA,2025-07-07,RiverFront Dynamic US Dividend Advantage ETF,Unknown,Unknown,Unknown,Unknown,0.0,,,,19.51,,,,,,,,,,,,,,,,,,,,,,,,,,0.0224,0.0,0.0,0.0,59.06,,,,Unknown,,,59.06,46.25,54.87,55.18,,,"{""realestate"": 0.0691, ""consumer_cyclical"": 0.0992, ""basic_materials"": 0.0069999998, ""consumer_defensive"": 0.0625, ""technology"": 0.3671, ""communication_services"": 0.0392, ""financial_services"": 0.16139999, ""utilities"": 0.038, ""industrials"": 0.063200004, ""energy"": 0.0783, ""healthcare"": 0.0150999995}"
RFEM,2025-07-14,First Trust RiverFront Dynamic Emerging Markets ETF,Unknown,Unknown,Unknown,Unknown,0.0,,,,12.12,,,,,,,,,,,,,,,,,,,,,,,,,,0.034,0.0,0.0,0.0,71.62,,,,Unknown,,,72.07,57.44,69.0,66.0,,,"{""realestate"": 0.0075, ""consumer_cyclical"": 0.128, ""basic_materials"": 0.0461, ""consumer_defensive"": 0.048699997, ""technology"": 0.2324, ""communication_services"": 0.08270001, ""financial_services"": 0.23809999, ""utilities"": 0.0074, ""industrials"": 0.1146, ""energy"": 0.0592, ""healthcare"": 0.0352}"
RFV,2025-07-14,Invesco S&P MidCap 400 Pure Value ETF,Unknown,Unknown,Unknown,Unknown,0.0,,,,13.74,,,,,,,,,,,,,,,,,,,,,,,,,,0.0163,0.0,0.0,0.0,129.9,,,,Unknown,,,131.74,96.78,118.63,119.48,,,"{""realestate"": 0.013300001, ""consumer_cyclical"": 0.2584, ""basic_materials"": 0.067600004, ""consumer_defensive"": 0.075500004, ""technology"": 0.1533, ""communication_services"": 0.0, ""financial_services"": 0.1353, ""utilities"": 0.045100003, ""industrials"": 0.120699994, ""energy"": 0.1089, ""healthcare"": 0.0219}"
RGI,2025-06-16,Invesco S&P 500 Equal Weight Industrials ETF,Unknown,Unknown,Unknown,Unknown,0.0,,,,23.58,,,,,,,,,,,,,,,,,,,,,,,,,,0.0114,0.0,0.0,0.0,189.57,,,,Unknown,,,200.17,154.79,186.61,181.29,,,"{""realestate"": 0.016, ""consumer_cyclical"": 0.0154, ""basic_materials"": 0.0, ""consumer_defensive"": 0.0, ""technology"": 0.066, ""communication_services"": 0.0, ""financial_services"": 0.0, ""utilities"": 0.0, ""industrials"": 0.90349996, ""energy"": 0.0, ""healthcare"": 0.0}"
RINF,2025-07-14,ProShares Inflation Expectations ETF,Unknown,Unknown,Unknown,Unknown,0.0,,,,,,,,,,,,,,,,,,,,,,,,,,,,,,0.0444,0.0,0.0,0.0,33.04,,,,Unknown,,,33.67,30.91,32.92,32.88,,,{}
RING,2025-07-14,iShares MSCI Global Gold Miners ETF,Unknown,Unknown,Unknown,Unknown,507725024.0,,,11500000.0,17.9,,,,,,,,,,,,,,,,,,,,,,,,,,0.0095,0.0,0.0,0.0,44.15,,,,Unknown,,,45.87,27.7,42.61,35.87,,,"{""realestate"": 0.0, ""consumer_cyclical"": 0.0002, ""basic_materials"": 0.9956, ""consumer_defensive"": 0.0002, ""technology"": 0.0005, ""communication_services"": 0.0001, ""financial_services"": 0.0018000001, ""utilities"": 0.0002, ""industrials"": 0.00059999997, ""energy"": 0.0008, ""healthcare"": 0.0}"
RNEM,2025-07-14,First Trust Emerging Markets Equity Select ETF,Unknown,Unknown,Unknown,Unknown,0.0,,,,14.7,,,,,,,,,,,,,,,,,,,,,,,,,,0.0313,0.0,0.0,0.0,55.06,,,,Unknown,,,57.82,44.04,54.79,52.2,,,"{""realestate"": 0.0069999998, ""consumer_cyclical"": 0.072399996, ""basic_materials"": 0.1221, ""consumer_defensive"": 0.065, ""technology"": 0.1062, ""communication_services"": 0.0941, ""financial_services"": 0.3434, ""utilities"": 0.0179, ""industrials"": 0.0656, ""energy"": 0.0612, ""healthcare"": 0.045}"
ROAM,2025-07-14,Hartford Multifactor Emerging Markets ETF,Unknown,Unknown,Unknown,Unknown,0.0,,,,11.0,,,,,,,,,,,,,,,,,,,,,,,,,,0.0378,0.0,0.0,0.0,26.41,,,,Unknown,,,26.64,20.75,25.44,24.22,,,"{""realestate"": 0.0161, ""consumer_cyclical"": 0.1041, ""basic_materials"": 0.0656, ""consumer_defensive"": 0.0544, ""technology"": 0.2251, ""communication_services"": 0.078200005, ""financial_services"": 0.2234, ""utilities"": 0.040900003, ""industrials"": 0.0801, ""energy"": 0.052699998, ""healthcare"": 0.0594}"
ROBO,2025-07-14,Robo Global Robotics and Automation Index ETF,Unknown,Unknown,Unknown,Unknown,1173507328.0,,,,24.6,,,199.8,,,,,,,,,,,,,,,,,,,,0.3,,,0.0055,0.0,0.0,0.0,60.54,,,,Unknown,,,61.3,43.17,56.73,56.09,,,"{""realestate"": 0.0, ""consumer_cyclical"": 0.0107, ""basic_materials"": 0.0, ""consumer_defensive"": 0.0, ""technology"": 0.3948, ""communication_services"": 0.0, ""financial_services"": 0.0174, ""utilities"": 0.0, ""industrials"": 0.5153, ""energy"": 0.0, ""healthcare"": 0.0618}"
ROSC,2025-07-14,Hartford Multifactor Small Cap ETF,Unknown,Unknown,Unknown,Unknown,0.0,,,,14.18,,,,,,,,,,,,,,,,,,,,,,,,,,0.0216,0.0,0.0,0.0,42.6,,,,Unknown,,,48.19,35.52,41.07,42.57,,,"{""realestate"": 0.070300005, ""consumer_cyclical"": 0.1475, ""basic_materials"": 0.028399998, ""consumer_defensive"": 0.0736, ""technology"": 0.1065, ""communication_services"": 0.028199999, ""financial_services"": 0.185, ""utilities"": 0.0231, ""industrials"": 0.13340001, ""energy"": 0.0321, ""healthcare"": 0.1719}"
ROUS,2025-07-14,Hartford Multifactor US Equity ETF,Unknown,Unknown,Unknown,Unknown,0.0,,,,19.4,,,,,,,,,,,,,,,,,,,,,,,,,,0.0165,0.0,0.0,0.0,53.72,,,,Unknown,,,54.49,44.36,52.47,51.9,,,"{""realestate"": 0.014400001, ""consumer_cyclical"": 0.1009, ""basic_materials"": 0.0269, ""consumer_defensive"": 0.081099994, ""technology"": 0.2861, ""communication_services"": 0.0797, ""financial_services"": 0.12189999, ""utilities"": 0.0425, ""industrials"": 0.0996, ""energy"": 0.0279, ""healthcare"": 0.1189}"
RSPG,2025-07-14,Invesco S&P 500 Equal Weight Energy ETF,Unknown,Unknown,Unknown,Unknown,0.0,,,,15.56,,,,,,,,,,,,,,,,,,,,,,,,,,0.0271,0.0,0.0,0.0,77.96,,,,Unknown,,,86.61,63.76,74.31,77.73,,,"{""realestate"": 0.0, ""consumer_cyclical"": 0.0, ""basic_materials"": 0.0, ""consumer_defensive"": 0.0, ""technology"": 0.0, ""communication_services"": 0.0, ""financial_services"": 0.0, ""utilities"": 0.0, ""industrials"": 0.0, ""energy"": 1.0, ""healthcare"": 0.0}"
RSPH,2025-07-14,Invesco S&P 500 Equal Weight Health Care ETF,Unknown,Unknown,Unknown,Unknown,0.0,,,,24.12,,,,,,,,,,,,,,,,,,,,,,,,,,0.0076,0.0,0.0,0.0,29.02,,,,Unknown,,,32.85,26.36,28.78,29.89,,,"{""realestate"": 0.0, ""consumer_cyclical"": 0.0, ""basic_materials"": 0.0, ""consumer_defensive"": 0.0, ""technology"": 0.0, ""communication_services"": 0.0, ""financial_services"": 0.0, ""utilities"": 0.0, ""industrials"": 0.0, ""energy"": 0.0, ""healthcare"": 1.0}"
RSPN,2025-07-14,Invesco S&P 500 Equal Weight Industrials ETF,Unknown,Unknown,Unknown,Unknown,0.0,,,,24.36,,,,,,,,,,,,,,,,,,,,,,,,,,0.0094,0.0,0.0,0.0,54.86,,,,Unknown,,,55.54,42.28,52.34,51.33,,,"{""realestate"": 0.0, ""consumer_cyclical"": 0.0135, ""basic_materials"": 0.0, ""consumer_defensive"": 0.0, ""technology"": 0.1058, ""communication_services"": 0.0, ""financial_services"": 0.0, ""utilities"": 0.0, ""industrials"": 0.8808, ""energy"": 0.0, ""healthcare"": 0.0}"
RSPR,2025-07-14,Invesco S&P 500 Equal Weight Real Estate ETF,Unknown,Unknown,Unknown,Unknown,0.0,,,,34.23,,,,,,,,,,,,,,,,,,,,,,,,,,0.0256,0.0,0.0,0.0,35.39,,,,Unknown,,,38.94,30.83,35.05,35.82,,,"{""realestate"": 1.0, ""consumer_cyclical"": 0.0, ""basic_materials"": 0.0, ""consumer_defensive"": 0.0, ""technology"": 0.0, ""communication_services"": 0.0, ""financial_services"": 0.0, ""utilities"": 0.0, ""industrials"": 0.0, ""energy"": 0.0, ""healthcare"": 0.0}"
RSPU,2025-07-14,Invesco S&P 500 Equal Weight Utilities ETF,Unknown,Unknown,Unknown,Unknown,0.0,,,,18.56,,,,,,,,,,,,,,,,,,,,,,,,,,0.0238,0.0,0.0,0.0,71.69,,,,Unknown,,,73.02,58.96,70.94,68.73,,,"{""realestate"": 0.0, ""consumer_cyclical"": 0.0, ""basic_materials"": 0.0, ""consumer_defensive"": 0.0, ""technology"": 0.0, ""communication_services"": 0.0, ""financial_services"": 0.0, ""utilities"": 1.0, ""industrials"": 0.0, ""energy"": 0.0, ""healthcare"": 0.0}"
RTH,2025-07-14,VanEck Retail ETF,Unknown,Unknown,Unknown,Unknown,0.0,,,,25.57,,,,,,,,,,,,,,,,,,,,,,,,,,0.0074,0.0,0.0,0.0,238.66,,,,Unknown,,,242.93,195.37,235.02,228.82,,,"{""realestate"": 0.0, ""consumer_cyclical"": 0.5753, ""basic_materials"": 0.0, ""consumer_defensive"": 0.28170002, ""technology"": 0.0, ""communication_services"": 0.0, ""financial_services"": 0.0, ""utilities"": 0.0, ""industrials"": 0.0, ""energy"": 0.0, ""healthcare"": 0.14310001}"
RTM,2025-06-16,Invesco S&P 500 Equal Weight Materials ETF,Unknown,Unknown,Unknown,Unknown,0.0,,,,12.4,,,,,,,,,,,,,,,,,,,,,,,,,,0.0242,0.0,0.0,0.0,156.86,,,,Unknown,,,177.58,140.23,157.22,160.31,,,"{""realestate"": 0.0, ""consumer_cyclical"": 0.2356, ""basic_materials"": 0.76489997, ""consumer_defensive"": 0.0, ""technology"": 0.0, ""communication_services"": 0.0, ""financial_services"": 0.0, ""utilities"": 0.0, ""industrials"": 0.0, ""energy"": 0.0, ""healthcare"": 0.0}"
RWJ,2025-07-14,Invesco S&P SmallCap 600 Revenue ETF,Unknown,Unknown,Unknown,Unknown,0.0,,,,13.49,,,,,,,,,,,,,,,,,,,,,,,,,,0.0127,0.0,0.0,0.0,45.36,,,,Unknown,,,49.92,34.31,42.14,43.99,,,"{""realestate"": 0.041300002, ""consumer_cyclical"": 0.2653, ""basic_materials"": 0.050100002, ""consumer_defensive"": 0.0874, ""technology"": 0.098900005, ""communication_services"": 0.0293, ""financial_services"": 0.1106, ""utilities"": 0.0067000003, ""industrials"": 0.1707, ""energy"": 0.081099994, ""healthcare"": 0.0588}"
RWK,2025-07-14,Invesco S&P MidCap 400 Revenue ETF,Unknown,Unknown,Unknown,Unknown,0.0,,,,15.92,,,,,,,,,,,,,,,,,,,,,,,,,,0.012,0.0,0.0,0.0,122.36,,,,Unknown,,,127.38,93.24,114.21,115.33,,,"{""realestate"": 0.0238, ""consumer_cyclical"": 0.21360001, ""basic_materials"": 0.0496, ""consumer_defensive"": 0.123100005, ""technology"": 0.1245, ""communication_services"": 0.0083, ""financial_services"": 0.1277, ""utilities"": 0.0154, ""industrials"": 0.2177, ""energy"": 0.0502, ""healthcare"": 0.046}"
RWL,2025-07-14,Invesco S&P 500 Revenue ETF,Unknown,Unknown,Unknown,Unknown,0.0,,,,19.07,,,,,,,,,,,,,,,,,,,,,,,,,,0.0143,0.0,0.0,0.0,104.82,,,,Unknown,,,105.71,86.97,101.6,100.18,,,"{""realestate"": 0.009, ""consumer_cyclical"": 0.1241, ""basic_materials"": 0.019299999, ""consumer_defensive"": 0.124, ""technology"": 0.1192, ""communication_services"": 0.0761, ""financial_services"": 0.16, ""utilities"": 0.025999999, ""industrials"": 0.0911, ""energy"": 0.0656, ""healthcare"": 0.1857}"
RWR,2025-07-14,SPDR Dow Jones REIT ETF,Unknown,Unknown,Unknown,Unknown,2528009728.0,,,25981600.0,33.88,,,0.8,,,,,,,,,,,,,,,,,,,,122.21,,,0.0386,0.0,0.0,0.0,97.3,,,,Unknown,,,109.48,83.14,97.18,100.11,,,"{""realestate"": 1.0, ""consumer_cyclical"": 0.0, ""basic_materials"": 0.0, ""consumer_defensive"": 0.0, ""technology"": 0.0, ""communication_services"": 0.0, ""financial_services"": 0.0, ""utilities"": 0.0, ""industrials"": 0.0, ""energy"": 0.0, ""healthcare"": 0.0}"
RYF,2025-06-16,Invesco S&P 500 Equal Weight Financials ETF,Unknown,Unknown,Unknown,Unknown,0.0,,,,15.2,,,,,,,,,,,,,,,,,,,,,,,,,,0.0239,0.0,0.0,0.0,50.65,,,,Unknown,,,62.37,47.21,49.96,54.63,,,"{""realestate"": 0.0, ""consumer_cyclical"": 0.0, ""basic_materials"": 0.0, ""consumer_defensive"": 0.0, ""technology"": 0.060500003, ""communication_services"": 0.0, ""financial_services"": 0.925, ""utilities"": 0.0, ""industrials"": 0.0145000005, ""energy"": 0.0, ""healthcare"": 0.0}"
RYH,2025-06-16,Invesco S&P 500 Equal Weight Health Care ETF,Unknown,Unknown,Unknown,Unknown,0.0,,,,21.68,,,,,,,,,,,,,,,,,,,,,,,,,,0.0064,0.0,0.0,0.0,287.06,,,,Unknown,,,304.15,248.94,292.44,285.32,,,"{""realestate"": 0.0, ""consumer_cyclical"": 0.0, ""basic_materials"": 0.0, ""consumer_defensive"": 0.0, ""technology"": 0.0, ""communication_services"": 0.0, ""financial_services"": 0.0, ""utilities"": 0.0, ""industrials"": 0.0, ""energy"": 0.0, ""healthcare"": 0.9998}"
RYT,2025-06-16,Invesco S&P 500 Equal Weight Technology ETF,Unknown,Unknown,Unknown,Unknown,0.0,,,,25.56,,,,,,,,,,,,,,,,,,,,,,,,,,0.0064,0.0,0.0,0.0,282.01,,,,Unknown,,,298.19,213.47,271.26,257.72,,,"{""realestate"": 0.0, ""consumer_cyclical"": 0.0, ""basic_materials"": 0.0, ""consumer_defensive"": 0.0, ""technology"": 1.0001, ""communication_services"": 0.0, ""financial_services"": 0.0, ""utilities"": 0.0, ""industrials"": 0.0, ""energy"": 0.0, ""healthcare"": 0.0}"
RYU,2025-06-16,Invesco S&P 500 Equal Weight Utilities ETF,Unknown,Unknown,Unknown,Unknown,0.0,,,,19.52,,,,,,,,,,,,,,,,,,,,,,,,,,0.0245,0.0,0.0,0.0,109.8,,,,Unknown,,,127.59,99.69,113.12,113.39,,,"{""realestate"": 0.0, ""consumer_cyclical"": 0.0, ""basic_materials"": 0.0, ""consumer_defensive"": 0.0, ""technology"": 0.0, ""communication_services"": 0.0, ""financial_services"": 0.0, ""utilities"": 1.0039, ""industrials"": 0.0, ""energy"": 0.0, ""healthcare"": 0.0}"
SCHD,2025-06-02,Schwab U.S. Dividend Equity ETF,Unknown,Unknown,Unknown,Unknown,0.0,,,,15.72,,,,,,,,,,,,,,,,,,,,,,,,,,0.0403,0.0,0.0,0.0,26.17,,,,Unknown,,,29.72,23.87,26.2,27.61,,,"{""realestate"": 0.0, ""consumer_cyclical"": 0.0954, ""basic_materials"": 0.0155, ""consumer_defensive"": 0.19700001, ""technology"": 0.097799994, ""communication_services"": 0.048800003, ""financial_services"": 0.0865, ""utilities"": 0.0004, ""industrials"": 0.1106, ""energy"": 0.19530001, ""healthcare"": 0.1526}"
SCHF,2025-07-14,Schwab International Equity ETF,Unknown,Unknown,Unknown,Unknown,0.0,,,,16.76,,,,,,,,,,,,,,,,,,,,,,,,,,0.028,0.0,0.0,0.0,22.04,,,,Unknown,,,40.66,17.56,21.56,20.09,,,"{""realestate"": 0.0252, ""consumer_cyclical"": 0.09020001, ""basic_materials"": 0.0619, ""consumer_defensive"": 0.0757, ""technology"": 0.1062, ""communication_services"": 0.0464, ""financial_services"": 0.2401, ""utilities"": 0.031, ""industrials"": 0.18120001, ""energy"": 0.0433, ""healthcare"": 0.0988}"
SCHG,2025-07-14,Schwab U.S. Large-Cap Growth ETF,Unknown,Unknown,Unknown,Unknown,0.0,,,,35.44,,,,,,,,,,,,,,,,,,,,,,,,,,0.0041,0.0,0.0,0.0,29.35,,,,Unknown,,,29.49,21.37,27.79,27.11,,,"{""realestate"": 0.0053, ""consumer_cyclical"": 0.1303, ""basic_materials"": 0.0159, ""consumer_defensive"": 0.0199, ""technology"": 0.4786, ""communication_services"": 0.1362, ""financial_services"": 0.076, ""utilities"": 0.0036000002, ""industrials"": 0.0401, ""energy"": 0.0078, ""healthcare"": 0.0864}"
SCHO,2025-07-07,Schwab Short-Term U.S. Treasury ETF,Unknown,Unknown,Unknown,Unknown,0.0,,,,,,,,,,,,,,,,,,,,,,,,,,,,,,0.0422,0.0,0.0,0.0,24.24,,,,Unknown,,,48.79,24.04,24.29,24.26,,,{}
SCHP,2025-07-14,Schwab U.S. TIPS ETF,Unknown,Unknown,Unknown,Unknown,3071350016.0,,,115900000.0,,,,,,,,,,,,,,,,,,,,,,,,,,,0.0327,0.0,0.0,0.0,26.5,,,,Unknown,,,53.11,25.68,26.44,26.37,,,{}
SCHR,2025-07-14,Schwab Intermediate-Term U.S. Treasury ETF,Unknown,Unknown,Unknown,Unknown,1946136064.0,,,78600000.0,,,,,,,,,,,,,,,,,,,,,,,,,,,0.0378,0.0,0.0,0.0,24.76,,,,Unknown,,,50.28,24.04,24.76,24.65,,,{}
SCHX,2025-07-14,Schwab U.S. Large-Cap ETF,Unknown,Unknown,Unknown,Unknown,0.0,,,,26.89,,,,,,,,,,,,,,,,,,,,,,,,,,0.0121,0.0,0.0,0.0,24.7,,,,Unknown,,,66.02,19.0,23.54,23.11,,,"{""realestate"": 0.0232, ""consumer_cyclical"": 0.1078, ""basic_materials"": 0.0186, ""consumer_defensive"": 0.0574, ""technology"": 0.324, ""communication_services"": 0.0952, ""financial_services"": 0.13949999, ""utilities"": 0.023699999, ""industrials"": 0.083900005, ""energy"": 0.0304, ""healthcare"": 0.0962}"
SDCI,2025-07-14,USCF SummerHaven Dynamic Commodity Strategy No K-1 Fund,Unknown,Unknown,Unknown,Unknown,0.0,,,,,,,,,,,,,,,,,,,,,,,,,,,,,,0.0562,0.0,0.0,0.0,22.1,,,,Unknown,,,22.55,18.21,21.27,20.5,,,{}
SDVY,2025-07-14,First Trust SMID Cap Rising Dividend Achievers ETF,Unknown,Unknown,Unknown,Unknown,0.0,,,,13.74,,,,,,,,,,,,,,,,,,,,,,,,,,0.0183,0.0,0.0,0.0,36.1,,,,Unknown,,,40.6,28.84,34.73,35.61,,,"{""realestate"": 0.0, ""consumer_cyclical"": 0.1364, ""basic_materials"": 0.0644, ""consumer_defensive"": 0.0722, ""technology"": 0.0657, ""communication_services"": 0.0214, ""financial_services"": 0.32639998, ""utilities"": 0.0, ""industrials"": 0.2465, ""energy"": 0.045100003, ""healthcare"": 0.022}"
SHRY,2025-07-14,First Trust Bloomberg Shareholder Yield ETF,Unknown,Unknown,Unknown,Unknown,0.0,,,,16.87,,,,,,,,,,,,,,,,,,,,,,,,,,0.0174,0.0,0.0,0.0,42.75,,,,Unknown,,,43.2,35.78,41.68,40.94,,,"{""realestate"": 0.0, ""consumer_cyclical"": 0.040900003, ""basic_materials"": 0.0085, ""consumer_defensive"": 0.1322, ""technology"": 0.2725, ""communication_services"": 0.0942, ""financial_services"": 0.1667, ""utilities"": 0.0, ""industrials"": 0.1766, ""energy"": 0.0622, ""healthcare"": 0.0464}"
SHYG,2025-07-07,iShares 0-5 Year High Yield Corporate Bond ETF,Unknown,Unknown,Unknown,Unknown,2784456192.0,,,64800000.0,10.94,,,,,,,,,,,,,,,,,,,,,,,,,,0.0712,0.0,0.0,0.0,42.97,,,,Unknown,,,43.45,40.38,42.55,42.77,,,"{""realestate"": 0.0068, ""consumer_cyclical"": 0.0, ""basic_materials"": 0.0, ""consumer_defensive"": 0.0, ""technology"": 0.0, ""communication_services"": 0.0, ""financial_services"": 0.0, ""utilities"": 0.9932, ""industrials"": 0.0, ""energy"": 0.0, ""healthcare"": 0.0}"
SHYL,2025-07-14,Xtrackers Short Duration High Yield Bond ETF,Unknown,Unknown,Unknown,Unknown,0.0,,,,,,,,,,,,,,,,,,,,,,,,,,,,,,0.0734,0.0,0.0,0.0,44.98,,,,Unknown,,,45.64,42.03,44.75,44.88,,,{}
SIZE,2025-07-14,iShares MSCI USA Size Factor ETF,Unknown,Unknown,Unknown,Unknown,0.0,,,,22.61,,,,,,,,,,,,,,,,,,,,,,,,,,0.0149,0.0,0.0,0.0,155.85,,,,Unknown,,,159.48,126.83,150.71,149.77,,,"{""realestate"": 0.0661, ""consumer_cyclical"": 0.1027, ""basic_materials"": 0.0369, ""consumer_defensive"": 0.0686, ""technology"": 0.1817, ""communication_services"": 0.044099998, ""financial_services"": 0.1385, ""utilities"": 0.0558, ""industrials"": 0.1464, ""energy"": 0.0416, ""healthcare"": 0.1177}"
SJNK,2025-07-07,SPDR Bloomberg Short Term High Yield Bond ETF,Unknown,Unknown,Unknown,Unknown,0.0,,,,0.92,,,,,,,,,,,,,,,,,,,,,,,,,,0.0743,0.0,0.0,0.0,25.4,,,,Unknown,,,25.77,23.92,25.15,25.32,,,"{""realestate"": 0.0, ""consumer_cyclical"": 0.0, ""basic_materials"": 0.0, ""consumer_defensive"": 0.0, ""technology"": 0.0, ""communication_services"": 1.0, ""financial_services"": 0.0, ""utilities"": 0.0, ""industrials"": 0.0, ""energy"": 0.0, ""healthcare"": 0.0}"
SKOR,2025-07-14,FlexShares Credit-Scored US Corporate Bond Index Fund,Unknown,Unknown,Unknown,Unknown,0.0,,,,,,,,,,,,,,,,,,,,,,,,,,,,,,0.0488,0.0,0.0,0.0,48.42,,,,Unknown,,,49.26,47.01,48.23,48.15,,,{}
SLQD,2025-07-14,iShares 0-5 Year Investment Grade Corporate Bond ETF,Unknown,Unknown,Unknown,Unknown,0.0,,,,,,,,,,,,,,,,,,,,,,,,,,,,,,0.0386,0.0,0.0,0.0,50.36,,,,Unknown,,,50.6,49.48,50.26,50.05,,,{}
SLX,2025-07-14,VanEck Steel ETF,Unknown,Unknown,Unknown,Unknown,0.0,,,,16.9,,,,,,,,,,,,,,,,,,,,,,,,,,0.0336,0.0,0.0,0.0,71.35,,,,Unknown,,,74.33,51.69,64.59,64.21,,,"{""realestate"": 0.0, ""consumer_cyclical"": 0.0, ""basic_materials"": 0.7732, ""consumer_defensive"": 0.0, ""technology"": 0.0, ""communication_services"": 0.0, ""financial_services"": 0.0, ""utilities"": 0.0, ""industrials"": 0.1824, ""energy"": 0.044299997, ""healthcare"": 0.0}"
SMH,2025-07-14,VanEck Semiconductor ETF,Unknown,Unknown,Unknown,Unknown,3355266816.0,,,11670900.0,37.7,,,,,,,,,,,,,,,,,,,,,,,,,,0.0045,0.0,0.0,0.0,287.49,,,,Unknown,,,288.94,170.11,253.05,241.87,,,"{""realestate"": 0.0, ""consumer_cyclical"": 0.0, ""basic_materials"": 0.0, ""consumer_defensive"": 0.0, ""technology"": 1.0, ""communication_services"": 0.0, ""financial_services"": 0.0, ""utilities"": 0.0, ""industrials"": 0.0, ""energy"": 0.0, ""healthcare"": 0.0}"
SMIN,2025-07-14,iShares MSCI India Small-Cap ETF,Unknown,Unknown,Unknown,Unknown,0.0,,,,28.42,,,,,,,,,,,,,,,,,,,,,,,,,,0.0703,0.0,0.0,0.0,76.52,,,,Unknown,,,87.06,61.54,74.11,74.64,,,"{""realestate"": 0.0317, ""consumer_cyclical"": 0.1363, ""basic_materials"": 0.115, ""consumer_defensive"": 0.041100003, ""technology"": 0.0941, ""communication_services"": 0.0198, ""financial_services"": 0.165, ""utilities"": 0.0325, ""industrials"": 0.22659999, ""energy"": 0.0094, ""healthcare"": 0.1287}"
SMLF,2025-07-14,iShares U.S. Small-Cap Equity Factor ETF,Unknown,Unknown,Unknown,Unknown,0.0,,,,19.2,,,,,,,,,,,,,,,,,,,,,,,,,,0.0138,0.0,0.0,0.0,69.2,,,,Unknown,,,74.69,53.39,66.07,66.73,,,"{""realestate"": 0.066700004, ""consumer_cyclical"": 0.1461, ""basic_materials"": 0.0349, ""consumer_defensive"": 0.0478, ""technology"": 0.16610001, ""communication_services"": 0.0279, ""financial_services"": 0.1543, ""utilities"": 0.0233, ""industrials"": 0.1766, ""energy"": 0.0419, ""healthcare"": 0.1144}"
SMLV,2025-07-14,SPDR SSGA US Small Cap Low Volatility Index ETF,Unknown,Unknown,Unknown,Unknown,0.0,,,,15.95,,,,,,,,,,,,,,,,,,,,,,,,,,0.0301,0.0,0.0,0.0,127.54,,,,Unknown,,,142.43,109.28,124.13,126.78,,,"{""realestate"": 0.10609999, ""consumer_cyclical"": 0.0805, ""basic_materials"": 0.0313, ""consumer_defensive"": 0.0602, ""technology"": 0.1046, ""communication_services"": 0.0173, ""financial_services"": 0.3078, ""utilities"": 0.0432, ""industrials"": 0.1462, ""energy"": 0.0184, ""healthcare"": 0.084300004}"
SMMU,2025-07-14,PIMCO Short Term Municipal Bond Active Exchange-Traded Fund,Unknown,Unknown,Unknown,Unknown,0.0,,,,,,,,,,,,,,,,,,,,,,,,,,,,,,0.0292,0.0,0.0,0.0,50.15,,,,Unknown,,,52.05,45.5,49.97,50.0,,,{}
SOXX,2025-07-14,iShares Semiconductor ETF,Unknown,Unknown,Unknown,Unknown,1883200512.0,,,7650000.0,34.11,,,0.58,,,,,,,,,,,,,,,,,,,,424.09,,,0.0072,0.0,0.0,0.0,246.17,,,,Unknown,,,263.63,148.31,218.01,214.18,,,"{""realestate"": 0.0, ""consumer_cyclical"": 0.0, ""basic_materials"": 0.0, ""consumer_defensive"": 0.0, ""technology"": 1.0, ""communication_services"": 0.0, ""financial_services"": 0.0, ""utilities"": 0.0, ""industrials"": 0.0, ""energy"": 0.0, ""healthcare"": 0.0}"
SPDW,2025-07-07,SPDR Portfolio Developed World ex-US ETF,Unknown,Unknown,Unknown,Unknown,0.0,,,,15.87,,,,,,,,,,,,,,,,,,,,,,,,,,0.0274,0.0,0.0,0.0,40.64,,,,Unknown,,,40.8,32.3,39.37,36.84,,,"{""realestate"": 0.027999999, ""consumer_cyclical"": 0.0979, ""basic_materials"": 0.0633, ""consumer_defensive"": 0.0719, ""technology"": 0.10560001, ""communication_services"": 0.052199997, ""financial_services"": 0.22639999, ""utilities"": 0.030299999, ""industrials"": 0.18620001, ""energy"": 0.043899998, ""healthcare"": 0.0942}"
SPEM,2025-07-07,SPDR Portfolio Emerging Markets ETF,Unknown,Unknown,Unknown,Unknown,3316992000.0,,,76800000.0,14.93,,,,,,,,,,,,,,,,,,,,,,,,,,0.026,0.0,0.0,0.0,43.19,,,,Unknown,,,43.23,34.38,41.37,39.98,,,"{""realestate"": 0.0231, ""consumer_cyclical"": 0.131, ""basic_materials"": 0.0685, ""consumer_defensive"": 0.0498, ""technology"": 0.2007, ""communication_services"": 0.0908, ""financial_services"": 0.2308, ""utilities"": 0.0304, ""industrials"": 0.085, ""energy"": 0.0469, ""healthcare"": 0.043}"
SPGM,2025-07-14,SPDR Portfolio MSCI Global Stock Market ETF,Unknown,Unknown,Unknown,Unknown,0.0,,,,20.65,,,,,,,,,,,,,,,,,,,,,,,,,,0.0189,0.0,0.0,0.0,69.45,,,,Unknown,,,69.93,54.21,66.68,64.72,,,"{""realestate"": 0.022, ""consumer_cyclical"": 0.103999995, ""basic_materials"": 0.0352, ""consumer_defensive"": 0.060100004, ""technology"": 0.24370001, ""communication_services"": 0.08180001, ""financial_services"": 0.1765, ""utilities"": 0.0225, ""industrials"": 0.1236, ""energy"": 0.0373, ""healthcare"": 0.0934}"
SPGP,2025-07-14,Invesco S&P 500 GARP ETF,Unknown,Unknown,Unknown,Unknown,0.0,,,,16.56,,,,,,,,,,,,,,,,,,,,,,,,,,0.015,0.0,0.0,0.0,108.76,,,,Unknown,,,112.9,84.13,103.67,104.47,,,"{""realestate"": 0.019199999, ""consumer_cyclical"": 0.1611, ""basic_materials"": 0.077800006, ""consumer_defensive"": 0.0298, ""technology"": 0.159, ""communication_services"": 0.0222, ""financial_services"": 0.16700001, ""utilities"": 0.0, ""industrials"": 0.1158, ""energy"": 0.22659999, ""healthcare"": 0.0216}"
SPHB,2025-07-14,Invesco S&P 500 High Beta ETF,Unknown,Unknown,Unknown,Unknown,0.0,,,,22.6,,,,,,,,,,,,,,,,,,,,,,,,,,0.0068,0.0,0.0,0.0,101.29,,,,Unknown,,,102.22,64.4,91.1,88.3,,,"{""realestate"": 0.0, ""consumer_cyclical"": 0.1204, ""basic_materials"": 0.040799998, ""consumer_defensive"": 0.0081, ""technology"": 0.4357, ""communication_services"": 0.028900001, ""financial_services"": 0.100600004, ""utilities"": 0.0398, ""industrials"": 0.15529999, ""energy"": 0.0318, ""healthcare"": 0.0387}"
SPHQ,2025-07-14,Invesco S&P 500 Quality ETF,Unknown,Unknown,Unknown,Unknown,0.0,,,,26.86,,,,,,,,,,,,,,,,,,,,,,,,,,0.0109,0.0,0.0,0.0,71.19,,,,Unknown,,,72.22,57.67,69.95,68.1,,,"{""realestate"": 0.0, ""consumer_cyclical"": 0.0507, ""basic_materials"": 0.020499999, ""consumer_defensive"": 0.1302, ""technology"": 0.2628, ""communication_services"": 0.1116, ""financial_services"": 0.1587, ""utilities"": 0.0, ""industrials"": 0.1533, ""energy"": 0.0029, ""healthcare"": 0.1093}"
SPHY,2025-07-14,SPDR Portfolio High Yield Bond ETF,Unknown,Unknown,Unknown,Unknown,0.0,,,,7.39,,,,,,,,,,,,,,,,,,,,,,,,,,0.0768,0.0,0.0,0.0,23.59,,,,Unknown,,,24.07,22.21,23.45,23.56,,,"{""realestate"": 0.0, ""consumer_cyclical"": 0.0, ""basic_materials"": 0.0, ""consumer_defensive"": 0.0, ""technology"": 0.0, ""communication_services"": 0.0, ""financial_services"": 0.0, ""utilities"": 0.0, ""industrials"": 0.0, ""energy"": 1.0, ""healthcare"": 0.0}"
SPIB,2025-07-14,SPDR Portfolio Intermediate Term Corporate Bond ETF,Unknown,Unknown,Unknown,Unknown,0.0,,,,,,,,,,,,,,,,,,,,,,,,,,,,,,0.0444,0.0,0.0,0.0,33.33,,,,Unknown,,,33.86,32.38,33.2,33.09,,,{}
SPLB,2025-07-14,SPDR Portfolio Long Term Corporate Bond ETF,Unknown,Unknown,Unknown,Unknown,0.0,,,,,,,,,,,,,,,,,,,,,,,,,,,,,,0.0532,0.0,0.0,0.0,22.1,,,,Unknown,,,24.53,21.01,22.02,22.56,,,{}
SPLG,2025-07-14,SPDR Portfolio S&P 500 ETF,Unknown,Unknown,Unknown,Unknown,0.0,,,,26.96,,,,,,,,,,,,,,,,,,,,,,,,,,0.0129,0.0,0.0,0.0,73.36,,,,Unknown,,,73.75,56.67,69.98,68.72,,,"{""realestate"": 0.0214, ""consumer_cyclical"": 0.1083, ""basic_materials"": 0.0171, ""consumer_defensive"": 0.0589, ""technology"": 0.3291, ""communication_services"": 0.0962, ""financial_services"": 0.1393, ""utilities"": 0.0249, ""industrials"": 0.078600004, ""energy"": 0.03, ""healthcare"": 0.0962}"
SPMO,2025-07-14,Invesco S&P 500 Momentum ETF,Unknown,Unknown,Unknown,Unknown,0.0,,,,28.07,,,,,,,,,,,,,,,,,,,,,,,,,,0.0048,0.0,0.0,0.0,112.17,,,,Unknown,,,112.68,76.75,105.83,97.84,,,"{""realestate"": 0.0125, ""consumer_cyclical"": 0.1594, ""basic_materials"": 0.0, ""consumer_defensive"": 0.103199996, ""technology"": 0.221, ""communication_services"": 0.1435, ""financial_services"": 0.1895, ""utilities"": 0.0271, ""industrials"": 0.0943, ""energy"": 0.0227, ""healthcare"": 0.0269}"
SPSB,2025-07-14,SPDR Portfolio Short Term Corporate Bond ETF,Unknown,Unknown,Unknown,Unknown,0.0,,,,,,,,,,,,,,,,,,,,,,,,,,,,,,0.0483,0.0,0.0,0.0,30.05,,,,Unknown,,,30.31,29.74,30.02,29.99,,,{}
SPTI,2025-07-14,SPDR Portfolio Intermediate Term Treasury ETF,Unknown,Unknown,Unknown,Unknown,0.0,,,,,,,,,,,,,,,,,,,,,,,,,,,,,,0.0376,0.0,0.0,0.0,28.46,,,,Unknown,,,29.28,27.62,28.46,28.33,,,{}
SPTM,2025-07-14,SPDR Portfolio S&P 1500 Composite Stock Market ETF,Unknown,Unknown,Unknown,Unknown,7185830912.0,,,94950200.0,25.13,,,1.3,,,,,,,,,,,,,,,,,,,,58.43,,,0.013,0.0,0.0,0.0,75.68,,,,Unknown,,,76.12,58.6,72.19,71.13,,,"{""realestate"": 0.0253, ""consumer_cyclical"": 0.1096, ""basic_materials"": 0.0195, ""consumer_defensive"": 0.0584, ""technology"": 0.3146, ""communication_services"": 0.091400005, ""financial_services"": 0.1419, ""utilities"": 0.024600001, ""industrials"": 0.088199995, ""energy"": 0.0304, ""healthcare"": 0.0962}"
SPTS,2025-07-14,SPDR Portfolio Short Term Treasury ETF,Unknown,Unknown,Unknown,Unknown,0.0,,,,,,,,,,,,,,,,,,,,,,,,,,,,,,0.0417,0.0,0.0,0.0,29.14,,,,Unknown,,,29.46,28.88,29.16,29.12,,,{}
SPVM,2025-07-14,Invesco S&P 500 Value with Momentum ETF,Unknown,Unknown,Unknown,Unknown,0.0,,,,14.05,,,,,,,,,,,,,,,,,,,,,,,,,,0.0201,0.0,0.0,0.0,60.73,,,,Unknown,,,63.5,49.89,58.33,58.4,,,"{""realestate"": 0.0153, ""consumer_cyclical"": 0.1381, ""basic_materials"": 0.0196, ""consumer_defensive"": 0.0423, ""technology"": 0.043899998, ""communication_services"": 0.053400002, ""financial_services"": 0.3643, ""utilities"": 0.16, ""industrials"": 0.0537, ""energy"": 0.0292, ""healthcare"": 0.0802}"
SPVU,2025-07-14,Invesco S&P 500 Enhanced Value ETF,Unknown,Unknown,Unknown,Unknown,0.0,,,,13.15,,,,,,,,,,,,,,,,,,,,,,,,,,0.027,0.0,0.0,0.0,52.67,,,,Unknown,,,54.36,45.05,51.01,50.75,,,"{""realestate"": 0.0069, ""consumer_cyclical"": 0.0796, ""basic_materials"": 0.0218, ""consumer_defensive"": 0.056500003, ""technology"": 0.0135, ""communication_services"": 0.112399995, ""financial_services"": 0.3556, ""utilities"": 0.0216, ""industrials"": 0.025799999, ""energy"": 0.15439999, ""healthcare"": 0.1519}"
SPXE,2025-07-14,ProShares S&P 500 ex-Energy ETF,Unknown,Unknown,Unknown,Unknown,0.0,,,,26.42,,,,,,,,,,,,,,,,,,,,,,,,,,0.0112,0.0,0.0,0.0,67.45,,,,Unknown,,,67.62,52.4,64.27,63.01,,,"{""realestate"": 0.0221, ""consumer_cyclical"": 0.1102, ""basic_materials"": 0.0177, ""consumer_defensive"": 0.060700003, ""technology"": 0.3392, ""communication_services"": 0.1005, ""financial_services"": 0.1436, ""utilities"": 0.0257, ""industrials"": 0.081199996, ""energy"": 0.0, ""healthcare"": 0.0992}"
SPXV,2025-07-14,ProShares S&P 500 ex-Health Care ETF,Unknown,Unknown,Unknown,Unknown,0.0,,,,25.86,,,,,,,,,,,,,,,,,,,,,,,,,,0.0113,0.0,0.0,0.0,68.42,,,,Unknown,,,68.62,51.95,64.96,63.24,,,"{""realestate"": 0.023599999, ""consumer_cyclical"": 0.118, ""basic_materials"": 0.019, ""consumer_defensive"": 0.0652, ""technology"": 0.3644, ""communication_services"": 0.108100004, ""financial_services"": 0.1542, ""utilities"": 0.0276, ""industrials"": 0.0866, ""energy"": 0.033299997, ""healthcare"": 0.0002}"
SPY,2025-07-14,SPDR S&P 500 ETF,Unknown,Unknown,Unknown,Unknown,572292136960.0,,,917782016.0,26.95,,,1.45,,,,,,,,,,,,,,,,,,,,429.22,,,0.0121,0.0,0.0,0.0,623.56,,,,Unknown,,,626.87,481.8,594.72,584.1,,,"{""realestate"": 0.0214, ""consumer_cyclical"": 0.1083, ""basic_materials"": 0.0172, ""consumer_defensive"": 0.0589, ""technology"": 0.3291, ""communication_services"": 0.0962, ""financial_services"": 0.1393, ""utilities"": 0.0249, ""industrials"": 0.078600004, ""energy"": 0.03, ""healthcare"": 0.0962}"
SPYG,2025-07-14,SPDR Portfolio S&P 500 Growth ETF,Unknown,Unknown,Unknown,Unknown,13243706368.0,,,138200000.0,33.49,,,1.52,,,,,,,,,,,,,,,,,,,,62.98,,,0.006,0.0,0.0,0.0,95.83,,,,Unknown,,,96.23,68.65,90.43,86.71,,,"{""realestate"": 0.012, ""consumer_cyclical"": 0.12529999, ""basic_materials"": 0.0045, ""consumer_defensive"": 0.0378, ""technology"": 0.408, ""communication_services"": 0.1459, ""financial_services"": 0.1197, ""utilities"": 0.0117999995, ""industrials"": 0.0735, ""energy"": 0.006, ""healthcare"": 0.0554}"
SPYV,2025-07-14,SPDR Portfolio S&P 500 Value ETF,Unknown,Unknown,Unknown,Unknown,4738412032.0,,,89302896.0,21.99,,,1.34,,,,,,,,,,,,,,,,,,,,39.54,,,0.0215,0.0,0.0,0.0,53.06,,,,Unknown,,,55.42,44.39,51.21,51.78,,,"{""realestate"": 0.0318, ""consumer_cyclical"": 0.0892, ""basic_materials"": 0.0313, ""consumer_defensive"": 0.082399994, ""technology"": 0.24110001, ""communication_services"": 0.040599998, ""financial_services"": 0.1611, ""utilities"": 0.0396, ""industrials"": 0.0842, ""energy"": 0.056799997, ""healthcare"": 0.1417}"
SPYX,2025-07-14,SPDR S&P 500 Fossil Fuel Reserves Free ETF,Unknown,Unknown,Unknown,Unknown,0.0,,,,27.39,,,,,,,,,,,,,,,,,,,,,,,,,,0.0105,0.0,0.0,0.0,51.26,,,,Unknown,,,51.51,39.59,48.9,47.97,,,"{""realestate"": 0.0218, ""consumer_cyclical"": 0.109, ""basic_materials"": 0.0176, ""consumer_defensive"": 0.060300004, ""technology"": 0.3371, ""communication_services"": 0.0983, ""financial_services"": 0.1416, ""utilities"": 0.0255, ""industrials"": 0.0805, ""energy"": 0.0097, ""healthcare"": 0.0986}"
SSPY,2025-06-02,Stratified LargeCap Index ETF,Unknown,Unknown,Unknown,Unknown,0.0,,,,20.11,,,,,,,,,,,,,,,,,,,,,,,,,,0.0343,0.0,0.0,0.0,79.73,,,,Unknown,,,83.03,69.36,77.1,78.98,,,"{""realestate"": 0.032899998, ""consumer_cyclical"": 0.1361, ""basic_materials"": 0.024500001, ""consumer_defensive"": 0.1344, ""technology"": 0.16420001, ""communication_services"": 0.0679, ""financial_services"": 0.1012, ""utilities"": 0.0639, ""industrials"": 0.0988, ""energy"": 0.0563, ""healthcare"": 0.119799994}"
STIP,2025-07-14,iShares 0-5 Year TIPS Bond ETF,Unknown,Unknown,Unknown,Unknown,0.0,,,,,,,,,,,,,,,,,,,,,,,,,,,,,,0.0326,0.0,0.0,0.0,102.63,,,,Unknown,,,103.61,99.36,102.48,101.76,,,{}
SUSA,2025-07-14,iShares ESG Optimized MSCI USA ETF,Unknown,Unknown,Unknown,Unknown,0.0,,,,27.89,,,,,,,,,,,,,,,,,,,,,,,,,,0.0111,0.0,0.0,0.0,127.08,,,,Unknown,,,128.21,99.48,122.63,120.87,,,"{""realestate"": 0.030299999, ""consumer_cyclical"": 0.0793, ""basic_materials"": 0.0269, ""consumer_defensive"": 0.0661, ""technology"": 0.3671, ""communication_services"": 0.0671, ""financial_services"": 0.121800005, ""utilities"": 0.007900001, ""industrials"": 0.097200006, ""energy"": 0.0332, ""healthcare"": 0.103}"
SYLD,2025-07-14,Cambria Shareholder Yield ETF,Unknown,Unknown,Unknown,Unknown,0.0,,,,11.41,,,,,,,,,,,,,,,,,,,,,,,,,,0.0223,0.0,0.0,0.0,67.46,,,,Unknown,,,76.95,54.75,64.23,67.58,,,"{""realestate"": 0.0, ""consumer_cyclical"": 0.2042, ""basic_materials"": 0.111, ""consumer_defensive"": 0.0848, ""technology"": 0.028299998, ""communication_services"": 0.091800004, ""financial_services"": 0.1815, ""utilities"": 0.0175, ""industrials"": 0.1348, ""energy"": 0.0908, ""healthcare"": 0.0552}"
TAXF,2025-07-14,American Century Diversified Municipal Bond ETF,Unknown,Unknown,Unknown,Unknown,0.0,,,,,,,,,,,,,,,,,,,,,,,,,,,,,,0.0358,0.0,0.0,0.0,48.69,,,,Unknown,,,51.63,46.58,48.78,49.85,,,{}
TBLU,2025-07-14,Tortoise Global Water ESG Fund,Unknown,Unknown,Unknown,Unknown,0.0,,,,25.85,,,,,,,,,,,,,,,,,,,,,,,,,,0.0121,0.0,0.0,0.0,53.22,,,,Unknown,,,53.97,42.55,51.77,49.1,,,"{""realestate"": 0.0, ""consumer_cyclical"": 0.0149, ""basic_materials"": 0.0723, ""consumer_defensive"": 0.0, ""technology"": 0.022, ""communication_services"": 0.0, ""financial_services"": 0.0, ""utilities"": 0.19459999, ""industrials"": 0.6939, ""energy"": 0.0023, ""healthcare"": 0.0}"
TDTF,2025-07-14,FlexShares iBoxx 5-Year Target Duration TIPS Index Fund,Unknown,Unknown,Unknown,Unknown,0.0,,,,,,,,,,,,,,,,,,,,,,,,,,,,,,0.0419,0.0,0.0,0.0,23.96,,,,Unknown,,,24.28,23.16,23.87,23.74,,,{}
THD,2025-07-14,iShares MSCI Thailand ETF,Unknown,Unknown,Unknown,Unknown,264638992.0,,,5100000.0,14.05,,,,,,,,,,,,,,,,,,,,,,,,,,0.0356,0.0,0.0,0.0,51.89,,,,Unknown,,,69.99,45.23,53.38,58.04,,,"{""realestate"": 0.0584, ""consumer_cyclical"": 0.055, ""basic_materials"": 0.0241, ""consumer_defensive"": 0.12, ""technology"": 0.0117, ""communication_services"": 0.1244, ""financial_services"": 0.120900005, ""utilities"": 0.0335, ""industrials"": 0.2022, ""energy"": 0.1565, ""healthcare"": 0.0932}"
TLH,2025-07-14,iShares 10-20 Year Treasury Bond ETF,Unknown,Unknown,Unknown,Unknown,0.0,,,,,,,,,,,,,,,,,,,,,,,,,,,,,,0.042,0.0,0.0,0.0,99.28,,,,Unknown,,,111.83,96.74,99.79,101.92,,,{}
TLTD,2025-07-07,FlexShares Morningstar Developed Markets ex-US Factor Tilt Index Fund,Unknown,Unknown,Unknown,Unknown,0.0,,,,13.06,,,,,,,,,,,,,,,,,,,,,,,,,,0.0339,0.0,0.0,0.0,83.93,,,,Unknown,,,84.1,66.11,80.76,74.47,,,"{""realestate"": 0.0402, ""consumer_cyclical"": 0.104499996, ""basic_materials"": 0.0838, ""consumer_defensive"": 0.0619, ""technology"": 0.0641, ""communication_services"": 0.0395, ""financial_services"": 0.2477, ""utilities"": 0.033800002, ""industrials"": 0.2037, ""energy"": 0.0608, ""healthcare"": 0.060100004}"
TMFC,2025-07-14,Motley Fool 100 Index ETF,Unknown,Unknown,Unknown,Unknown,0.0,,,,30.65,,,,,,,,,,,,,,,,,,,,,,,,,,0.0016,0.0,0.0,0.0,64.43,,,,Unknown,,,64.99,47.79,61.53,59.13,,,"{""realestate"": 0.0101, ""consumer_cyclical"": 0.1449, ""basic_materials"": 0.006, ""consumer_defensive"": 0.048499998, ""technology"": 0.4004, ""communication_services"": 0.1492, ""financial_services"": 0.139, ""utilities"": 0.0034999999, ""industrials"": 0.028800001, ""energy"": 0.0023, ""healthcare"": 0.0674}"
TOK,2025-07-14,iShares MSCI Kokusai ETF,Unknown,Unknown,Unknown,Unknown,0.0,,,,24.45,,,,,,,,,,,,,,,,,,,,,,,,,,0.0158,0.0,0.0,0.0,126.78,,,,Unknown,,,127.55,99.96,121.79,118.07,,,"{""realestate"": 0.0209, ""consumer_cyclical"": 0.1008, ""basic_materials"": 0.0309, ""consumer_defensive"": 0.0642, ""technology"": 0.2672, ""communication_services"": 0.084, ""financial_services"": 0.1674, ""utilities"": 0.0272, ""industrials"": 0.101, ""energy"": 0.0367, ""healthcare"": 0.0995}"
TPYP,2025-07-14,Tortoise North American Pipeline Fund,Unknown,Unknown,Unknown,Unknown,0.0,,,0.0,18.87,,,,,,,,,,,,,,,,,,,,,,,,,,0.0387,0.0,0.0,0.0,34.96,,,,Unknown,,,37.5,28.57,35.26,34.79,,,"{""realestate"": 0.0, ""consumer_cyclical"": 0.0, ""basic_materials"": 0.0, ""consumer_defensive"": 0.0, ""technology"": 0.0, ""communication_services"": 0.0, ""financial_services"": 0.0, ""utilities"": 0.1537, ""industrials"": 0.0, ""energy"": 0.84629995, ""healthcare"": 0.0}"
TUR,2025-07-14,iShares MSCI Turkey ETF,Unknown,Unknown,Unknown,Unknown,519110464.0,,,15650000.0,11.1,,,,,,,,,,,,,,,,,,,,,,,,,,0.0213,0.0,0.0,0.0,33.17,,,,Unknown,,,44.12,29.64,31.41,34.01,,,"{""realestate"": 0.026800001, ""consumer_cyclical"": 0.0874, ""basic_materials"": 0.1266, ""consumer_defensive"": 0.14770001, ""technology"": 0.0046, ""communication_services"": 0.0446, ""financial_services"": 0.1907, ""utilities"": 0.026800001, ""industrials"": 0.2811, ""energy"": 0.0465, ""healthcare"": 0.0172}"
UEVM,2025-07-14,VictoryShares Emerging Markets Value Momentum ETF,Unknown,Unknown,Unknown,Unknown,0.0,,,,10.38,,,,,,,,,,,,,,,,,,,,,,,,,,0.0616,0.0,0.0,0.0,51.64,,,,Unknown,,,52.88,41.46,50.46,48.23,,,"{""realestate"": 0.023, ""consumer_cyclical"": 0.09729999, ""basic_materials"": 0.0975, ""consumer_defensive"": 0.0675, ""technology"": 0.105399996, ""communication_services"": 0.0286, ""financial_services"": 0.24370001, ""utilities"": 0.0617, ""industrials"": 0.1454, ""energy"": 0.051999997, ""healthcare"": 0.0779}"
UITB,2025-07-14,VictoryShares Core Intermediate Bond ETF,Unknown,Unknown,Unknown,Unknown,0.0,,,,,,,,,,,,,,,,,,,,,,,,,,,,,,0.0393,0.0,0.0,0.0,46.51,,,,Unknown,,,48.31,45.37,46.52,46.59,,,"{""realestate"": 0.0, ""consumer_cyclical"": 0.0, ""basic_materials"": 0.0, ""consumer_defensive"": 0.0, ""technology"": 0.0, ""communication_services"": 0.0, ""financial_services"": 0.0, ""utilities"": 0.0, ""industrials"": 0.0, ""energy"": 1.0, ""healthcare"": 0.0}"
ULVM,2025-07-14,VictoryShares US Value Momentum ETF,Unknown,Unknown,Unknown,Unknown,0.0,,,,17.86,,,,,,,,,,,,,,,,,,,,,,,,,,0.018,0.0,0.0,0.0,85.3,,,,Unknown,,,87.22,69.72,82.52,81.91,,,"{""realestate"": 0.0871, ""consumer_cyclical"": 0.0668, ""basic_materials"": 0.040599998, ""consumer_defensive"": 0.08229999, ""technology"": 0.1515, ""communication_services"": 0.0631, ""financial_services"": 0.213, ""utilities"": 0.0618, ""industrials"": 0.096999995, ""energy"": 0.0311, ""healthcare"": 0.10569999}"
UPGD,2025-05-02,Invesco Bloomberg Analyst Rating Improvers ETF,Unknown,Unknown,Unknown,Unknown,0.0,,,,20.19,,,,,,,,,,,,,,,,,,,,,,,,,,0.0126,0.0,0.0,0.0,68.4,,,,Unknown,,,75.85,61.76,68.58,70.31,,,"{""realestate"": 0.0, ""consumer_cyclical"": 0.0861, ""basic_materials"": 0.058000002, ""consumer_defensive"": 0.173, ""technology"": 0.1732, ""communication_services"": 0.0223, ""financial_services"": 0.0172, ""utilities"": 0.0681, ""industrials"": 0.2604, ""energy"": 0.0652, ""healthcare"": 0.0765}"
URA,2025-07-14,Global X Uranium ETF,Unknown,Unknown,Unknown,Unknown,0.0,,,,28.77,,,,,,,,,,,,,,,,,,,,,,,,,,0.0239,0.0,0.0,0.0,37.51,,,,Unknown,,,39.3,19.5,32.86,29.13,,,"{""realestate"": 0.0, ""consumer_cyclical"": 0.0, ""basic_materials"": 0.056700002, ""consumer_defensive"": 0.0, ""technology"": 0.0069999998, ""communication_services"": 0.0, ""financial_services"": 0.0, ""utilities"": 0.06, ""industrials"": 0.2572, ""energy"": 0.619, ""healthcare"": 0.0}"
URTH,2025-07-14,iShares MSCI World ETF,Unknown,Unknown,Unknown,Unknown,1173758976.0,,,6900000.0,23.51,,,,,,,,,,,,,,,,,,,,,,,,,,0.014,0.0,0.0,0.0,170.11,,,,Unknown,,,171.21,132.93,163.95,158.55,,,"{""realestate"": 0.021, ""consumer_cyclical"": 0.103199996, ""basic_materials"": 0.0309, ""consumer_defensive"": 0.0635, ""technology"": 0.2618, ""communication_services"": 0.0848, ""financial_services"": 0.1673, ""utilities"": 0.026199998, ""industrials"": 0.1083, ""energy"": 0.0348, ""healthcare"": 0.09819999}"
USAI,2025-07-14,Pacer American Energy Independence ETF,Unknown,Unknown,Unknown,Unknown,0.0,,,,19.01,,,,,,,,,,,,,,,,,,,,,,,,,,0.0418,0.0,0.0,0.0,40.07,,,,Unknown,,,43.98,31.84,39.55,39.44,,,"{""realestate"": 0.0, ""consumer_cyclical"": 0.0, ""basic_materials"": 0.0, ""consumer_defensive"": 0.0, ""technology"": 0.0, ""communication_services"": 0.0, ""financial_services"": 0.0, ""utilities"": 0.0, ""industrials"": 0.0, ""energy"": 1.0, ""healthcare"": 0.0}"
USCI,2025-07-14,"United States Commodity Index Fund, LP",Unknown,Unknown,Unknown,Unknown,0.0,,,,36.3,,,,,,,,,,,,,,,,,,,,,,,,,,0.0,0.0,0.0,0.0,74.92,,,,Unknown,,,76.48,58.51,72.14,68.28,,,{}
USMC,2025-07-14,Principal U.S. Mega-Cap ETF,Unknown,Unknown,Unknown,Unknown,0.0,,,,27.52,,,,,,,,,,,,,,,,,,,,,,,,,,0.01,0.0,0.0,0.0,62.45,,,,Unknown,,,63.13,49.01,60.31,59.11,,,"{""realestate"": 0.0, ""consumer_cyclical"": 0.096499994, ""basic_materials"": 0.0, ""consumer_defensive"": 0.09689999, ""technology"": 0.2978, ""communication_services"": 0.13430001, ""financial_services"": 0.24780001, ""utilities"": 0.0, ""industrials"": 0.0, ""energy"": 0.033800002, ""healthcare"": 0.0929}"
USMF,2025-07-07,WisdomTree U.S. Multifactor Fund,Unknown,Unknown,Unknown,Unknown,0.0,,,,18.7,,,,,,,,,,,,,,,,,,,,,,,,,,0.0128,0.0,0.0,0.0,51.66,,,,Unknown,,,52.9,43.92,50.26,50.08,,,"{""realestate"": 0.0223, ""consumer_cyclical"": 0.1169, ""basic_materials"": 0.013300001, ""consumer_defensive"": 0.0556, ""technology"": 0.3165, ""communication_services"": 0.096999995, ""financial_services"": 0.13260001, ""utilities"": 0.0194, ""industrials"": 0.084, ""energy"": 0.036, ""healthcare"": 0.106300004}"
USRT,2025-07-14,iShares Core U.S. REIT ETF,Unknown,Unknown,Unknown,Unknown,0.0,,,,32.47,,,,,,,,,,,,,,,,,,,,,,,,,,0.0281,0.0,0.0,0.0,56.95,,,,Unknown,,,63.22,48.48,56.83,58.13,,,"{""realestate"": 1.0, ""consumer_cyclical"": 0.0, ""basic_materials"": 0.0, ""consumer_defensive"": 0.0, ""technology"": 0.0, ""communication_services"": 0.0, ""financial_services"": 0.0, ""utilities"": 0.0, ""industrials"": 0.0, ""energy"": 0.0, ""healthcare"": 0.0}"
USSG,2025-07-14,Xtrackers MSCI USA Selection Equity ETF,Unknown,Unknown,Unknown,Unknown,0.0,,,,26.68,,,,,,,,,,,,,,,,,,,,,,,,,,0.0114,0.0,0.0,0.0,57.36,,,,Unknown,,,57.58,44.1,54.67,53.67,,,"{""realestate"": 0.023, ""consumer_cyclical"": 0.111, ""basic_materials"": 0.0224, ""consumer_defensive"": 0.053600002, ""technology"": 0.3661, ""communication_services"": 0.0959, ""financial_services"": 0.1297, ""utilities"": 0.0112, ""industrials"": 0.0759, ""energy"": 0.0166, ""healthcare"": 0.0946}"
USTB,2025-07-14,VictoryShares Short-Term Bond ETF,Unknown,Unknown,Unknown,Unknown,0.0,,,,,,,,,,,,,,,,,,,,,,,,,,,,,,0.0482,0.0,0.0,0.0,50.56,,,,Unknown,,,50.92,49.79,50.57,50.47,,,{}
USVM,2025-07-14,VictoryShares US Small Mid Cap Value Momentum ETF,Unknown,Unknown,Unknown,Unknown,0.0,,,,15.52,,,,,,,,,,,,,,,,,,,,,,,,,,0.0191,0.0,0.0,0.0,84.67,,,,Unknown,,,93.41,68.07,81.85,83.31,,,"{""realestate"": 0.108500004, ""consumer_cyclical"": 0.123900004, ""basic_materials"": 0.0212, ""consumer_defensive"": 0.056599997, ""technology"": 0.1074, ""communication_services"": 0.0293, ""financial_services"": 0.118, ""utilities"": 0.0432, ""industrials"": 0.1462, ""energy"": 0.0608, ""healthcare"": 0.1849}"
UTES,2025-07-14,Virtus Reaves Utilities ETF,Unknown,Unknown,Unknown,Unknown,0.0,,,,20.75,,,,,,,,,,,,,,,,,,,,,,,,,,0.0132,0.0,0.0,0.0,75.35,,,,Unknown,,,76.24,51.21,72.49,67.52,,,"{""realestate"": 0.0, ""consumer_cyclical"": 0.0, ""basic_materials"": 0.0, ""consumer_defensive"": 0.0, ""technology"": 0.0, ""communication_services"": 0.0, ""financial_services"": 0.0, ""utilities"": 1.0, ""industrials"": 0.0, ""energy"": 0.0, ""healthcare"": 0.0}"
VAMO,2025-07-14,Cambria Value and Momentum ETF,Unknown,Unknown,Unknown,Unknown,0.0,,,,12.41,,,,,,,,,,,,,,,,,,,,,,,,,,0.0173,0.0,0.0,0.0,30.5,,,,Unknown,,,32.72,26.67,29.87,29.98,,,"{""realestate"": 0.0084, ""consumer_cyclical"": 0.1101, ""basic_materials"": 0.0209, ""consumer_defensive"": 0.087299995, ""technology"": 0.0592, ""communication_services"": 0.0558, ""financial_services"": 0.3048, ""utilities"": 0.0378, ""industrials"": 0.2043, ""energy"": 0.0332, ""healthcare"": 0.0783}"
VAW,2025-07-14,Vanguard Materials Index Fund ETF Shares,Unknown,Unknown,Unknown,Unknown,0.0,,,,25.52,,,,,,,,,,,,,,,,,,,,,,,,,,0.0175,0.0,0.0,0.0,202.32,,,,Unknown,,,215.82,161.43,193.04,196.51,,,"{""realestate"": 0.0, ""consumer_cyclical"": 0.1173, ""basic_materials"": 0.8614, ""consumer_defensive"": 0.0, ""technology"": 0.0, ""communication_services"": 0.0, ""financial_services"": 0.0, ""utilities"": 0.0, ""industrials"": 0.013200001, ""energy"": 0.0, ""healthcare"": 0.0081}"
VB,2025-07-14,Vanguard Small-Cap Index Fund ETF Shares,Unknown,Unknown,Unknown,Unknown,214061645824.0,,,158508992.0,20.05,,,1.72,,,,,,,,,,,,,,,,,,,,140.82,,,0.0148,0.0,0.0,0.0,242.3,,,,Unknown,,,263.35,190.27,231.69,236.33,,,"{""realestate"": 0.0784, ""consumer_cyclical"": 0.1292, ""basic_materials"": 0.040700004, ""consumer_defensive"": 0.047399998, ""technology"": 0.1576, ""communication_services"": 0.0324, ""financial_services"": 0.1366, ""utilities"": 0.0342, ""industrials"": 0.1877, ""energy"": 0.0402, ""healthcare"": 0.115600005}"
VBR,2025-07-14,Vanguard Small-Cap Value Index Fund ETF Shares,Unknown,Unknown,Unknown,Unknown,20387768320.0,,,101351000.0,16.98,,,2.03,,,,,,,,,,,,,,,,,,,,98.91,,,0.0223,0.0,0.0,0.0,201.16,,,,Unknown,,,219.01,160.23,191.64,196.37,,,"{""realestate"": 0.097799994, ""consumer_cyclical"": 0.13229999, ""basic_materials"": 0.0571, ""consumer_defensive"": 0.0502, ""technology"": 0.08189999, ""communication_services"": 0.024, ""financial_services"": 0.1998, ""utilities"": 0.056999996, ""industrials"": 0.1881, ""energy"": 0.0341, ""healthcare"": 0.0777}"
VCIT,2025-07-14,Vanguard Intermediate-Term Corporate Bond Index Fund ETF Shares,Unknown,Unknown,Unknown,Unknown,0.0,,,,,,,,,,,,,,,,,,,,,,,,,,,,,,0.0447,0.0,0.0,0.0,82.02,,,,Unknown,,,84.26,78.66,81.57,81.38,,,{}
VCLT,2025-07-14,Vanguard Long-Term Corporate Bond Index Fund ETF Shares,Unknown,Unknown,Unknown,Unknown,0.0,,,,,,,,,,,,,,,,,,,,,,,,,,,,,,0.0538,0.0,0.0,0.0,74.35,,,,Unknown,,,82.63,70.61,74.05,75.88,,,{}
VCR,2025-07-14,Vanguard Consumer Discretionary Index Fund ETF Shares,Unknown,Unknown,Unknown,Unknown,0.0,,,,27.26,,,,,,,,,,,,,,,,,,,,,,,,,,0.0082,0.0,0.0,0.0,369.27,,,,Unknown,,,402.25,284.84,354.1,354.27,,,"{""realestate"": 0.0005, ""consumer_cyclical"": 0.95739996, ""basic_materials"": 0.0, ""consumer_defensive"": 0.011, ""technology"": 0.0098, ""communication_services"": 0.0127, ""financial_services"": 0.00029999999, ""utilities"": 0.0, ""industrials"": 0.0078, ""energy"": 0.0, ""healthcare"": 0.0005}"
VCSH,2025-07-14,Vanguard Short-Term Corporate Bond Index Fund ETF Shares,Unknown,Unknown,Unknown,Unknown,0.0,,,,,,,,,,,,,,,,,,,,,,,,,,,,,,0.041,0.0,0.0,0.0,79.05,,,,Unknown,,,79.54,77.58,78.9,78.58,,,{}
VDC,2025-07-14,Vanguard Consumer Staples Index Fund ETF Shares,Unknown,Unknown,Unknown,Unknown,0.0,,,,24.26,,,,,,,,,,,,,,,,,,,,,,,,,,0.0233,0.0,0.0,0.0,218.42,,,,Unknown,,,226.64,202.96,220.37,217.5,,,"{""realestate"": 0.0, ""consumer_cyclical"": 0.0117999995, ""basic_materials"": 0.0022, ""consumer_defensive"": 0.9795, ""technology"": 0.0, ""communication_services"": 0.0, ""financial_services"": 0.0, ""utilities"": 0.0, ""industrials"": 0.0026, ""energy"": 0.0, ""healthcare"": 0.0038}"
VDE,2025-07-14,Vanguard Energy Index Fund ETF Shares,Unknown,Unknown,Unknown,Unknown,5222720000.0,,,41751700.0,15.37,,,2.23,,,,,,,,,,,,,,,,,,,,56.1,,,0.0343,0.0,0.0,0.0,125.09,,,,Unknown,,,137.41,103.07,118.45,123.31,,,"{""realestate"": 0.0, ""consumer_cyclical"": 0.0, ""basic_materials"": 0.0011999999, ""consumer_defensive"": 0.0, ""technology"": 0.0, ""communication_services"": 0.0, ""financial_services"": 0.0, ""utilities"": 0.0, ""industrials"": 0.0002, ""energy"": 0.9985, ""healthcare"": 0.0}"
VEA,2025-07-14,Vanguard FTSE Developed Markets Index Fund ETF Shares,Unknown,Unknown,Unknown,Unknown,0.0,,,,16.78,,,,,,,,,,,,,,,,,,,,,,,,,,0.0281,0.0,0.0,0.0,56.87,,,,Unknown,,,57.39,45.14,55.49,51.72,,,"{""realestate"": 0.0319, ""consumer_cyclical"": 0.0936, ""basic_materials"": 0.0654, ""consumer_defensive"": 0.0723, ""technology"": 0.1027, ""communication_services"": 0.0458, ""financial_services"": 0.2291, ""utilities"": 0.0313, ""industrials"": 0.1834, ""energy"": 0.044099998, ""healthcare"": 0.1004}"
VFH,2025-07-14,Vanguard Financials Index Fund ETF Shares,Unknown,Unknown,Unknown,Unknown,0.0,,,,17.46,,,,,,,,,,,,,,,,,,,,,,,,,,0.0177,0.0,0.0,0.0,127.32,,,,Unknown,,,129.82,98.47,123.34,119.78,,,"{""realestate"": 0.0069999998, ""consumer_cyclical"": 0.0001, ""basic_materials"": 0.0, ""consumer_defensive"": 0.0, ""technology"": 0.036, ""communication_services"": 0.0, ""financial_services"": 0.9536, ""utilities"": 0.0, ""industrials"": 0.003, ""energy"": 0.0, ""healthcare"": 0.00029999999}"
VFMF,2025-07-14,Vanguard U.S. Multifactor ETF Shares,Unknown,Unknown,Unknown,Unknown,0.0,,,,11.4,,,,,,,,,,,,,,,,,,,,,,,,,,0.0175,0.0,0.0,0.0,135.3,,,,Unknown,,,142.19,109.46,131.09,131.19,,,"{""realestate"": 0.0, ""consumer_cyclical"": 0.1153, ""basic_materials"": 0.028800001, ""consumer_defensive"": 0.0855, ""technology"": 0.127, ""communication_services"": 0.0759, ""financial_services"": 0.3155, ""utilities"": 0.0047, ""industrials"": 0.096599996, ""energy"": 0.0543, ""healthcare"": 0.096499994}"
VFMO,2025-07-14,Vanguard U.S. Momentum Factor ETF ETF Shares,Unknown,Unknown,Unknown,Unknown,0.0,,,,18.77,,,,,,,,,,,,,,,,,,,,,,,,,,0.0082,0.0,0.0,0.0,171.34,,,,Unknown,,,179.56,128.58,165.11,164.02,,,"{""realestate"": 0.0066000004, ""consumer_cyclical"": 0.084, ""basic_materials"": 0.0139999995, ""consumer_defensive"": 0.0709, ""technology"": 0.18290001, ""communication_services"": 0.0877, ""financial_services"": 0.2296, ""utilities"": 0.0082, ""industrials"": 0.1221, ""energy"": 0.0511, ""healthcare"": 0.1429}"
VFQY,2025-07-14,Vanguard U.S. Quality Factor ETF Shares,Unknown,Unknown,Unknown,Unknown,0.0,,,,15.11,,,,,,,,,,,,,,,,,,,,,,,,,,0.0139,0.0,0.0,0.0,145.13,,,,Unknown,,,150.37,116.5,140.05,140.71,,,"{""realestate"": 0.0, ""consumer_cyclical"": 0.123900004, ""basic_materials"": 0.0343, ""consumer_defensive"": 0.1349, ""technology"": 0.17799999, ""communication_services"": 0.0414, ""financial_services"": 0.17709999, ""utilities"": 0.0, ""industrials"": 0.1846, ""energy"": 0.032, ""healthcare"": 0.0939}"
VFVA,2025-07-14,Vanguard U.S. Value Factor ETF Shares,Unknown,Unknown,Unknown,Unknown,0.0,,,,9.04,,,,,,,,,,,,,,,,,,,,,,,,,,0.0256,0.0,0.0,0.0,122.36,,,,Unknown,,,130.84,96.08,115.91,118.15,,,"{""realestate"": 0.0063, ""consumer_cyclical"": 0.13159999, ""basic_materials"": 0.0665, ""consumer_defensive"": 0.0661, ""technology"": 0.076, ""communication_services"": 0.0499, ""financial_services"": 0.26549998, ""utilities"": 0.0, ""industrials"": 0.102299996, ""energy"": 0.1161, ""healthcare"": 0.1196}"
VGIT,2025-07-14,Vanguard Intermediate-Term Treasury Index Fund ETF Shares,Unknown,Unknown,Unknown,Unknown,0.0,,,,,,,,,,,,,,,,,,,,,,,,,,,,,,0.0373,0.0,0.0,0.0,59.15,,,,Unknown,,,60.82,57.4,59.16,58.89,,,{}
VGLT,2025-07-14,Vanguard Long-Term Treasury Index Fund ETF Shares,Unknown,Unknown,Unknown,Unknown,0.0,,,,,,,,,,,,,,,,,,,,,,,,,,,,,,0.0446,0.0,0.0,0.0,54.66,,,,Unknown,,,63.41,53.18,55.05,56.69,,,{}
VGSH,2025-07-14,Vanguard Short-Term Treasury Index Fund ETF Shares,Unknown,Unknown,Unknown,Unknown,0.0,,,,,,,,,,,,,,,,,,,,,,,,,,,,,,0.0417,0.0,0.0,0.0,58.49,,,,Unknown,,,59.13,58.0,58.52,58.45,,,{}
VGT,2025-07-14,Vanguard Information Technology Index Fund ETF Shares,Unknown,Unknown,Unknown,Unknown,0.0,,,,39.52,,,,,,,,,,,,,,,,,,,,,,,,,,0.0052,0.0,0.0,0.0,670.33,,,,Unknown,,,678.99,451.0,621.25,602.07,,,"{""realestate"": 0.0, ""consumer_cyclical"": 0.0, ""basic_materials"": 0.0, ""consumer_defensive"": 0.0, ""technology"": 0.9934, ""communication_services"": 0.0, ""financial_services"": 0.0023999999, ""utilities"": 0.0, ""industrials"": 0.004, ""energy"": 0.0, ""healthcare"": 0.0001}"
VHT,2025-07-14,Vanguard Health Care Index Fund ETF Shares,Unknown,Unknown,Unknown,Unknown,13527689216.0,,,54301900.0,24.56,,,1.09,,,,,,,,,,,,,,,,,,,,228.29,,,0.0164,0.0,0.0,0.0,249.12,,,,Unknown,,,289.14,234.11,246.62,261.2,,,"{""realestate"": 0.0, ""consumer_cyclical"": 0.0, ""basic_materials"": 0.0, ""consumer_defensive"": 0.001, ""technology"": 0.0001, ""communication_services"": 0.0, ""financial_services"": 0.0005, ""utilities"": 0.0, ""industrials"": 0.0, ""energy"": 0.0, ""healthcare"": 0.9983}"
VIGI,2025-07-07,Vanguard International Dividend Appreciation Index Fund ETF Shares,Unknown,Unknown,Unknown,Unknown,0.0,,,,21.18,,,,,,,,,,,,,,,,,,,,,,,,,,0.0182,0.0,0.0,0.0,90.1,,,,Unknown,,,91.19,74.27,88.37,84.76,,,"{""realestate"": 0.012200001, ""consumer_cyclical"": 0.026199998, ""basic_materials"": 0.045500003, ""consumer_defensive"": 0.1345, ""technology"": 0.1455, ""communication_services"": 0.0139999995, ""financial_services"": 0.2166, ""utilities"": 0.0111, ""industrials"": 0.1893, ""energy"": 0.028299998, ""healthcare"": 0.1767}"
VIS,2025-07-07,Vanguard Industrials Index Fund ETF Shares,Unknown,Unknown,Unknown,Unknown,6949959680.0,,,24431600.0,26.83,,,1.51,,,,,,,,,,,,,,,,,,,,187.87,,,0.0121,0.0,0.0,0.0,284.47,,,,Unknown,,,284.8,213.26,266.55,261.22,,,"{""realestate"": 0.0, ""consumer_cyclical"": 0.0088, ""basic_materials"": 0.0031, ""consumer_defensive"": 0.0, ""technology"": 0.0991, ""communication_services"": 0.00029999999, ""financial_services"": 0.0037, ""utilities"": 0.0001, ""industrials"": 0.88449997, ""energy"": 0.0002, ""healthcare"": 0.0002}"
VLU,2025-07-14,SPDR S&P 1500 Value Tilt ETF,Unknown,Unknown,Unknown,Unknown,0.0,,,,17.87,,,,,,,,,,,,,,,,,,,,,,,,,,0.0206,0.0,0.0,0.0,195.4,,,,Unknown,,,196.67,159.27,187.36,186.32,,,"{""realestate"": 0.0313, ""consumer_cyclical"": 0.1149, ""basic_materials"": 0.028900001, ""consumer_defensive"": 0.0809, ""technology"": 0.1372, ""communication_services"": 0.0952, ""financial_services"": 0.1936, ""utilities"": 0.0373, ""industrials"": 0.0951, ""energy"": 0.0748, ""healthcare"": 0.1106}"
VMBS,2025-07-14,Vanguard Mortgage-Backed Securities Index Fund ETF Shares,Unknown,Unknown,Unknown,Unknown,0.0,,,,,,,,,,,,,,,,,,,,,,,,,,,,,,0.0413,0.0,0.0,0.0,45.88,,,,Unknown,,,47.59,44.65,45.74,45.88,,,{}
VNLA,2025-07-14,Janus Henderson Short Duration Income ETF,Unknown,Unknown,Unknown,Unknown,0.0,,,,,,,,,,,,,,,,,,,,,,,,,,,,,,0.0493,0.0,0.0,0.0,49.06,,,,Unknown,,,49.22,48.22,49.02,48.99,,,"{""realestate"": 0.0, ""consumer_cyclical"": 0.0, ""basic_materials"": 0.0, ""consumer_defensive"": 0.0, ""technology"": 0.0, ""communication_services"": 0.0, ""financial_services"": 0.0, ""utilities"": 0.0, ""industrials"": 0.33330002, ""energy"": 0.6667, ""healthcare"": 0.0}"
VO,2025-07-14,Vanguard Mid-Cap Index Fund ETF Shares,Unknown,Unknown,Unknown,Unknown,43455799296.0,,,153972992.0,23.28,,,1.85,,,,,,,,,,,,,,,,,,,,152.72,,,0.0153,0.0,0.0,0.0,282.23,,,,Unknown,,,285.6,223.65,272.15,268.01,,,"{""realestate"": 0.076799996, ""consumer_cyclical"": 0.087299995, ""basic_materials"": 0.0477, ""consumer_defensive"": 0.0616, ""technology"": 0.1634, ""communication_services"": 0.036199998, ""financial_services"": 0.1374, ""utilities"": 0.0825, ""industrials"": 0.16229999, ""energy"": 0.0573, ""healthcare"": 0.0874}"
VONE,2025-07-14,Vanguard Russell 1000 Index Fund ETF Shares,Unknown,Unknown,Unknown,Unknown,0.0,,,,26.75,,,,,,,,,,,,,,,,,,,,,,,,,,0.0122,0.0,0.0,0.0,283.44,,,,Unknown,,,284.97,218.75,270.43,265.7,,,"{""realestate"": 0.025799999, ""consumer_cyclical"": 0.104899995, ""basic_materials"": 0.0202, ""consumer_defensive"": 0.0594, ""technology"": 0.3051, ""communication_services"": 0.0928, ""financial_services"": 0.1432, ""utilities"": 0.024400001, ""industrials"": 0.0841, ""energy"": 0.0324, ""healthcare"": 0.107700005}"
VONG,2025-07-14,Vanguard Russell 1000 Growth Index Fund ETF Shares,Unknown,Unknown,Unknown,Unknown,0.0,,,,36.47,,,,,,,,,,,,,,,,,,,,,,,,,,0.0054,0.0,0.0,0.0,110.02,,,,Unknown,,,110.58,79.4,103.73,100.67,,,"{""realestate"": 0.0057, ""consumer_cyclical"": 0.1441, ""basic_materials"": 0.0061000003, ""consumer_defensive"": 0.0379, ""technology"": 0.48380002, ""communication_services"": 0.1301, ""financial_services"": 0.071100004, ""utilities"": 0.0023999999, ""industrials"": 0.0361, ""energy"": 0.0047, ""healthcare"": 0.0779}"
VOO,2025-07-14,Vanguard S&P 500 ETF,Unknown,Unknown,Unknown,Unknown,0.0,,,,27.2,,,1.47,,,,,,,,,,,,,,,,,,,,390.85,,,0.0129,0.0,0.0,0.0,573.22,,,,Unknown,,,576.26,442.8,546.88,537.09,,,"{""realestate"": 0.0225, ""consumer_cyclical"": 0.1041, ""basic_materials"": 0.0178, ""consumer_defensive"": 0.0615, ""technology"": 0.3171, ""communication_services"": 0.0947, ""financial_services"": 0.1397, ""utilities"": 0.0256, ""industrials"": 0.0766, ""energy"": 0.0319, ""healthcare"": 0.1086}"
VOOG,2025-07-14,Vanguard S&P 500 Growth Index Fund ETF Shares,Unknown,Unknown,Unknown,Unknown,6727193600.0,,,16850000.0,34.11,,,,,,,,,,,,,,,,,,,,,,,,,,0.0054,0.0,0.0,0.0,399.24,,,,Unknown,,,400.87,286.0,376.64,361.17,,,"{""realestate"": 0.0128, ""consumer_cyclical"": 0.1197, ""basic_materials"": 0.0047999998, ""consumer_defensive"": 0.0399, ""technology"": 0.3944, ""communication_services"": 0.1464, ""financial_services"": 0.1263, ""utilities"": 0.0108, ""industrials"": 0.0727, ""energy"": 0.0067000003, ""healthcare"": 0.0655}"
VOOV,2025-07-14,Vanguard S&P 500 Value Index Fund ETF Shares,Unknown,Unknown,Unknown,Unknown,0.0,,,,22.11,,,,,,,,,,,,,,,,,,,,,,,,,,0.0216,0.0,0.0,0.0,191.2,,,,Unknown,,,199.72,159.99,184.56,186.69,,,"{""realestate"": 0.032899998, ""consumer_cyclical"": 0.0874, ""basic_materials"": 0.031400003, ""consumer_defensive"": 0.084300004, ""technology"": 0.2351, ""communication_services"": 0.04, ""financial_services"": 0.1554, ""utilities"": 0.041300002, ""industrials"": 0.0801, ""energy"": 0.0583, ""healthcare"": 0.1538}"
VOT,2025-07-14,Vanguard Mid-Cap Growth Index Fund ETF Shares,Unknown,Unknown,Unknown,Unknown,0.0,,,,33.06,,,,,,,,,,,,,,,,,,,,,,,,,,0.0065,0.0,0.0,0.0,283.28,,,,Unknown,,,287.15,209.64,271.01,258.98,,,"{""realestate"": 0.070300005, ""consumer_cyclical"": 0.1105, ""basic_materials"": 0.0188, ""consumer_defensive"": 0.0104, ""technology"": 0.2522, ""communication_services"": 0.0538, ""financial_services"": 0.0859, ""utilities"": 0.0324, ""industrials"": 0.21, ""energy"": 0.044, ""healthcare"": 0.1117}"
VOX,2025-05-02,Vanguard Communication Services Index Fund ETF Shares,Unknown,Unknown,Unknown,Unknown,2764503040.0,,,18289800.0,19.15,,,1.03,,,,,,,,,,,,,,,,,,,,146.31,,,0.0114,0.0,0.0,0.0,151.15,,,,Unknown,,,169.62,127.35,148.96,149.39,,,"{""realestate"": 0.0, ""consumer_cyclical"": 0.0050999997, ""basic_materials"": 0.0, ""consumer_defensive"": 0.0, ""technology"": 0.020399999, ""communication_services"": 0.9739, ""financial_services"": 0.0, ""utilities"": 0.0, ""industrials"": 0.00059999997, ""energy"": 0.0, ""healthcare"": 0.0}"
VPC,2025-07-14,Virtus Private Credit ETF,Unknown,Unknown,Unknown,Unknown,0.0,,,,9.16,,,,,,,,,,,,,,,,,,,,,,,,,,0.1153,0.0,0.0,0.0,20.95,,,,Unknown,,,23.24,17.98,20.51,21.53,,,"{""realestate"": 0.0, ""consumer_cyclical"": 0.0002, ""basic_materials"": 0.0001, ""consumer_defensive"": 0.0001, ""technology"": 0.0002, ""communication_services"": 0.0002, ""financial_services"": 0.9983, ""utilities"": 0.0, ""industrials"": 0.0005, ""energy"": 0.0004, ""healthcare"": 0.0002}"
VPL,2025-07-14,Vanguard FTSE Pacific Index Fund ETF Shares,Unknown,Unknown,Unknown,Unknown,1489859584.0,,,18395600.0,14.64,,,1.14,,,,,,,,,,,,,,,,,,,,71.19,,,0.03,0.0,0.0,0.0,80.99,,,,Unknown,,,82.48,64.21,79.15,75.15,,,"{""realestate"": 0.0543, ""consumer_cyclical"": 0.12640001, ""basic_materials"": 0.0677, ""consumer_defensive"": 0.048600003, ""technology"": 0.1377, ""communication_services"": 0.066, ""financial_services"": 0.2038, ""utilities"": 0.0174, ""industrials"": 0.1929, ""energy"": 0.0128, ""healthcare"": 0.0725}"
VPU,2025-06-02,Vanguard Utilities Index Fund ETF Shares,Unknown,Unknown,Unknown,Unknown,4728530432.0,,,26720900.0,20.98,,,1.71,,,,,,,,,,,,,,,,,,,,103.7,,,0.0296,0.0,0.0,0.0,176.96,,,,Unknown,,,180.04,146.45,170.71,169.69,,,"{""realestate"": 0.0, ""consumer_cyclical"": 0.0, ""basic_materials"": 0.0001, ""consumer_defensive"": 0.0, ""technology"": 0.0, ""communication_services"": 0.0, ""financial_services"": 0.0, ""utilities"": 0.9902, ""industrials"": 0.0047, ""energy"": 0.005, ""healthcare"": 0.0}"
VRAI,2025-05-02,Virtus Real Asset Income ETF,Unknown,Unknown,Unknown,Unknown,0.0,,,,13.51,,,,,,,,,,,,,,,,,,,,,,,,,,0.0684,0.0,0.0,0.0,22.21,,,,Unknown,,,25.08,19.65,22.57,23.66,,,"{""realestate"": 0.3193, ""consumer_cyclical"": 0.0, ""basic_materials"": 0.0231, ""consumer_defensive"": 0.0, ""technology"": 0.013099999, ""communication_services"": 0.0366, ""financial_services"": 0.0, ""utilities"": 0.1288, ""industrials"": 0.0127, ""energy"": 0.45520002, ""healthcare"": 0.0111}"
VRIG,2025-07-14,Invesco Variable Rate Investment Grade ETF,Unknown,Unknown,Unknown,Unknown,0.0,,,,,,,,,,,,,,,,,,,,,,,,,,,,,,0.0558,0.0,0.0,0.0,25.12,,,,Unknown,,,25.21,24.79,25.06,25.09,,,{}
VRP,2025-07-14,Invesco Variable Rate Preferred ETF,Unknown,Unknown,Unknown,Unknown,0.0,,,,,,,,,,,,,,,,,,,,,,,,,,,,,,0.0586,0.0,0.0,0.0,24.53,,,,Unknown,,,24.67,23.03,24.25,24.29,,,"{""realestate"": 0.0, ""consumer_cyclical"": 0.0, ""basic_materials"": 0.0, ""consumer_defensive"": 0.0, ""technology"": 0.0, ""communication_services"": 0.0, ""financial_services"": 0.0, ""utilities"": 1.0, ""industrials"": 0.0, ""energy"": 0.0, ""healthcare"": 0.0}"
VT,2025-07-14,Vanguard Total World Stock Index Fund ETF Shares,Unknown,Unknown,Unknown,Unknown,0.0,,,,21.68,,,,,,,,,,,,,,,,,,,,,,,,,,0.0183,0.0,0.0,0.0,129.24,,,,Unknown,,,130.05,100.89,124.28,120.13,,,"{""realestate"": 0.0286, ""consumer_cyclical"": 0.1065, ""basic_materials"": 0.0383, ""consumer_defensive"": 0.0616, ""technology"": 0.2354, ""communication_services"": 0.0779, ""financial_services"": 0.17559999, ""utilities"": 0.0275, ""industrials"": 0.1117, ""energy"": 0.037100002, ""healthcare"": 0.0998}"
VTIP,2025-07-14,Vanguard Short-Term Inflation-Protected Securities Index Fund ETF Shares,Unknown,Unknown,Unknown,Unknown,0.0,,,,,,,,,,,,,,,,,,,,,,,,,,,,,,0.0276,0.0,0.0,0.0,49.92,,,,Unknown,,,50.3,48.23,49.96,49.31,,,{}
VTV,2025-07-14,Vanguard Value Index Fund ETF Shares,Unknown,Unknown,Unknown,Unknown,75614257152.0,,,424251008.0,19.5,,,2.35,,,,,,,,,,,,,,,,,,,,75.78,,,0.0229,0.0,0.0,0.0,178.23,,,,Unknown,,,182.38,150.43,172.83,173.2,,,"{""realestate"": 0.031, ""consumer_cyclical"": 0.0473, ""basic_materials"": 0.031600002, ""consumer_defensive"": 0.1105, ""technology"": 0.0881, ""communication_services"": 0.0382, ""financial_services"": 0.24229999, ""utilities"": 0.053600002, ""industrials"": 0.125, ""energy"": 0.0653, ""healthcare"": 0.1671}"
VUG,2025-07-14,Vanguard Growth Index Fund ETF Shares,Unknown,Unknown,Unknown,Unknown,106904051712.0,,,242067008.0,39.16,,,2.05,,,,,,,,,,,,,,,,,,,,215.75,,,0.0047,0.0,0.0,0.0,441.63,,,,Unknown,,,443.33,316.14,416.74,401.89,,,"{""realestate"": 0.016, ""consumer_cyclical"": 0.1429, ""basic_materials"": 0.0083, ""consumer_defensive"": 0.0199, ""technology"": 0.4994, ""communication_services"": 0.131, ""financial_services"": 0.0675, ""utilities"": 0.0, ""industrials"": 0.0424, ""energy"": 0.0063, ""healthcare"": 0.066300005}"
VUSE,2025-07-14,Vident U.S. Equity Strategy ETF,Unknown,Unknown,Unknown,Unknown,0.0,,,,25.42,,,,,,,,,,,,,,,,,,,,,,,,,,0.0078,0.0,0.0,0.0,62.62,,,,Unknown,,,63.87,49.69,60.96,59.35,,,"{""realestate"": 0.0089, ""consumer_cyclical"": 0.120699994, ""basic_materials"": 0.0187, ""consumer_defensive"": 0.085200004, ""technology"": 0.29540002, ""communication_services"": 0.080699995, ""financial_services"": 0.1619, ""utilities"": 0.0135, ""industrials"": 0.0929, ""energy"": 0.0238, ""healthcare"": 0.09819999}"
VV,2025-07-14,Vanguard Large Cap Index Fund,Unknown,Unknown,Unknown,Unknown,30972137472.0,,,107673000.0,27.37,,,1.62,,,,,,,,,,,,,,,,,,,,177.38,,,0.0125,0.0,0.0,0.0,287.65,,,,Unknown,,,289.11,221.41,274.38,269.01,,,"{""realestate"": 0.0217, ""consumer_cyclical"": 0.1012, ""basic_materials"": 0.018099999, ""consumer_defensive"": 0.0598, ""technology"": 0.3204, ""communication_services"": 0.0947, ""financial_services"": 0.143, ""utilities"": 0.0238, ""industrials"": 0.0766, ""energy"": 0.031600002, ""healthcare"": 0.1091}"
VYM,2025-07-14,Vanguard High Dividend Yield Index Fund ETF Shares,Unknown,Unknown,Unknown,Unknown,0.0,,,,19.63,,,,,,,,,,,,,,,,,,,,,,,,,,0.0286,0.0,0.0,0.0,134.9,,,,Unknown,,,135.97,112.05,130.0,129.5,,,"{""realestate"": 0.0002, ""consumer_cyclical"": 0.0762, ""basic_materials"": 0.020499999, ""consumer_defensive"": 0.1311, ""technology"": 0.1351, ""communication_services"": 0.031600002, ""financial_services"": 0.2083, ""utilities"": 0.0622, ""industrials"": 0.1093, ""energy"": 0.0845, ""healthcare"": 0.141}"
VYMI,2025-07-14,Vanguard International High Dividend Yield Index Fund ETF Shares,Unknown,Unknown,Unknown,Unknown,0.0,,,,12.41,,,,,,,,,,,,,,,,,,,,,,,,,,0.0414,0.0,0.0,0.0,80.5,,,,Unknown,,,81.05,65.08,78.92,73.32,,,"{""realestate"": 0.0166, ""consumer_cyclical"": 0.0758, ""basic_materials"": 0.0614, ""consumer_defensive"": 0.0865, ""technology"": 0.031, ""communication_services"": 0.0482, ""financial_services"": 0.40080002, ""utilities"": 0.056199998, ""industrials"": 0.084, ""energy"": 0.08270001, ""healthcare"": 0.056900002}"
WBIY,2025-05-02,WBI Power Factor High Dividend ETF,Unknown,Unknown,Unknown,Unknown,0.0,,,,10.74,,,,,,,,,,,,,,,,,,,,,,,,,,0.0499,0.0,0.0,0.0,27.96,,,,Unknown,,,32.93,25.37,28.76,30.18,,,"{""realestate"": 0.0, ""consumer_cyclical"": 0.19639999, ""basic_materials"": 0.0585, ""consumer_defensive"": 0.121199995, ""technology"": 0.0038, ""communication_services"": 0.1424, ""financial_services"": 0.1363, ""utilities"": 0.1243, ""industrials"": 0.060599998, ""energy"": 0.067600004, ""healthcare"": 0.0889}"
WINC,2025-07-14,Western Asset Short Duration Income ETF,Unknown,Unknown,Unknown,Unknown,0.0,,,,,,,,,,,,,,,,,,,,,,,,,,,,,,0.048,0.0,0.0,0.0,24.12,,,,Unknown,,,24.37,23.87,24.13,24.1,,,{}
WLDR,2025-07-14,Affinity World Leaders Equity ETF,Unknown,Unknown,Unknown,Unknown,0.0,,,,17.34,,,,,,,,,,,,,,,,,,,,,,,,,,0.0164,0.0,0.0,0.0,33.22,,,,Unknown,,,36.1,25.38,31.74,31.36,,,"{""realestate"": 0.0215, ""consumer_cyclical"": 0.1268, ""basic_materials"": 0.026800001, ""consumer_defensive"": 0.056199998, ""technology"": 0.2833, ""communication_services"": 0.0864, ""financial_services"": 0.1304, ""utilities"": 0.026400002, ""industrials"": 0.1114, ""energy"": 0.0356, ""healthcare"": 0.0952}"
WOMN,2025-07-14,Impact Shares YWCA Women's Empowerment ETF,Unknown,Unknown,Unknown,Unknown,0.0,,,,22.98,,,,,,,,,,,,,,,,,,,,,,,,,,0.0113,0.0,0.0,0.0,39.83,,,,Unknown,,,40.88,33.48,38.81,38.86,,,"{""realestate"": 0.0195, ""consumer_cyclical"": 0.121700004, ""basic_materials"": 0.015800001, ""consumer_defensive"": 0.0629, ""technology"": 0.3079, ""communication_services"": 0.0787, ""financial_services"": 0.1717, ""utilities"": 0.0177, ""industrials"": 0.0581, ""energy"": 0.043899998, ""healthcare"": 0.102}"
WTMF,2025-07-14,WisdomTree Managed Futures Strategy Fund,Unknown,Unknown,Unknown,Unknown,0.0,,,,21.18,,,,,,,,,,,,,,,,,,,,,,,,,,0.036,0.0,0.0,0.0,35.83,,,,Unknown,,,36.99,32.83,34.91,34.99,,,"{""realestate"": 0.0, ""consumer_cyclical"": 0.0, ""basic_materials"": 0.0, ""consumer_defensive"": 0.0, ""technology"": 0.0, ""communication_services"": 0.0, ""financial_services"": 0.0, ""utilities"": 0.0, ""industrials"": 0.0, ""energy"": 0.0, ""healthcare"": 0.0}"
WTV,2025-07-14,WisdomTree U.S. Value Fund,Unknown,Unknown,Unknown,Unknown,0.0,,,,15.4,,,,,,,,,,,,,,,,,,,,,,,,,,0.0159,0.0,0.0,0.0,87.48,,,,Unknown,,,89.63,70.62,84.25,83.56,,,"{""realestate"": 0.0109, ""consumer_cyclical"": 0.1065, ""basic_materials"": 0.043899998, ""consumer_defensive"": 0.105900005, ""technology"": 0.105900005, ""communication_services"": 0.0689, ""financial_services"": 0.25030002, ""utilities"": 0.0305, ""industrials"": 0.0795, ""energy"": 0.0669, ""healthcare"": 0.1308}"
XAR,2025-07-14,SPDR S&P Aerospace & Defense ETF,Unknown,Unknown,Unknown,Unknown,0.0,,,,35.02,,,,,,,,,,,,,,,,,,,,,,,,,,0.0059,0.0,0.0,0.0,212.04,,,,Unknown,,,212.54,137.09,193.75,172.46,,,"{""realestate"": 0.0, ""consumer_cyclical"": 0.0, ""basic_materials"": 0.0, ""consumer_defensive"": 0.0, ""technology"": 0.0, ""communication_services"": 0.0, ""financial_services"": 0.0, ""utilities"": 0.0, ""industrials"": 1.0, ""energy"": 0.0, ""healthcare"": 0.0}"
XCEM,2025-07-14,Columbia EM Core ex-China ETF,Unknown,Unknown,Unknown,Unknown,0.0,,,,14.29,,,,,,,,,,,,,,,,,,,,,,,,,,0.0255,0.0,0.0,0.0,34.2,,,,Unknown,,,34.79,26.44,32.63,31.15,,,"{""realestate"": 0.015700001, ""consumer_cyclical"": 0.0502, ""basic_materials"": 0.0592, ""consumer_defensive"": 0.0466, ""technology"": 0.2943, ""communication_services"": 0.062800005, ""financial_services"": 0.2733, ""utilities"": 0.028499998, ""industrials"": 0.097799994, ""energy"": 0.0539, ""healthcare"": 0.0177}"
XHB,2025-07-14,SPDR S&P Homebuilders ETF,Unknown,Unknown,Unknown,Unknown,0.0,,,,13.93,,,,,,,,,,,,,,,,,,,,,,,,,,0.0081,0.0,0.0,0.0,104.75,,,,Unknown,,,126.09,84.48,97.6,105.96,,,"{""realestate"": 0.0161, ""consumer_cyclical"": 0.5839, ""basic_materials"": 0.0, ""consumer_defensive"": 0.0, ""technology"": 0.0, ""communication_services"": 0.0, ""financial_services"": 0.0, ""utilities"": 0.0, ""industrials"": 0.4, ""energy"": 0.0, ""healthcare"": 0.0}"
XHS,2025-07-14,SPDR S&P Health Care Services ETF,Unknown,Unknown,Unknown,Unknown,0.0,,,,20.97,,,,,,,,,,,,,,,,,,,,,,,,,,0.0033,0.0,0.0,0.0,94.74,,,,Unknown,,,103.5,88.94,97.42,96.37,,,"{""realestate"": 0.0, ""consumer_cyclical"": 0.0, ""basic_materials"": 0.0, ""consumer_defensive"": 0.0322, ""technology"": 0.0, ""communication_services"": 0.0, ""financial_services"": 0.017, ""utilities"": 0.0, ""industrials"": 0.0, ""energy"": 0.0, ""healthcare"": 0.9508}"
XLB,2025-06-02,The Materials Select Sector SPDR Fund,Unknown,Unknown,Unknown,Unknown,6209891840.0,,,71923696.0,25.47,,,1.09,,,,,,,,,,,,,,,,,,,,79.11,,,0.0202,0.0,0.0,0.0,86.34,,,,Unknown,,,97.87,73.12,83.87,89.14,,,"{""realestate"": 0.0, ""consumer_cyclical"": 0.14819999, ""basic_materials"": 0.8518, ""consumer_defensive"": 0.0, ""technology"": 0.0, ""communication_services"": 0.0, ""financial_services"": 0.0, ""utilities"": 0.0, ""industrials"": 0.0, ""energy"": 0.0, ""healthcare"": 0.0}"
XLC,2025-07-14,The Communication Services Select Sector SPDR ETF Fund,Unknown,Unknown,Unknown,Unknown,0.0,,,,19.56,,,,,,,,,,,,,,,,,,,,,,,,,,0.0102,0.0,0.0,0.0,106.0,,,,Unknown,,,108.74,81.15,102.58,97.97,,,"{""realestate"": 0.0, ""consumer_cyclical"": 0.0, ""basic_materials"": 0.0, ""consumer_defensive"": 0.0, ""technology"": 0.0, ""communication_services"": 1.0, ""financial_services"": 0.0, ""utilities"": 0.0, ""industrials"": 0.0, ""energy"": 0.0, ""healthcare"": 0.0}"
XLE,2025-07-14,The Energy Select Sector SPDR Fund,Unknown,Unknown,Unknown,Unknown,16615970816.0,,,186424000.0,16.53,,,1.71,,,,,,,,,,,,,,,,,,,,52.12,,,0.035,0.0,0.0,0.0,89.13,,,,Unknown,,,97.92,74.49,84.51,88.08,,,"{""realestate"": 0.0, ""consumer_cyclical"": 0.0, ""basic_materials"": 0.0, ""consumer_defensive"": 0.0, ""technology"": 0.0, ""communication_services"": 0.0, ""financial_services"": 0.0, ""utilities"": 0.0, ""industrials"": 0.0, ""energy"": 1.0, ""healthcare"": 0.0}"
XLF,2025-07-14,The Financial Select Sector SPDR Fund,Unknown,Unknown,Unknown,Unknown,46080491520.0,,,883444992.0,18.44,,,1.53,,,,,,,,,,,,,,,,,,,,34.02,,,0.014,0.0,0.0,0.0,52.16,,,,Unknown,,,53.27,40.66,50.97,49.32,,,"{""realestate"": 0.0, ""consumer_cyclical"": 0.0, ""basic_materials"": 0.0, ""consumer_defensive"": 0.0, ""technology"": 0.0238, ""communication_services"": 0.0, ""financial_services"": 0.97360003, ""utilities"": 0.0, ""industrials"": 0.0026, ""energy"": 0.0, ""healthcare"": 0.0}"
XLG,2025-07-14,Invesco S&P 500 Top 50 ETF,Unknown,Unknown,Unknown,Unknown,0.0,,,,27.93,,,,,,,,,,,,,,,,,,,,,,,,,,0.0073,0.0,0.0,0.0,52.55,,,,Unknown,,,52.69,39.5,49.73,48.82,,,"{""realestate"": 0.0, ""consumer_cyclical"": 0.1179, ""basic_materials"": 0.0075, ""consumer_defensive"": 0.0684, ""technology"": 0.4275, ""communication_services"": 0.1442, ""financial_services"": 0.111499995, ""utilities"": 0.0049, ""industrials"": 0.0145000005, ""energy"": 0.0227, ""healthcare"": 0.0808}"
XLI,2025-07-14,The Industrial Select Sector SPDR Fund,Unknown,Unknown,Unknown,Unknown,20518492160.0,,,136626000.0,26.74,,,1.53,,,,,,,,,,,,,,,,,,,,98.38,,,0.0135,0.0,0.0,0.0,150.18,,,,Unknown,,,151.26,112.75,142.79,136.95,,,"{""realestate"": 0.0, ""consumer_cyclical"": 0.0037, ""basic_materials"": 0.0, ""consumer_defensive"": 0.0, ""technology"": 0.1033, ""communication_services"": 0.0, ""financial_services"": 0.0, ""utilities"": 0.0, ""industrials"": 0.89309996, ""energy"": 0.0, ""healthcare"": 0.0}"
XLK,2025-07-14,The Technology Select Sector SPDR Fund,Unknown,Unknown,Unknown,Unknown,69594644480.0,,,272056000.0,38.59,,,1.71,,,,,,,,,,,,,,,,,,,,149.35,,,0.0067,0.0,0.0,0.0,255.81,,,,Unknown,,,258.8,172.45,237.02,228.24,,,"{""realestate"": 0.0, ""consumer_cyclical"": 0.0, ""basic_materials"": 0.0, ""consumer_defensive"": 0.0, ""technology"": 1.0, ""communication_services"": 0.0, ""financial_services"": 0.0, ""utilities"": 0.0, ""industrials"": 0.0, ""energy"": 0.0, ""healthcare"": 0.0}"
XLU,2025-07-07,The Utilities Select Sector SPDR Fund,Unknown,Unknown,Unknown,Unknown,13362343936.0,,,163274000.0,20.99,,,1.28,,,,,,,,,,,,,,,,,,,,63.99,,,0.0278,0.0,0.0,0.0,81.84,,,,Unknown,,,83.41,68.36,80.7,79.14,,,"{""realestate"": 0.0, ""consumer_cyclical"": 0.0, ""basic_materials"": 0.0, ""consumer_defensive"": 0.0, ""technology"": 0.0, ""communication_services"": 0.0, ""financial_services"": 0.0, ""utilities"": 1.0, ""industrials"": 0.0, ""energy"": 0.0, ""healthcare"": 0.0}"
XLV,2025-07-14,The Health Care Select Sector SPDR Fund,Unknown,Unknown,Unknown,Unknown,26674714624.0,,,197415008.0,23.99,,,1.06,,,,,,,,,,,,,,,,,,,,127.26,,,0.0176,0.0,0.0,0.0,135.12,,,,Unknown,,,159.64,127.35,134.15,142.3,,,"{""realestate"": 0.0, ""consumer_cyclical"": 0.0, ""basic_materials"": 0.0, ""consumer_defensive"": 0.0, ""technology"": 0.0, ""communication_services"": 0.0, ""financial_services"": 0.0, ""utilities"": 0.0, ""industrials"": 0.0, ""energy"": 0.0, ""healthcare"": 1.0}"
XLY,2025-07-14,The Consumer Discretionary Select Sector SPDR Fund,Unknown,Unknown,Unknown,Unknown,26625216512.0,,,120253000.0,27.77,,,1.32,,,,,,,,,,,,,,,,,,,,167.99,,,0.0083,0.0,0.0,0.0,221.41,,,,Unknown,,,240.28,166.48,212.72,211.7,,,"{""realestate"": 0.0, ""consumer_cyclical"": 0.9888, ""basic_materials"": 0.0, ""consumer_defensive"": 0.0, ""technology"": 0.0082, ""communication_services"": 0.0, ""financial_services"": 0.0, ""utilities"": 0.0, ""industrials"": 0.003, ""energy"": 0.0, ""healthcare"": 0.0}"
XME,2025-07-14,SPDR S&P Metals and Mining ETF,Unknown,Unknown,Unknown,Unknown,1279789568.0,,,17500200.0,23.71,,,1.7,,,,,,,,,,,,,,,,,,,,43.03,,,0.0056,0.0,0.0,0.0,73.13,,,,Unknown,,,73.13,45.89,63.2,61.32,,,"{""realestate"": 0.0, ""consumer_cyclical"": 0.0, ""basic_materials"": 0.7288, ""consumer_defensive"": 0.0, ""technology"": 0.0, ""communication_services"": 0.0, ""financial_services"": 0.0, ""utilities"": 0.0, ""industrials"": 0.131, ""energy"": 0.1401, ""healthcare"": 0.0}"
XMHQ,2025-07-14,Invesco S&P MidCap Quality ETF,Unknown,Unknown,Unknown,Unknown,0.0,,,,17.32,,,,,,,,,,,,,,,,,,,,,,,,,,0.0072,0.0,0.0,0.0,99.47,,,,Unknown,,,109.79,80.6,97.56,98.71,,,"{""realestate"": 0.0, ""consumer_cyclical"": 0.120799996, ""basic_materials"": 0.0793, ""consumer_defensive"": 0.0481, ""technology"": 0.1718, ""communication_services"": 0.0, ""financial_services"": 0.133, ""utilities"": 0.0, ""industrials"": 0.3186, ""energy"": 0.0117, ""healthcare"": 0.1167}"
XMMO,2025-07-14,Invesco S&P MidCap Momentum ETF,Unknown,Unknown,Unknown,Unknown,0.0,,,,21.2,,,1.51,,,,,,,,,,,,,,,,,,,,85.5,,,0.0049,0.0,0.0,0.0,129.34,,,,Unknown,,,137.14,97.5,124.82,123.39,,,"{""realestate"": 0.0401, ""consumer_cyclical"": 0.085, ""basic_materials"": 0.0057, ""consumer_defensive"": 0.100200005, ""technology"": 0.1146, ""communication_services"": 0.0, ""financial_services"": 0.2692, ""utilities"": 0.017, ""industrials"": 0.2181, ""energy"": 0.059699997, ""healthcare"": 0.090299994}"
XMVM,2025-07-14,Invesco S&P MidCap Value with Momentum ETF,Unknown,Unknown,Unknown,Unknown,0.0,,,,12.11,,,1.24,,,,,,,,,,,,,,,,,,,,46.41,,,0.0188,0.0,0.0,0.0,57.66,,,,Unknown,,,62.5,45.68,54.74,55.41,,,"{""realestate"": 0.057600003, ""consumer_cyclical"": 0.1433, ""basic_materials"": 0.0251, ""consumer_defensive"": 0.087, ""technology"": 0.0872, ""communication_services"": 0.0, ""financial_services"": 0.44759998, ""utilities"": 0.036, ""industrials"": 0.0716, ""energy"": 0.0238, ""healthcare"": 0.0207}"
XNTK,2025-07-14,SPDR NYSE Technology ETF,Unknown,Unknown,Unknown,Unknown,2490643968.0,,,10550000.0,32.46,,,1.67,,,,,,,,,,,,,,,,,,,,141.35,,,0.0036,0.0,0.0,0.0,236.08,,,,Unknown,,,238.96,159.43,221.75,207.38,,,"{""realestate"": 0.0, ""consumer_cyclical"": 0.14039999, ""basic_materials"": 0.0, ""consumer_defensive"": 0.0, ""technology"": 0.7339, ""communication_services"": 0.1258, ""financial_services"": 0.0, ""utilities"": 0.0, ""industrials"": 0.0, ""energy"": 0.0, ""healthcare"": 0.0}"
XRLV,2025-06-02,Invesco S&P 500 ex-Rate Sensitive Low Volatility ETF,Unknown,Unknown,Unknown,Unknown,0.0,,,,24.12,,,,,,,,,,,,,,,,,,,,,,,,,,0.019,0.0,0.0,0.0,55.67,,,,Unknown,,,56.89,48.8,54.94,54.47,,,"{""realestate"": 0.076, ""consumer_cyclical"": 0.0587, ""basic_materials"": 0.036199998, ""consumer_defensive"": 0.1521, ""technology"": 0.113199994, ""communication_services"": 0.0188, ""financial_services"": 0.15439999, ""utilities"": 0.1762, ""industrials"": 0.1196, ""energy"": 0.0171, ""healthcare"": 0.0776}"
XSD,2025-07-14,SPDR S&P Semiconductor ETF,Unknown,Unknown,Unknown,Unknown,913008064.0,,,3450000.0,34.52,,,1.55,,,,,,,,,,,,,,,,,,,,170.66,,,0.0028,0.0,0.0,0.0,264.64,,,,Unknown,,,273.98,156.78,236.15,234.04,,,"{""realestate"": 0.0, ""consumer_cyclical"": 0.0, ""basic_materials"": 0.0, ""consumer_defensive"": 0.0, ""technology"": 1.0, ""communication_services"": 0.0, ""financial_services"": 0.0, ""utilities"": 0.0, ""industrials"": 0.0, ""energy"": 0.0, ""healthcare"": 0.0}"
XSMO,2025-07-14,Invesco S&P SmallCap Momentum ETF,Unknown,Unknown,Unknown,Unknown,0.0,,,,19.21,,,1.34,,,,,,,,,,,,,,,,,,,,51.21,,,0.0083,0.0,0.0,0.0,68.77,,,,Unknown,,,74.38,53.89,66.27,66.23,,,"{""realestate"": 0.064, ""consumer_cyclical"": 0.1524, ""basic_materials"": 0.0095999995, ""consumer_defensive"": 0.071, ""technology"": 0.1252, ""communication_services"": 0.0354, ""financial_services"": 0.1891, ""utilities"": 0.0064999997, ""industrials"": 0.18360001, ""energy"": 0.019, ""healthcare"": 0.1442}"
XSVM,2025-07-14,Invesco S&P SmallCap Value with Momentum ETF,Unknown,Unknown,Unknown,Unknown,0.0,,,,10.45,,,1.09,,,,,,,,,,,,,,,,,,,,49.21,,,0.0219,0.0,0.0,0.0,53.78,,,,Unknown,,,61.4,43.3,50.91,53.12,,,"{""realestate"": 0.1193, ""consumer_cyclical"": 0.1835, ""basic_materials"": 0.0321, ""consumer_defensive"": 0.052699998, ""technology"": 0.0432, ""communication_services"": 0.0, ""financial_services"": 0.4051, ""utilities"": 0.0095999995, ""industrials"": 0.1103, ""energy"": 0.027999999, ""healthcare"": 0.0163}"
YLD,2025-07-14,Principal Active High Yield ETF,Unknown,Unknown,Unknown,Unknown,0.0,,,,,,,,,,,,,,,,,,,,,,,,,,,,,,0.0729,0.0,0.0,0.0,19.15,,,,Unknown,,,19.71,17.88,19.04,19.22,,,"{""realestate"": 1.0, ""consumer_cyclical"": 0.0, ""basic_materials"": 0.0, ""consumer_defensive"": 0.0, ""technology"": 0.0, ""communication_services"": 0.0, ""financial_services"": 0.0, ""utilities"": 0.0, ""industrials"": 0.0, ""energy"": 0.0, ""healthcare"": 0.0}"
YLDE,2025-07-14,Franklin ClearBridge Enhanced Income ETF,Unknown,Unknown,Unknown,Unknown,0.0,,,,20.99,,,,,,,,,,,,,,,,,,,,,,,,,,0.0217,0.0,0.0,0.0,51.95,,,,Unknown,,,53.44,46.07,51.64,51.43,,,"{""realestate"": 0.051, ""consumer_cyclical"": 0.0318, ""basic_materials"": 0.0588, ""consumer_defensive"": 0.1041, ""technology"": 0.1337, ""communication_services"": 0.1009, ""financial_services"": 0.1381, ""utilities"": 0.061100002, ""industrials"": 0.0924, ""energy"": 0.1046, ""healthcare"": 0.1234}"
YPS,2025-06-16,Arrow Reverse Cap 500 ETF,Unknown,Unknown,Unknown,Unknown,0.0,,,,,,,,,,,,,,,,,,,,,,,,,,,,,,0.0311,0.0,0.0,0.0,22.35,,,,Unknown,,,23.21,19.28,22.33,21.76,,,"{""realestate"": 0.0708, ""consumer_cyclical"": 0.165, ""basic_materials"": 0.0387, ""consumer_defensive"": 0.0627, ""technology"": 0.1201, ""communication_services"": 0.031600002, ""financial_services"": 0.1363, ""utilities"": 0.063200004, ""industrials"": 0.1467, ""energy"": 0.0535, ""healthcare"": 0.1113}"
YYY,2025-07-14,Amplify High Income ETF,Unknown,Unknown,Unknown,Unknown,0.0,,,,22.37,,,,,,,,,,,,,,,,,,,,,,,,,,0.126,0.0,0.0,0.0,11.76,,,,Unknown,,,12.4,9.87,11.52,11.72,,,"{""realestate"": 0.159, ""consumer_cyclical"": 0.045300003, ""basic_materials"": 0.025799999, ""consumer_defensive"": 0.0219, ""technology"": 0.1355, ""communication_services"": 0.045100003, ""financial_services"": 0.083900005, ""utilities"": 0.0881, ""industrials"": 0.0853, ""energy"": 0.064899996, ""healthcare"": 0.2451}"
