Ticker,Date,Name,Sector,Industry,Country,Website,Market Cap,Enterprise Value,Float Shares,Shares Outstanding,P/E (trailing),P/E (forward),P/S,P/B,EV/EBITDA,EV/Revenue,Gross Margin (%),EBITDA Margin (%),Operating Margin (%),Profit Margin (%),ROE,ROA,Revenue (TTM),Revenue Growth (%),EPS (trailing),EPS (forward),Earnings Growth (%),Earnings Quarterly Growth (%),Total Cash,Total Debt,Debt to Equity,Current Ratio,Quick Ratio,Book Value,Free Cash Flow,Operating Cash Flow,Dividend Yield (%),Dividend Rate (%),5Y Avg Dividend Yield (%),Payout Ratio (%),Price,Target Price,Target High,Target Low,Analyst Rating,Analyst Rating Value,Beta,52W High,52W Low,50 Day Avg,200 Day Avg,Short Ratio,Short % of Float
A,2025-07-21,"Agilent Technologies, Inc.",Healthcare,Diagnostics & Research,United States,https://www.agilent.com,32380567552.0,35720478720.0,282982441.0,284064992.0,28.08,20.18,4.89,5.27,19.47,5.39,0.5358,0.2769,0.2356,0.1759,0.19,0.08,6627999744.0,0.06,4.06,5.65,-0.286,-0.302,1486000000.0,3684000000.0,60.04,2.09,1.42,21.61,1048374976.0,1584999936.0,0.0084,0.009899999999999999,0.0065,0.2384,113.99,136.51,165.0,113.2,buy,2.11,1.23,153.84,96.43,115.56,127.11,1.73,0.02
AAPL,2025-07-21,Apple Inc.,Technology,Consumer Electronics,United States,https://www.apple.com,3154142035968.0,3114071490560.0,14911480604.0,14935799808.0,32.89,25.41,7.88,47.23,22.42,7.78,0.4663,0.3468,0.3103,0.243,1.38,0.24,400366010368.0,0.051,6.42,8.31,0.078,0.048,48497999872.0,98186002432.0,146.99,0.82,0.68,4.47,97251500032.0,109555998720.0,0.0051,0.0104,0.0055,0.1558,211.18,228.6,300.0,170.62,buy,2.11,1.21,260.1,169.21,204.35,222.38,1.91,0.01
ABBV,2025-07-21,AbbVie Inc.,Healthcare,Drug Manufacturers - General,United States,https://www.abbvie.com,334308868096.0,392769732608.0,1762781901.0,1766400000.0,80.54,15.6,5.83,235.4,14.35,6.85,0.7101,0.477,0.3043,0.0731,0.88,0.08,57366999040.0,0.084,2.35,12.13,-0.063,-0.061,5176000000.0,70024003584.0,4789.6,0.76,0.48,0.8,16941375488.0,16401000448.0,0.0353,0.06559999999999999,0.0391,2.688,189.26,209.12,250.0,170.0,buy,1.96,0.49,218.66,163.81,187.24,188.13,2.5,0.01
ABNB,2025-07-21,"Airbnb, Inc.",Consumer Cyclical,Travel Services,United States,https://www.airbnb.com,86002458624.0,72469938176.0,415155815.0,431601984.0,35.37,30.96,7.66,10.87,28.62,6.45,0.8305,0.2254,0.0167,0.226,0.32,0.06,11232000000.0,0.061,3.94,4.5,-0.395,-0.417,11491999744.0,2280000000.0,28.73,1.27,0.7,12.82,3194249984.0,4384000000.0,0.0,0.0,0.0,0.0,139.34,138.7,200.0,96.0,hold,2.69,1.14,163.93,99.88,133.99,132.1,3.39,0.04
ABT,2025-07-21,Abbott Laboratories,Healthcare,Medical Devices,United States,https://www.abbott.com,215166009344.0,243334152192.0,1729780210.0,1739840000.0,15.54,23.97,5.08,4.41,22.08,5.75,0.5599,0.2603,0.1809,0.3189,0.31,0.06,42344001536.0,0.04,7.96,5.16,0.086,0.082,6844000256.0,13290000384.0,27.09,1.78,1.09,28.06,6032374784.0,8949999616.0,0.0174,0.0236,0.0167,0.2909,123.67,141.32,159.0,120.12,buy,1.97,0.74,141.23,99.92,133.08,125.16,3.54,0.01
ACGL,2025-07-21,Arch Capital Group Ltd.,Financial Services,Insurance - Diversified,Bermuda,https://www.archgroup.com,33109604352.0,33772226560.0,360353420.0,374755008.0,9.06,9.77,1.82,1.6,7.58,1.86,0.3392,0.2453,0.1605,0.2072,0.18,0.04,18172000256.0,0.186,9.75,9.04,-0.493,-0.488,3768000000.0,2728000000.0,12.66,0.58,0.29,55.38,7810124800.0,6567000064.0,0.0,0.0,0.0,0.0,88.35,111.79,125.0,93.0,none,,0.52,116.47,82.49,91.72,94.94,2.76,0.01
ACN,2025-07-21,Accenture plc,Technology,Information Technology Services,Ireland,https://www.accenture.com,175918596096.0,185687097344.0,621756476.0,622852992.0,22.47,20.07,2.57,5.76,15.78,2.71,0.3207,0.1718,0.1683,0.1161,0.27,0.11,68482535424.0,0.077,12.57,14.07,0.147,0.137,9637395456.0,8165258240.0,25.88,1.46,1.32,49.06,9149394944.0,10949683200.0,0.0198,0.0592,0.0139,0.4558,282.44,340.8,395.0,263.0,buy,1.84,1.33,398.35,273.19,306.43,336.23,3.03,0.01
ADBE,2025-07-21,Adobe Inc.,Technology,Software - Application,United States,https://www.adobe.com,155168129024.0,164982489088.0,423007998.0,424200000.0,23.42,17.8,6.87,13.64,18.57,7.3,0.8925,0.3931,0.3591,0.3039,0.52,0.18,22601000960.0,0.106,15.62,20.55,0.129,0.075,5712999936.0,6581000192.0,57.49,0.99,0.82,26.81,8323500032.0,9614999552.0,0.0,0.0,0.0012,0.0,365.79,493.43,605.0,380.0,buy,1.8,1.54,587.75,332.01,393.94,433.34,2.29,0.02
ADI,2025-07-21,"Analog Devices, Inc.",Technology,Semiconductors,United States,https://www.analog.com,120017584128.0,122959781888.0,494441853.0,496248000.0,65.72,32.08,12.22,3.43,28.13,12.52,0.5876,0.4452,0.2574,0.1865,0.05,0.03,9818655744.0,0.223,3.68,7.54,0.871,0.885,2376235008.0,7219018240.0,20.62,2.08,1.4,70.55,2982311936.0,3852131072.0,0.0166,0.039599999999999996,0.0174,1.019,241.85,245.49,300.0,155.0,buy,1.89,1.0,247.73,158.65,228.57,217.07,1.75,0.02
ADM,2025-07-21,Archer-Daniels-Midland Company,Consumer Defensive,Farm Products,United States,https://www.adm.com,26131675136.0,37147152384.0,475136238.0,480449984.0,19.15,10.73,0.31,1.18,14.23,0.44,0.0632,0.0311,0.0123,0.0163,0.06,0.02,83857997824.0,-0.077,2.84,5.07,-0.57,-0.595,897000000.0,12423000064.0,55.5,1.38,0.36,46.08,95125000.0,1748000000.0,0.0387,0.0204,0.0267,0.7077,54.39,49.1,60.0,44.0,hold,3.0,0.66,64.39,40.98,51.11,50.74,3.49,0.03
ADP,2025-07-21,"Automatic Data Processing, Inc.",Technology,Software - Application,United States,https://www.adp.com,122503512064.0,126872674304.0,405058134.0,405923008.0,30.86,27.76,6.06,20.94,21.33,6.28,0.4834,0.2945,0.2955,0.1979,0.76,0.06,20202600448.0,0.057,9.78,10.87,0.063,0.055,2680600064.0,4366700032.0,74.58,1.01,0.14,14.41,2908587520.0,4801099776.0,0.02,0.0616,0.0198,0.6012,301.79,314.87,350.0,291.11,hold,2.72,0.8,329.93,245.8,312.24,301.47,3.25,0.01
ADSK,2025-07-21,"Autodesk, Inc.",Technology,Software - Application,United States,https://www.autodesk.com,63548080128.0,66751979520.0,213409360.0,213944992.0,63.74,32.36,10.01,24.29,44.83,10.52,0.92,0.2346,0.21,0.1594,0.42,0.09,6346999808.0,0.152,4.66,9.18,-0.397,-0.397,2040000000.0,2544000000.0,97.21,0.65,0.52,12.23,2224250112.0,1676999936.0,0.0,0.0,0.0048,0.0,297.03,337.8,430.0,270.97,buy,1.68,1.45,326.62,223.03,298.0,288.71,1.88,0.01
AEE,2025-07-21,Ameren Corporation,Utilities,Utilities - Regulated Electric,United States,https://www.amereninvestors.com,26758754304.0,45686587392.0,268962659.0,271112000.0,21.88,20.06,3.52,2.18,13.98,6.02,0.4906,0.4302,0.246,0.1593,0.1,0.03,7596000256.0,0.156,4.51,4.92,0.092,0.107,23000000.0,19623000064.0,158.92,0.86,0.44,45.2,-2507375104.0,2702000128.0,0.0296,0.028399999999999998,0.0281,0.6031,98.7,103.67,118.0,88.0,buy,2.0,0.5,104.1,74.87,96.25,94.34,4.98,0.04
AEP,2025-07-21,"American Electric Power Company, Inc.",Utilities,Utilities - Regulated Electric,United States,https://www.aep.com,57372545024.0,101937979392.0,533249501.0,534195008.0,20.73,18.23,2.85,2.1,12.79,5.06,0.4713,0.3954,0.2415,0.1371,0.1,0.03,20159000576.0,0.087,5.18,5.89,-0.211,-0.202,463600000.0,46930198528.0,171.5,0.42,0.22,51.16,-2700450048.0,6812100096.0,0.0359,0.037200000000000004,0.0357,0.6988,107.4,109.02,120.0,98.78,hold,2.67,0.41,110.48,89.91,103.13,100.94,7.41,0.04
AES,2025-07-21,The AES Corporation,Utilities,Utilities - Diversified,United States,https://www.aes.com,9518410752.0,42009427968.0,707750947.0,711923008.0,7.27,6.59,0.79,2.74,13.26,3.47,0.1795,0.2613,0.1408,0.1067,0.06,0.02,12119000064.0,-0.052,1.84,2.03,-0.892,-0.894,1816999936.0,31181000704.0,361.56,0.84,0.38,4.87,-5732250112.0,3009999872.0,0.0662,0.006999999999999999,0.0342,0.3769,13.37,13.67,23.0,5.0,buy,2.36,0.94,20.3,9.46,11.21,12.47,2.09,0.06
AFL,2025-07-21,Aflac Incorporated,Financial Services,Insurance - Life,United States,https://www.aflac.com,55053881344.0,60718424064.0,535871132.0,540644992.0,15.84,14.2,3.26,2.1,13.11,3.6,0.4541,0.2743,0.0574,0.2127,0.14,0.02,16888999936.0,-0.375,6.43,7.17,-0.985,-0.985,7495000064.0,11196999680.0,42.51,1.38,1.24,48.55,5280000000.0,2447000064.0,0.022,0.0232,0.0227,0.3235,101.83,105.62,120.0,94.0,hold,2.92,0.81,115.5,93.0,103.53,106.51,4.67,0.02
AIG,2025-07-21,"American International Group, Inc.",Financial Services,Insurance - Diversified,United States,https://www.aig.com,46803759104.0,46117105664.0,573892383.0,576329984.0,19.81,12.1,1.73,1.14,5.98,1.7,0.3249,0.2852,0.1546,-0.0711,0.06,0.01,27047000064.0,0.003,4.1,6.71,-0.333,-0.426,11992000512.0,8753000448.0,21.11,0.64,0.23,71.39,19411625984.0,2696000000.0,0.021,0.018000000000000002,0.024,0.3902,81.21,89.25,97.0,76.22,buy,2.29,0.66,88.07,69.0,83.7,78.91,3.36,0.03
AIZ,2025-07-21,"Assurant, Inc.",Financial Services,Insurance - Property & Casualty,United States,https://www.assurant.com,9535582208.0,10126002176.0,50356027.0,50702300.0,14.66,10.49,0.79,1.83,8.73,0.84,0.0998,0.0961,0.0685,0.0555,0.13,0.02,12071400448.0,0.067,12.83,17.92,-0.367,-0.38,1970899968.0,2083699968.0,39.81,0.42,0.14,103.0,1277987456.0,1642599936.0,0.0162,0.032,0.0176,0.2371,188.07,233.0,250.0,217.0,none,,0.6,230.55,164.63,196.59,203.44,0.83,0.02
AJG,2025-07-21,Arthur J. Gallagher & Co.,Financial Services,Insurance Brokers,United States,https://www.ajg.com,80180436992.0,78747435008.0,253213753.0,256052992.0,48.32,27.76,7.13,3.59,21.16,7.0,0.4366,0.331,0.2783,0.1386,0.09,0.03,11243499520.0,0.101,6.48,11.28,-0.007,0.158,16691800064.0,13422900224.0,60.05,1.44,0.57,87.15,2389237504.0,2665400064.0,0.0081,0.026000000000000002,0.011,0.3781,313.14,338.02,388.0,267.0,buy,2.12,0.75,351.23,267.0,326.08,311.9,2.87,0.01
AKAM,2025-07-21,"Akamai Technologies, Inc.",Technology,Software - Infrastructure,United States,https://www.akamai.com,11200419840.0,14958966784.0,143095102.0,142336000.0,26.41,11.78,2.79,2.51,13.3,3.72,0.5907,0.2799,0.1527,0.1126,0.1,0.04,4019336960.0,0.029,2.98,6.68,-0.261,-0.298,1321229952.0,4618776064.0,100.75,1.18,1.03,31.38,514483488.0,1418493056.0,0.0,0.0,0.0,0.0,78.69,100.33,135.0,63.0,buy,2.08,0.77,106.8,67.51,78.31,88.01,3.25,0.09
ALB,2025-07-21,Albemarle Corporation,Basic Materials,Specialty Chemicals,United States,https://www.albemarle.com,9068133376.0,12010344448.0,117097318.0,117661000.0,,41.89,1.78,1.16,62.69,2.36,0.0393,0.0376,0.019,-0.2239,-0.1,-0.02,5093670912.0,-0.209,-11.12,1.84,,15.891,1518510976.0,3673838080.0,35.76,2.11,1.2,66.24,-349651872.0,1149496960.0,0.0258,0.016200000000000003,0.0117,0.5797,77.07,81.9,200.0,58.0,hold,2.52,1.61,113.91,49.43,62.47,79.66,5.36,0.24
ALGN,2025-07-21,"Align Technology, Inc.",Healthcare,Medical Instruments & Supplies,United States,https://www.aligntech.com,13827926016.0,12969077760.0,67597188.0,72484800.0,34.75,18.59,3.47,3.67,16.01,3.26,0.7002,0.2035,0.1402,0.1029,0.11,0.07,3980843008.0,-0.018,5.49,10.26,-0.088,-0.112,873011968.0,118535000.0,3.12,1.21,0.99,51.94,630043904.0,762243008.0,0.0,0.0,0.0,0.0,190.77,232.34,275.0,180.0,buy,1.89,1.64,262.87,141.74,185.75,199.16,4.01,0.05
ALL,2025-07-21,The Allstate Corporation,Financial Services,Insurance - Property & Casualty,United States,https://www.allstate.com,51395878912.0,56014413824.0,263019394.0,264818000.0,13.27,10.2,0.79,2.56,9.27,0.86,0.2264,0.0925,0.0508,0.0619,0.2,0.03,65299001344.0,0.078,14.63,19.03,-0.527,-0.512,7381000192.0,8087000064.0,36.67,0.44,0.24,75.68,4154874880.0,9228999680.0,0.0199,0.04,0.0237,0.2568,194.08,227.59,286.0,149.0,buy,1.75,0.34,213.18,162.27,200.5,196.01,3.2,0.02
ALLE,2025-07-21,Allegion plc,Industrials,Security & Protection Services,Ireland,https://www.allegion.com,13150054400.0,14054323200.0,85745536.0,86049296.0,21.46,19.62,3.44,8.18,15.24,3.68,0.4449,0.2414,0.2085,0.1628,0.42,0.12,3820199936.0,0.054,7.12,7.79,0.213,0.197,494500000.0,2147399936.0,133.64,2.17,1.43,18.67,520400000.0,728400000.0,0.0142,0.0204,0.0135,0.2739,152.82,147.52,170.0,110.0,hold,2.69,1.03,156.1,116.57,143.11,136.89,4.05,0.05
AMAT,2025-07-21,"Applied Materials, Inc.",Technology,Semiconductor Equipment & Materials,United States,https://www.appliedmaterials.com,152827723776.0,146836340736.0,799392549.0,802497984.0,23.14,19.65,5.44,8.06,16.79,5.23,0.4814,0.3113,0.3055,0.2406,0.36,0.16,28088999936.0,0.068,8.23,9.69,0.277,0.241,6746999808.0,6670000128.0,35.18,2.46,1.62,23.63,3740875008.0,7456000000.0,0.0101,0.0184,0.0086,0.1946,190.44,196.95,250.0,120.0,buy,1.76,1.66,224.09,123.74,174.85,171.16,2.21,0.02
AMCR,2025-07-21,Amcor plc,Consumer Cyclical,Packaging & Containers,Switzerland,https://www.amcor.com,21859383296.0,20552513536.0,1438450292.0,2291340032.0,17.04,12.08,1.62,3.58,10.82,1.53,0.2,0.1411,0.1077,0.0599,0.21,0.05,13461999616.0,-0.023,0.56,0.79,0.053,0.048,2044999936.0,9315999744.0,241.41,1.7,1.02,2.67,658000000.0,1219000064.0,0.0555,0.0051,0.0451,0.905,9.54,11.44,13.0,10.0,buy,2.0,0.73,11.48,8.37,9.27,9.84,1.92,0.02
AMD,2025-07-21,"Advanced Micro Devices, Inc.",Technology,Semiconductors,United States,https://www.amd.com,254543609856.0,227498262528.0,1610103008.0,1621400064.0,114.59,30.78,9.17,4.38,38.7,8.2,0.5358,0.2118,0.1084,0.0802,0.04,0.03,27750000640.0,0.359,1.37,5.1,5.252,4.764,7310000128.0,4730999808.0,8.17,2.8,1.76,35.82,3355624960.0,3459000064.0,0.0,0.0,0.0,0.0,156.99,131.95,200.0,95.0,buy,1.78,1.99,174.05,76.48,126.28,123.44,1.04,0.03
AME,2025-07-21,"AMETEK, Inc.",Industrials,Specialty Industrial Machinery,United States,https://www.ametek.com,41214210048.0,43550466048.0,229738436.0,230879008.0,29.22,24.45,5.94,4.13,19.97,6.28,0.3576,0.3144,0.2566,0.2043,0.15,0.08,6936970752.0,-0.002,6.11,7.3,0.134,0.131,399000992.0,2169606912.0,21.76,1.41,0.79,43.18,1462736512.0,1836166016.0,0.0069,0.0124,0.0062,0.1882,178.51,192.42,225.0,158.0,buy,1.89,1.11,198.33,145.02,178.91,178.75,1.87,0.01
AMGN,2025-07-21,Amgen Inc.,Healthcare,Drug Manufacturers - General,United States,https://www.amgen.com,158494228480.0,198703923200.0,536334967.0,537705984.0,26.87,14.26,4.64,25.53,12.64,5.82,0.6907,0.4608,0.2873,0.1739,1.06,0.07,34126000128.0,0.094,10.97,20.67,,,8810000384.0,57380999168.0,924.46,1.17,0.74,11.54,13090124800.0,12192000000.0,0.0341,0.09519999999999999,0.0302,0.8323,294.76,314.27,400.0,185.0,buy,2.33,0.5,346.85,253.3,285.01,292.21,4.94,0.02
AMP,2025-07-21,"Ameriprise Financial, Inc.",Financial Services,Asset Management,United States,https://www.ameriprise.com,51853520896.0,46871195648.0,94909390.0,95222704.0,18.52,14.1,2.87,9.59,,2.59,0.5662,0.0,0.3372,0.1656,0.58,0.02,18082000896.0,0.036,29.41,38.63,-0.384,-0.411,7980000256.0,4028000000.0,74.24,2.91,2.08,56.8,3326500096.0,6837000192.0,0.012,0.064,0.0158,0.2012,544.55,522.3,605.0,423.0,none,,1.23,582.05,385.74,519.48,518.56,3.02,0.02
AMT,2025-07-21,American Tower Corporation,Real Estate,REIT - Specialty,United States,https://www.americantower.com,105223372800.0,152149311488.0,466841502.0,468137984.0,36.37,33.1,10.34,29.77,22.78,14.95,0.7455,0.6564,0.4684,0.1794,0.28,0.05,10177399808.0,0.02,6.18,6.79,-0.471,-0.467,2103699968.0,44383600640.0,446.68,0.56,0.49,7.55,4535612416.0,5301899776.0,0.0308,0.068,0.026,1.0615,224.77,246.32,265.0,204.0,buy,1.64,0.83,243.56,172.51,216.67,207.67,2.71,0.02
AMZN,2025-07-21,"Amazon.com, Inc.",Consumer Cyclical,Internet Retail,United States,https://www.aboutamazon.com,2400686440448.0,2392509644800.0,9571703330.0,10616399872.0,36.77,36.77,3.69,7.85,18.97,3.68,0.4916,0.194,0.1182,0.1014,0.25,0.08,650313007104.0,0.086,6.15,6.15,0.622,0.642,94564999168.0,157952999424.0,51.64,1.05,0.81,28.82,39273500672.0,113903001600.0,0.0,0.0,0.0,0.0,226.13,241.82,305.0,195.0,strong_buy,1.37,1.33,242.52,151.61,212.28,207.35,1.62,0.01
ANET,2025-07-21,Arista Networks Inc,Technology,Computer Hardware,United States,https://www.arista.com,140386729984.0,120343724032.0,1029466238.0,1255920000.0,47.16,11.49,18.88,13.88,37.76,16.18,0.6409,0.4285,0.4284,0.4072,0.34,0.16,7436546048.0,0.276,2.37,9.73,0.28,0.276,8149600256.0,0.0,,3.93,3.07,8.05,3057000960.0,3836134912.0,0.0,0.0,0.0,0.0,111.78,105.64,130.0,79.0,buy,1.72,1.38,133.57,59.43,96.72,97.51,2.2,0.02
ANSS,2025-07-14,"ANSYS, Inc.",Technology,Software - Application,United States,https://www.ansys.com,32926334976.0,29910253568.0,87469529.0,87916096.0,55.57,34.02,12.75,5.33,34.06,11.58,0.9248,0.3399,0.1166,0.2295,0.1,0.06,2583095040.0,0.082,6.74,11.01,0.477,0.491,1828558976.0,860905024.0,13.93,3.66,3.56,70.29,772483648.0,911857984.0,0.0,0.0,0.0,0.0,374.52,347.71,360.0,340.0,none,,1.19,380.07,275.06,342.41,333.73,2.97,0.03
AON,2025-07-21,Aon plc,Financial Services,Insurance Brokers,Ireland,https://www.aon.com,76898394112.0,94626725888.0,209055751.0,215940000.0,30.78,20.48,4.7,10.99,17.97,5.78,0.4675,0.3219,0.3371,0.1558,0.72,0.06,16357000192.0,0.162,11.57,17.39,-0.172,-0.099,1192000000.0,18510000128.0,254.47,1.05,0.25,32.41,3200000000.0,2865999872.0,0.0084,0.0298,0.0076,0.2334,356.11,396.07,449.0,332.65,buy,2.4,0.86,412.97,296.56,358.17,369.84,4.23,0.02
AOS,2025-07-21,A. O. Smith Corporation,Industrials,Specialty Industrial Machinery,United States,https://www.aosmith.com,9990262784.0,9413690368.0,114100771.0,116239000.0,19.64,17.27,2.63,5.39,12.24,2.48,0.3804,0.2022,0.1897,0.1374,0.28,0.13,3803200000.0,-0.015,3.58,4.07,-0.05,-0.075,200200000.0,295800000.0,15.94,1.61,0.95,13.05,344950016.0,513900000.0,0.0207,0.013600000000000001,0.0172,0.3687,70.3,74.86,84.0,59.0,buy,2.5,1.21,92.06,58.83,66.74,69.71,1.95,0.03
APA,2025-07-21,APA Corporation,Energy,Oil & Gas E&P,United States,https://www.apacorp.com,6791102464.0,13050857472.0,358849646.0,360844992.0,6.75,6.84,0.67,1.25,2.19,1.29,0.6729,0.588,0.282,0.1004,0.26,0.08,10147999744.0,0.344,2.79,2.75,1.181,1.629,67000000.0,5490999808.0,84.96,0.88,0.68,15.04,2278000128.0,4348000256.0,0.0547,0.01,0.024,0.3584,18.82,22.67,35.0,14.0,hold,2.9,1.25,33.41,13.58,18.48,20.83,5.27,0.12
APD,2025-07-21,"Air Products and Chemicals, Inc.",Basic Materials,Specialty Chemicals,United States,https://www.airproducts.com,65719468032.0,79771320320.0,221433718.0,222544000.0,42.55,20.84,5.47,4.47,18.53,6.64,0.3195,0.3581,0.2118,0.1276,0.1,0.05,12020700160.0,-0.005,6.94,14.17,,,1608099968.0,16532400128.0,98.53,1.0,0.77,66.07,-3988649984.0,3358200064.0,0.0254,0.0716,0.023,1.0231,295.31,319.67,375.0,260.0,buy,2.04,0.87,341.14,243.69,280.35,298.24,4.04,0.02
APH,2025-07-21,Amphenol Corporation,Technology,Electronic Components,United States,https://www.amphenol.com,125000056832.0,125014310912.0,1201724591.0,1209600000.0,50.17,47.84,7.45,12.13,28.08,7.45,0.3441,0.2654,0.2348,0.1557,0.28,0.12,16777400320.0,0.477,2.06,2.16,0.318,0.345,1671699968.0,7166900224.0,69.1,1.99,1.22,8.52,1426462464.0,2980100096.0,0.0067,0.0066,0.009,0.2937,103.34,92.02,106.0,70.0,buy,2.06,1.13,103.7,54.77,92.56,75.01,2.38,0.02
APO,2025-07-21,"Apollo Global Management, Inc.",Financial Services,Asset Management,United States,https://www.apollo.com/institutional/homepage,86867091456.0,101094883328.0,446479870.0,571494016.0,26.53,17.92,3.56,5.23,,4.14,0.4424,0.0,0.2954,0.1473,0.19,0.02,24387000320.0,-0.215,5.73,8.48,-0.703,-0.69,25016999936.0,29268000768.0,90.49,1.79,1.68,29.06,,4195000064.0,0.0144,0.0204,0.027,0.3229,152.0,154.48,174.0,117.7,buy,1.75,1.57,189.49,95.11,138.65,148.12,9.73,0.05
APTV,2025-07-21,Aptiv PLC,Consumer Cyclical,Auto Parts,Switzerland,https://www.aptiv.com,14849185792.0,22485573632.0,215542298.0,217730000.0,11.14,9.77,0.76,1.7,7.24,1.14,0.1925,0.1581,0.1067,0.0793,0.15,0.06,19637000192.0,-0.016,6.12,6.98,,,1100000000.0,8439000064.0,91.19,1.61,1.08,40.04,1634625024.0,2475000064.0,0.0,0.0,0.0116,0.0,68.2,75.15,95.0,55.0,buy,2.05,1.47,80.95,47.19,68.04,62.76,2.91,0.03
ARE,2025-07-21,"Alexandria Real Estate Equities, Inc.",Real Estate,REIT - Office,United States,https://www.are.com,13522548736.0,30084909056.0,154108868.0,172988992.0,102.86,22.72,4.35,0.76,15.26,9.67,0.7052,0.6337,0.2092,0.0461,0.01,0.01,3111841024.0,-0.015,0.76,3.44,,,476430016.0,13462246400.0,61.19,3.38,2.87,102.66,1259089792.0,1371315968.0,0.0727,0.0528,0.036,6.8947,78.17,97.31,144.0,74.0,none,,1.27,126.37,67.37,73.27,93.12,3.86,0.05
ATO,2025-07-21,Atmos Energy Corporation,Utilities,Utilities - Regulated Gas,United States,https://www.atmosenergy.com,24883402752.0,32326313984.0,158122098.0,158836992.0,21.88,21.94,5.55,1.89,14.76,7.21,0.5816,0.4881,0.326,0.2535,0.09,0.04,4485993984.0,0.184,7.16,7.14,0.063,0.124,658499968.0,8506464256.0,64.75,1.33,1.1,82.71,-1614407040.0,1946832000.0,0.0226,0.0348,0.0246,0.4679,156.66,160.7,181.0,137.0,buy,2.4,0.7,167.45,122.7,154.65,148.13,5.22,0.04
AVB,2025-07-21,"AvalonBay Communities, Inc.",Real Estate,REIT - Residential,United States,https://www.avalonbay.com,28848027648.0,37355061248.0,141411852.0,142368000.0,25.2,36.58,9.65,2.42,20.46,12.5,0.6364,0.6108,0.322,0.3831,0.1,0.03,2988731904.0,0.034,8.04,5.54,0.362,0.364,57840000.0,8477019136.0,71.14,0.49,0.04,83.8,1227122816.0,1610876032.0,0.0344,0.07,0.0336,0.852,202.63,231.38,255.0,213.0,buy,2.38,0.87,239.29,180.4,204.34,215.02,3.51,0.03
AVGO,2025-07-21,Broadcom Inc.,Technology,Semiconductors,United States,https://www.broadcom.com,1332681244672.0,142671151104.0,405747420.0,4703470080.0,103.03,45.92,23.36,4.78,4.59,2.5,0.7703,0.5454,0.3176,0.2264,0.19,0.08,57045999616.0,0.164,2.75,6.17,1.881,1.727,11105000448.0,40456998912.0,166.03,1.08,0.89,59.22,26148749312.0,23235000320.0,0.0086,0.0236,0.0234,0.8157,283.34,286.36,400.0,210.0,strong_buy,1.37,1.12,288.28,128.5,251.79,208.81,1.89,0.01
AVY,2025-07-21,Avery Dennison Corporation,Consumer Cyclical,Packaging & Containers,United States,https://www.averydennison.com,13962162176.0,16941865984.0,77457130.0,78175600.0,20.53,16.98,1.6,6.46,11.86,1.94,0.2879,0.1632,0.1278,0.0798,0.32,0.09,8752700416.0,-0.001,8.7,10.52,-0.019,-0.035,234700000.0,3459099904.0,159.37,1.03,0.59,27.63,579662528.0,802700032.0,0.0214,0.037599999999999995,0.0158,0.4051,178.6,189.36,217.0,166.0,buy,2.21,0.89,233.48,157.0,179.02,187.7,3.86,0.03
AWK,2025-07-21,"American Water Works Company, Inc.",Utilities,Utilities - Regulated Water,United States,https://www.amwater.com,27869165568.0,41448067072.0,194588440.0,195012000.0,26.03,25.07,5.79,2.65,15.93,8.61,0.6033,0.5404,0.3284,0.2224,0.1,0.03,4815000064.0,0.13,5.49,5.7,0.107,0.108,189000000.0,14508999680.0,137.74,0.49,0.38,54.02,-1206125056.0,1994000000.0,0.0238,0.0331,0.018,0.5574,142.91,143.08,159.0,117.0,hold,2.87,0.7,155.5,118.74,141.39,137.07,4.29,0.04
AXON,2025-07-21,"Axon Enterprise, Inc.",Industrials,Aerospace & Defense,United States,https://www.axon.com,58862215168.0,64135491584.0,74151341.0,77850800.0,181.75,121.95,26.44,23.03,567.46,28.81,0.606,0.0508,-0.0131,0.149,0.15,0.01,2226288128.0,0.313,4.16,6.2,-0.376,-0.34,2367037952.0,2046727936.0,80.08,2.82,2.5,32.83,483596640.0,450044000.0,0.0,0.0,0.0,0.0,756.09,721.32,895.0,579.32,buy,1.76,1.28,830.21,279.02,757.19,612.31,2.76,0.02
AXP,2025-07-21,American Express Company,Financial Services,Credit Services,United States,https://www.americanexpress.com,215746396160.0,224239845376.0,547370084.0,700588992.0,21.64,20.37,3.48,6.65,,3.61,0.6432,0.0,0.212,0.1656,0.34,0.04,62049001472.0,0.088,14.23,15.12,0.093,0.06,52387000320.0,53153001472.0,170.35,1.57,1.57,46.29,,13262000128.0,0.0103,0.032799999999999996,0.012,0.2039,307.95,299.14,371.0,240.0,buy,2.5,1.25,329.14,220.43,302.79,289.94,3.43,0.02
AZO,2025-07-21,"AutoZone, Inc.",Consumer Cyclical,Auto Parts,United States,https://www.autozone.com,62129221632.0,74409394176.0,16681204.0,16728700.0,25.19,21.31,3.29,-15.63,17.3,3.94,0.5295,0.2276,0.194,0.1356,,0.13,18901370880.0,0.054,147.44,174.32,-0.036,-0.066,287617984.0,12596179968.0,,0.84,0.09,-237.65,1520323840.0,3234831872.0,0.0,0.0,0.0,0.0,3713.93,4079.96,4850.0,2896.05,buy,1.66,0.4,3916.81,2894.02,3706.08,3448.76,1.59,0.01
BA,2025-07-21,The Boeing Company,Industrials,Aerospace & Defense,United States,https://www.boeing.com,172923731968.0,190217764864.0,722201523.0,754006016.0,,487.96,2.49,-51.88,-24.74,2.74,-0.0179,-0.1107,0.0276,-0.1658,,-0.04,69444001792.0,0.177,-17.96,0.47,,,23652999168.0,55878000640.0,,1.23,0.35,-4.42,-7940499968.0,-10334000128.0,0.0,0.0,0.0248,0.0,229.34,224.12,275.0,150.0,buy,1.66,1.42,233.61,128.88,209.4,175.98,1.73,0.02
BAC,2025-07-21,Bank of America Corporation,Financial Services,Banks - Diversified,United States,https://www.bankofamerica.com,351903711232.0,344355373056.0,7503932843.0,7436680192.0,13.88,12.93,3.61,1.27,,3.53,0.0,0.0,0.3135,0.2858,0.09,0.01,97452998656.0,0.057,3.41,3.66,0.184,0.108,806390988800.0,773838995456.0,,,,37.13,,4550000128.0,0.022,0.0104,0.0241,0.3045,47.32,50.54,57.0,43.0,buy,1.54,1.31,49.31,33.07,45.28,43.77,2.23,0.01
BALL,2025-07-21,Ball Corporation,Consumer Cyclical,Packaging & Containers,United States,https://www.ball.com,16048629760.0,22237347840.0,275647580.0,277417984.0,32.87,16.39,1.34,2.94,11.79,1.85,0.2042,0.1569,0.0985,0.0418,0.08,0.04,12017999872.0,0.078,1.76,3.53,-0.946,-0.951,453000000.0,7062000128.0,126.81,1.04,0.64,19.68,251750000.0,697000000.0,0.0143,0.008,0.0115,0.4545,57.85,61.01,78.0,50.0,buy,2.25,1.08,68.12,43.51,55.24,55.67,3.25,0.04
BAX,2025-07-21,Baxter International Inc.,Healthcare,Medical Instruments & Supplies,United States,https://www.baxter.com,14250869760.0,23526928384.0,511003894.0,513175008.0,,9.64,1.32,2.01,12.03,2.18,0.3922,0.1815,0.0975,-0.052,-0.04,0.02,10771000320.0,0.054,-0.52,2.88,2.379,2.405,2294000128.0,10309000192.0,146.14,2.02,1.15,13.8,1701500032.0,663000000.0,0.0225,0.0068000000000000005,0.022,4.64,27.77,38.34,55.0,28.0,none,,0.61,40.49,26.25,30.34,32.09,5.13,0.05
BBY,2025-07-21,"Best Buy Co., Inc.",Consumer Cyclical,Specialty Retail,United States,https://bestbuy.com,14276491264.0,16907703296.0,194884900.0,211347008.0,16.48,9.88,0.34,5.17,6.52,0.41,0.2261,0.0626,0.0374,0.0213,0.3,0.08,41448001536.0,-0.009,4.1,6.84,-0.159,-0.179,1339000064.0,4059000064.0,146.91,1.02,0.28,13.08,1394499968.0,1976000000.0,0.0566,0.038,0.0377,0.9195,67.55,79.28,95.0,63.0,buy,2.41,1.27,103.71,54.99,70.35,80.1,3.32,0.08
BDX,2025-07-21,"Becton, Dickinson and Company",Healthcare,Medical Instruments & Supplies,United States,https://www.bd.com,51259666432.0,67955126272.0,285928154.0,286607008.0,34.59,11.37,2.46,2.03,12.19,3.26,0.4632,0.2671,0.1601,0.0718,0.06,0.04,20867000320.0,0.045,5.17,15.73,-0.422,-0.426,683000000.0,19270000640.0,76.34,1.13,0.48,88.07,3501750016.0,3300000000.0,0.0242,0.0416,0.0147,0.7713,178.85,217.82,320.55,172.0,buy,2.41,0.28,251.99,163.33,173.27,213.02,1.2,0.01
BEN,2025-07-21,"Franklin Resources, Inc.",Financial Services,Asset Management,United States,https://www.franklinresources.com,12927816704.0,16272183296.0,308806823.0,525520992.0,35.65,9.46,1.49,1.05,9.76,1.87,0.3788,0.1917,0.0998,0.0465,0.03,0.02,8697100288.0,-0.019,0.69,2.6,0.152,0.219,2753999872.0,3660499968.0,24.12,6.58,1.64,23.5,-97662496.0,891299968.0,0.0537,0.0128,0.0469,1.8261,24.6,20.86,29.0,14.0,hold,3.18,1.46,25.36,16.25,22.77,20.84,4.19,0.11
BF-B,2025-07-21,Brown-Forman Corporation,Consumer Defensive,Beverages - Wineries & Distilleries,United States,https://www.brown-forman.com,13755103232.0,15114774528.0,335101284.0,303608992.0,15.72,15.22,3.46,3.42,12.13,3.8,0.5894,0.3135,0.2562,0.2186,0.23,0.09,3975000064.0,-0.073,1.84,1.9,-0.449,-0.451,444000000.0,2836999936.0,71.05,3.88,1.18,8.45,370124992.0,598000000.0,0.0337,0.0091,0.0141,0.4829,28.92,32.29,42.0,25.0,hold,3.05,0.61,49.89,25.53,30.25,36.23,5.89,0.1
BG,2025-07-21,Bunge Global SA,Consumer Defensive,Farm Products,United States,https://www.bunge.com,14885264384.0,15583031296.0,133017913.0,200016992.0,9.55,8.0,0.29,0.95,8.71,0.3,0.0595,0.0349,0.0214,0.0213,0.1,0.03,51334000640.0,-0.132,7.79,9.3,-0.119,-0.176,3883000064.0,7661000192.0,66.08,2.04,0.79,78.71,-1116625024.0,621000000.0,0.0349,0.027999999999999997,0.0272,0.3492,74.42,89.71,101.35,74.0,buy,1.89,0.66,114.92,67.4,78.69,80.37,2.14,0.04
BIIB,2025-07-21,Biogen Inc.,Healthcare,Drug Manufacturers - General,United States,https://www.biogen.com,18314534912.0,22425329664.0,146133672.0,146528000.0,12.35,7.5,1.87,1.08,7.28,2.28,0.7565,0.3139,0.2805,0.1507,0.09,0.05,9816399872.0,0.061,10.12,16.66,-0.393,-0.389,2598299904.0,6621199872.0,39.0,1.44,0.87,115.9,3428212480.0,2581600000.0,0.0,0.0,0.0,0.0,124.99,172.2,260.0,115.0,buy,2.16,0.15,236.48,110.04,128.53,144.99,2.14,0.03
BK,2025-07-21,The Bank of New York Mellon Corporation,Financial Services,Banks - Diversified,United States,https://www.bny.com,69706022912.0,-27541782528.0,713760169.0,705241024.0,15.11,15.14,3.7,1.8,,-1.46,0.0,0.0,0.3282,0.251,0.11,0.01,18823000064.0,0.061,6.54,6.53,0.264,0.19,171141005312.0,72580997120.0,,,,54.76,,3779000064.0,0.0206,0.018799999999999997,0.0285,0.2985,98.84,94.5,104.0,80.0,buy,2.25,1.08,99.04,60.93,90.53,82.75,2.54,0.01
BKNG,2025-07-21,Booking Holdings Inc.,Consumer Cyclical,Travel Services,United States,https://www.bookingholdings.com,185574080512.0,189566828544.0,32439138.0,32540300.0,35.59,27.18,7.7,-30.51,22.3,7.87,0.8663,0.3529,0.2297,0.2258,,0.18,24085999616.0,0.079,160.25,209.85,-0.55,-0.571,15578000384.0,16760999936.0,,1.22,1.15,-186.92,7502374912.0,8901999616.0,0.0066,0.384,0.0,0.2235,5702.9,5583.99,6255.0,4440.0,buy,1.79,1.41,5839.41,3180.0,5483.72,4951.62,3.34,0.02
BKR,2025-07-21,Baker Hughes Company,Energy,Oil & Gas Equipment & Services,United States,https://www.bakerhughes.com,39352590336.0,40896352256.0,988302823.0,990750016.0,13.56,15.46,1.41,2.31,8.85,1.47,0.2136,0.166,0.117,0.1051,0.18,0.06,27837999104.0,0.001,2.93,2.57,-0.111,-0.116,3276999936.0,6024000000.0,35.01,1.34,0.79,17.21,1716875008.0,3256999936.0,0.024,0.0092,0.0275,0.2935,39.72,46.44,56.0,39.0,buy,1.74,0.9,49.4,32.25,38.23,40.74,3.56,0.03
BLDR,2025-07-21,"Builders FirstSource, Inc.",Industrials,Building Products & Equipment,United States,https://www.bldr.com,13609922560.0,17889828864.0,107504394.0,110515000.0,15.79,10.57,0.84,3.2,9.07,1.11,0.3215,0.122,0.0504,0.0566,0.2,0.08,16166635520.0,-0.06,7.8,11.65,-0.6,-0.628,115371000.0,5109225984.0,116.8,1.82,1.0,38.46,1073425152.0,1687832960.0,0.0,0.0,0.0,0.0,123.15,139.79,181.0,113.83,buy,1.71,1.7,203.14,102.6,117.2,145.36,3.24,0.08
BLK,2025-07-21,"BlackRock, Inc.",Financial Services,Asset Management,United States,https://www.blackrock.com,170835722240.0,171075289088.0,143760651.0,154800000.0,26.67,22.48,8.15,3.56,20.33,8.16,0.494,0.4016,0.3474,0.3009,0.14,0.04,20955000832.0,0.116,41.38,49.1,-0.08,-0.04,7894000128.0,14259000320.0,28.41,1.97,1.3,309.86,5569375232.0,4236000000.0,0.0199,0.2084,0.0237,0.4982,1103.59,1069.96,1154.0,959.0,buy,1.53,1.42,1119.19,773.74,1008.74,987.19,3.15,0.01
BMY,2025-07-21,Bristol-Myers Squibb Company,Healthcare,Drug Manufacturers - General,United States,https://www.bms.com,96381386752.0,133751889920.0,2031234507.0,2035079936.0,17.67,6.74,2.02,5.54,6.98,2.81,0.7469,0.4025,0.3157,0.1138,0.32,0.07,47636000768.0,-0.056,2.68,7.03,,,11781999616.0,51271000064.0,293.85,1.28,1.1,8.54,13926124544.0,14309999616.0,0.0536,0.0248,0.0363,0.9104,47.36,57.1,68.0,36.0,hold,2.67,0.39,63.33,41.9,47.47,53.92,2.58,0.02
BR,2025-07-21,"Broadridge Financial Solutions, Inc.",Technology,Information Technology Services,United States,https://www.broadridge.com,28086577152.0,31869839360.0,116829137.0,117463000.0,35.96,25.57,4.15,11.76,18.92,4.71,0.3131,0.2489,0.1904,0.1165,0.34,0.09,6768000000.0,0.049,6.65,9.35,0.145,0.138,317900000.0,3640600064.0,152.82,1.32,1.19,20.33,1226525056.0,1192600064.0,0.0145,0.0352,0.0158,0.5173,239.11,256.27,300.0,220.0,none,,0.97,247.01,201.67,239.62,232.51,2.57,0.01
BRK-B,2025-07-21,Berkshire Hathaway Inc.,Financial Services,Insurance - Diversified,United States,https://www.berkshirehathaway.com,1020328214528.0,-218784350208.0,1225341.0,1342840064.0,12.63,23.6,2.75,0.0,-1.88,-0.59,0.2787,0.3136,0.07,0.2179,0.13,0.06,371288997888.0,-0.002,37.52,20.08,-0.637,-0.638,347680997376.0,125926998016.0,19.18,2.72,2.54,454913.6,64924999680.0,30929000448.0,0.0,0.0,0.0,0.0,473.8,521.0,591.0,485.0,buy,2.0,0.84,542.07,406.11,493.09,484.38,3.0,0.01
BRO,2025-07-21,"Brown & Brown, Inc.",Financial Services,Insurance Brokers,United States,https://www.bbrown.com,34248196096.0,35165179904.0,244974952.0,329816992.0,28.92,25.39,7.05,4.37,21.1,7.24,0.4942,0.343,0.3263,0.2121,0.17,0.06,4860000256.0,0.12,3.59,4.09,0.127,0.13,669000000.0,4038000128.0,59.03,1.2,0.45,23.77,1039500032.0,1374000000.0,0.0054,0.006,0.0063,0.156,103.84,119.1,130.0,102.0,buy,2.36,0.84,125.68,92.38,109.2,110.0,2.24,0.03
BSX,2025-07-21,Boston Scientific Corporation,Healthcare,Medical Devices,United States,https://www.bostonscientific.com,153330188288.0,170123329536.0,1475274306.0,1479449984.0,75.65,37.15,8.73,6.9,37.51,9.69,0.6845,0.2584,0.2009,0.1158,0.09,0.05,17553999872.0,0.209,1.37,2.79,0.364,0.362,725000000.0,11708000256.0,52.16,1.45,0.68,15.02,2315000064.0,3812000000.0,0.0,0.0,0.0,0.0,103.64,117.55,135.0,86.2,strong_buy,1.44,0.69,107.53,71.88,103.46,96.91,2.28,0.01
BX,2025-07-21,Blackstone Inc.,Financial Services,Asset Management,United States,https://www.blackstone.com,204696158208.0,139477286912.0,733436149.0,729648000.0,50.97,28.94,16.54,16.35,,11.27,1.0,0.0,0.4526,0.2056,0.26,0.12,12372734976.0,-0.082,3.31,5.83,-0.282,-0.274,2562064896.0,14521400320.0,73.1,1.03,0.9,10.32,,3651034112.0,0.0271,0.0405,0.0337,1.197,168.72,147.4,196.0,109.0,buy,2.26,1.64,200.96,115.66,146.33,158.24,3.7,0.02
BXP,2025-07-21,"BXP, Inc.",Real Estate,REIT - Office,United States,https://www.bxp.com,12186429440.0,29253722112.0,147271956.0,158324992.0,,36.87,3.59,2.05,15.46,8.61,0.6047,0.5569,0.2838,-0.0013,0.01,0.02,3397133056.0,0.02,-0.03,1.87,-0.24,-0.234,398126016.0,16439787520.0,209.43,1.17,1.01,33.6,1055764864.0,1246941952.0,0.0581,0.0392,0.0506,43.5556,68.95,76.32,91.0,62.0,buy,2.36,1.19,90.11,54.22,68.9,72.55,6.71,0.09
C,2025-07-21,Citigroup Inc.,Financial Services,Banks - Diversified,United States,https://www.citigroup.com,172032098304.0,9006490624.0,1862242543.0,1840899968.0,13.8,13.0,2.4,0.87,,0.12,0.0,0.0,0.287,0.1862,0.06,0.01,71819001856.0,0.025,6.77,7.19,0.246,0.206,970423992320.0,801248968704.0,,,,106.94,,-67546001408.0,0.0263,0.022400000000000003,0.0369,0.3491,93.45,87.38,110.0,70.0,buy,1.82,1.31,93.8,53.51,79.91,72.91,2.84,0.02
CAG,2025-07-21,"Conagra Brands, Inc.",Consumer Defensive,Packaged Foods,United States,https://www.conagrabrands.com,9104837632.0,17867309056.0,474483974.0,477443008.0,7.95,7.09,0.78,1.02,8.35,1.52,0.2667,0.1822,0.1412,0.028,0.04,0.05,11736899584.0,-0.063,2.4,2.69,-0.531,-0.53,49400000.0,8145099776.0,92.78,0.69,0.19,18.71,1283399936.0,1830499968.0,0.0684,0.013999999999999999,0.0394,2.0588,19.07,24.8,31.0,20.0,hold,2.94,0.14,33.24,18.8,21.64,25.55,2.42,0.04
CAH,2025-07-21,"Cardinal Health, Inc.",Healthcare,Medical Distribution,United States,https://www.cardinalhealth.com,38083301376.0,45500735488.0,238225905.0,238676992.0,25.01,18.47,0.17,-12.94,14.38,0.2,0.0353,0.0142,0.0133,0.007,,0.03,222286004224.0,0.0,6.38,8.64,0.963,0.939,3326000128.0,7679000064.0,,0.94,0.44,-12.34,3518749952.0,2952000000.0,0.0122,0.0204,0.0272,0.3165,159.56,172.21,197.0,127.12,buy,1.76,0.68,168.44,94.85,158.04,132.73,3.0,0.03
CARR,2025-07-21,Carrier Global Corporation,Industrials,Building Products & Equipment,United States,https://www.corporate.carrier.com,65368604672.0,73008504832.0,804859631.0,853041984.0,51.09,25.21,2.93,4.76,22.59,3.28,0.2677,0.145,0.054,0.2579,0.11,0.03,22283999232.0,-0.037,1.5,3.04,0.616,0.532,1698000000.0,11621000192.0,81.85,1.2,0.73,16.11,4930124800.0,1006000000.0,0.0123,0.009000000000000001,0.0112,0.53,76.63,81.18,100.0,60.0,buy,1.96,1.33,83.32,54.22,73.02,70.43,3.28,0.02
CAT,2025-07-21,Caterpillar Inc.,Industrials,Farm & Heavy Construction Machinery,United States,https://www.caterpillar.com,194574024704.0,218713128960.0,469496771.0,470315008.0,20.16,18.68,3.08,10.79,14.79,3.46,0.3184,0.2338,0.1845,0.1571,0.56,0.09,63259000832.0,-0.098,20.52,22.15,-0.27,-0.299,2740999936.0,38587998208.0,213.55,1.32,0.69,38.35,6817750016.0,11271999488.0,0.0156,0.0604,0.0196,0.2698,413.71,374.6,425.0,283.0,buy,2.11,1.37,419.9,267.3,366.93,362.47,2.69,0.01
CB,2025-07-21,Chubb Limited,Financial Services,Insurance - Property & Casualty,Switzerland,https://www.chubb.com/us-en,109857054720.0,135860248576.0,371500781.0,400748000.0,13.21,11.61,1.95,1.67,12.5,2.41,0.269,0.193,0.1363,0.1502,0.13,0.03,56306999296.0,0.033,20.75,23.61,-0.371,-0.379,6403999744.0,21137000448.0,29.87,0.38,0.18,164.01,11917375488.0,14528000000.0,0.0134,0.0388,0.0163,0.1753,274.13,304.06,340.0,245.22,none,,0.56,306.91,252.16,286.62,283.06,2.12,0.01
CBOE,2025-07-21,"Cboe Global Markets, Inc.",Financial Services,Financial Data & Stock Exchanges,United States,https://www.cboe.com,24986615808.0,24870699008.0,104151035.0,104713000.0,31.36,25.99,5.77,5.61,18.16,5.74,0.4929,0.3161,0.2963,0.186,0.19,0.09,4332299776.0,0.248,7.61,9.18,0.209,0.196,1153100032.0,1603600000.0,36.02,1.6,0.78,42.51,813524992.0,1117900032.0,0.0108,0.0252,0.0141,0.3202,238.62,226.6,249.0,187.0,hold,2.94,0.43,239.67,181.32,228.27,213.4,2.87,0.03
CBRE,2025-07-21,"CBRE Group, Inc.",Real Estate,Real Estate Services,United States,https://www.cbre.com,41576701952.0,49527894016.0,291465730.0,298104992.0,42.78,23.24,1.13,4.97,21.95,1.35,0.1961,0.0614,0.031,0.0274,0.12,0.04,36742000640.0,0.123,3.26,6.0,0.317,0.294,1382000000.0,9041999872.0,100.42,1.0,0.8,28.06,1163250048.0,1654000000.0,0.0,0.0,0.0,0.0,139.47,145.26,170.0,114.13,buy,2.0,1.29,147.75,96.38,132.76,131.62,2.24,0.02
CCI,2025-07-21,Crown Castle Inc.,Real Estate,REIT - Specialty,United States,https://www.crowncastle.com,45784158208.0,74349682688.0,434413707.0,435459008.0,,39.23,7.03,-36.51,18.85,11.41,0.7171,0.6055,0.4929,-0.718,-1.63,0.04,6514999808.0,-0.048,-9.01,2.68,,,60000000.0,29674999808.0,,0.37,0.12,-2.88,1286625024.0,2984999936.0,0.0414,0.0425,0.0447,2.2199,105.14,114.12,125.0,97.0,buy,2.25,0.9,120.92,84.2,101.38,100.15,2.45,0.02
CCL,2025-07-21,Carnival Corporation & plc,Consumer Cyclical,Travel Services,United States,https://www.carnivalcorp.com,40066252800.0,64634404864.0,1266746466.0,1167399936.0,15.47,17.18,1.54,3.87,9.48,2.49,0.547,0.2624,0.1476,0.0972,0.3,0.05,25972000768.0,0.095,1.91,1.72,4.939,5.141,2146000000.0,28653000704.0,286.33,0.34,0.24,7.63,2056000000.0,5432999936.0,0.0,0.0,0.0421,0.0,29.55,30.69,35.0,24.0,buy,1.62,2.58,30.46,13.78,24.98,23.25,2.88,0.06
CDNS,2025-07-21,"Cadence Design Systems, Inc.",Technology,Software - Application,United States,https://www.cadence.com,86163857408.0,83707666432.0,272023553.0,273041984.0,80.09,46.07,17.68,18.04,48.94,17.17,0.8586,0.3509,0.2909,0.2218,0.26,0.13,4874527232.0,0.231,3.94,6.85,0.099,0.105,2907380992.0,2477158912.0,51.86,3.07,2.74,17.49,1264132736.0,1494339968.0,0.0,0.0,0.0,0.0,315.57,320.2,365.0,200.0,buy,1.74,0.98,330.09,221.56,308.45,288.66,1.8,0.02
CDW,2025-07-21,CDW Corporation,Technology,Information Technology Services,United States,https://www.cdw.com,23649308672.0,29166850048.0,131209767.0,131685000.0,22.28,17.75,1.11,10.18,14.69,1.37,0.2186,0.0931,0.0695,0.051,0.49,0.08,21325099008.0,0.067,8.06,10.12,0.063,0.041,688099968.0,6337299968.0,272.8,1.32,1.15,17.64,957524992.0,1124499968.0,0.014,0.025,0.0113,0.3086,179.59,208.83,235.0,180.0,none,,0.94,237.48,137.31,179.55,182.11,3.22,0.03
CEG,2025-07-21,Constellation Energy Corporation,Utilities,Utilities - Renewable,United States,https://www.constellationenergy.com,100738490368.0,108048588800.0,312621290.0,313416992.0,33.91,35.91,4.16,7.77,16.51,4.47,0.2311,0.2706,0.0645,0.1233,0.24,0.05,24195000320.0,0.102,9.48,8.95,-0.864,-0.866,1846000000.0,8358000128.0,62.68,1.47,0.98,41.34,3761374976.0,-1634000000.0,0.0048,0.0155,0.0,0.1523,321.42,312.12,385.0,184.05,buy,1.81,1.16,352.0,155.6,303.35,263.99,2.26,0.03
CF,2025-07-21,"CF Industries Holdings, Inc.",Basic Materials,Agricultural Inputs,United States,https://www.cfindustries.com,15006986240.0,19311923200.0,160548695.0,162010000.0,12.25,14.99,2.45,3.19,6.93,3.15,0.3621,0.4544,0.2868,0.218,0.21,0.09,6128999936.0,0.131,7.56,6.18,0.796,0.608,1406000000.0,3296000000.0,45.17,2.59,2.12,29.03,1633874944.0,2412000000.0,0.0217,0.02,0.0223,0.2646,92.63,89.01,110.0,75.0,hold,2.86,0.96,104.45,67.34,92.3,85.87,3.22,0.06
CFG,2025-07-21,"Citizens Financial Group, Inc.",Financial Services,Banks - Regional,United States,https://www.citizensbank.com,21023918080.0,21729798144.0,429568480.0,432768992.0,14.81,12.55,2.95,0.91,,3.05,0.0,0.0,0.2626,0.2175,0.06,0.01,7116000256.0,-0.003,3.28,3.87,0.185,0.117,12986000384.0,13196999680.0,,,,53.43,,1234000000.0,0.0375,0.0168,0.0442,0.5333,48.58,47.74,57.0,41.0,buy,1.9,1.07,49.68,32.6,42.8,43.03,2.33,0.03
CHD,2025-07-21,"Church & Dwight Co., Inc.",Consumer Defensive,Household & Personal Products,United States,https://www.churchdwight.com,23790356480.0,24999815168.0,245634551.0,246276992.0,41.46,25.9,3.92,5.23,18.31,4.12,0.4551,0.2249,0.2013,0.0952,0.13,0.08,6070900224.0,-0.024,2.33,3.73,-0.043,-0.033,1074499968.0,2404600064.0,52.84,1.95,1.38,18.48,764049984.0,1078899968.0,0.0123,0.0118,0.0113,0.492,96.6,100.39,120.0,71.12,hold,2.58,0.52,116.46,90.99,96.79,103.31,2.91,0.03
CHRW,2025-07-21,"C.H. Robinson Worldwide, Inc.",Industrials,Integrated Freight & Logistics,United States,https://www.chrobinson.com,11573898240.0,12991050752.0,118376805.0,118731000.0,23.26,20.48,0.67,6.68,16.16,0.75,0.079,0.0463,0.0456,0.0293,0.32,0.09,17359384576.0,-0.083,4.19,4.76,0.426,0.456,129942000.0,1728790016.0,99.66,1.29,1.24,14.58,553985856.0,648937984.0,0.0258,0.0248,0.0239,0.5895,97.48,109.72,130.0,71.0,buy,2.22,0.91,114.82,84.68,96.08,100.75,5.0,0.06
CHTR,2025-07-21,"Charter Communications, Inc.",Communication Services,Telecom Services,United States,https://corporate.charter.com,52202823680.0,156418293760.0,75319444.0,136628000.0,10.66,10.68,0.95,3.3,7.06,2.84,0.5506,0.4017,0.2446,0.0942,0.33,0.06,55140999168.0,0.004,35.84,35.78,0.115,0.1,796000000.0,95557001216.0,465.63,0.36,0.3,115.75,3570749952.0,15454000128.0,0.0,0.0,0.0,0.0,382.08,434.27,600.0,273.0,buy,2.48,1.08,437.06,304.76,400.44,369.25,8.73,0.16
CI,2025-07-21,The Cigna Group,Healthcare,Healthcare Plans,United States,https://www.cigna.com,78996856832.0,109886996480.0,265860313.0,267143008.0,16.47,9.44,0.31,1.98,9.58,0.43,0.1025,0.0449,0.0364,0.0197,0.13,0.04,255368003584.0,0.144,17.95,31.32,,,9061000192.0,30448001024.0,75.34,0.78,0.65,149.04,7582125056.0,7442999808.0,0.0183,0.0604,0.0131,0.3183,295.71,375.34,407.0,330.6,buy,1.72,0.45,370.83,262.03,314.94,314.18,1.6,0.01
CINF,2025-07-21,Cincinnati Financial Corporation,Financial Services,Insurance - Property & Casualty,United States,https://www.cinfin.com,23559700480.0,23044732928.0,153332278.0,156304000.0,16.42,20.56,2.15,1.72,11.68,2.1,0.179,0.1799,-0.0448,0.1319,0.11,0.03,10968000512.0,-0.126,9.18,7.33,,,1110000000.0,878000000.0,6.4,1.09,0.86,87.77,1229624960.0,2606000128.0,0.0234,0.0348,0.0248,0.3595,150.73,152.83,165.0,134.0,buy,2.43,0.79,161.75,115.43,147.91,143.63,3.49,0.01
CL,2025-07-21,Colgate-Palmolive Company,Consumer Defensive,Household & Personal Products,United States,https://www.colgatepalmolive.com,70376865792.0,80995188736.0,760084924.0,810419968.0,24.6,22.5,3.53,193.84,16.66,4.06,0.6081,0.2437,0.2177,0.1452,4.51,0.16,19946999808.0,-0.03,3.53,3.86,0.024,0.01,1311000064.0,8269000192.0,1128.1,0.85,0.44,0.45,2880124928.0,4025999872.0,0.0229,0.0208,0.0228,0.5666,86.84,98.31,110.0,84.18,buy,2.24,0.38,109.3,85.32,90.33,92.08,2.43,0.02
CLX,2025-07-21,The Clorox Company,Consumer Defensive,Household & Personal Products,United States,https://www.thecloroxcompany.com,15821986816.0,17679964160.0,122920024.0,123253000.0,23.05,17.61,2.25,586.16,14.02,2.52,0.4508,0.1797,0.1445,0.0989,3.19,0.12,7018999808.0,-0.08,5.57,7.29,,,226000000.0,2944000000.0,1549.47,0.74,0.38,0.22,1120875008.0,1027000000.0,0.0406,0.048799999999999996,0.0298,0.8725,128.37,147.74,189.0,119.0,hold,2.9,0.53,171.37,117.35,128.01,148.53,2.94,0.04
CMCSA,2025-07-21,Comcast Corporation,Communication Services,Telecom Services,United States,https://corporate.comcast.com,128962002944.0,224446889984.0,3695022754.0,3724260096.0,8.51,7.89,1.04,1.49,5.86,1.82,0.7036,0.3097,0.1901,0.1271,0.18,0.05,123560001536.0,-0.006,4.06,4.38,-0.082,-0.125,8593000448.0,99122003968.0,113.54,0.64,0.51,23.14,9956500480.0,28118999040.0,0.037,0.0132,0.0255,0.3103,34.54,39.99,50.0,30.0,buy,2.3,0.95,45.31,31.44,34.97,37.34,2.3,0.01
CME,2025-07-21,CME Group Inc.,Financial Services,Financial Data & Stock Exchanges,United States,https://www.cmegroup.com,98990620672.0,101599518720.0,358852943.0,360356000.0,27.64,26.49,15.78,3.65,22.99,16.19,1.0,0.7043,0.6759,0.5781,0.13,0.02,6274100224.0,0.104,9.94,10.37,0.115,0.118,1519200000.0,3796499968.0,14.04,1.02,0.02,75.16,2680800000.0,3914400000.0,0.0181,0.05,0.0343,1.0563,274.7,271.59,305.0,211.0,hold,2.61,0.48,290.79,193.25,276.35,250.96,2.53,0.02
CMG,2025-07-21,"Chipotle Mexican Grill, Inc.",Consumer Cyclical,Restaurants,United States,https://www.chipotle.com,72663121920.0,78872846336.0,1338080662.0,1347360000.0,47.73,41.17,6.33,20.85,33.66,6.87,0.4028,0.204,0.173,0.1359,0.46,0.14,11487257600.0,0.064,1.13,1.31,0.077,0.076,1414722048.0,4633078784.0,132.72,1.52,1.39,2.59,1160955648.0,2092916992.0,0.0,0.0,0.0,0.0,53.93,57.75,65.0,45.94,buy,1.77,1.06,66.74,44.46,52.76,55.27,2.16,0.02
CMI,2025-07-21,Cummins Inc.,Industrials,Specialty Industrial Machinery,United States,https://www.cummins.com,48269352960.0,52118728704.0,136946276.0,137755008.0,17.27,15.56,1.43,4.42,10.35,1.54,0.2558,0.1487,0.1248,0.082,0.26,0.08,33873000448.0,-0.027,20.29,22.52,-0.575,-0.587,2158000128.0,8114999808.0,67.79,1.34,0.68,79.3,-424875008.0,1208000000.0,0.0222,0.0728,0.0245,0.3517,350.4,353.21,460.0,260.0,hold,2.52,1.03,387.9,260.02,326.65,337.66,2.53,0.01
CMS,2025-07-21,CMS Energy Corporation,Utilities,Utilities - Regulated Electric,United States,https://www.cmsenergy.com,21512996864.0,38036291584.0,297056800.0,299124000.0,21.28,20.09,2.76,2.65,13.58,4.88,0.4262,0.3599,0.219,0.131,0.11,0.03,7785999872.0,0.125,3.38,3.58,0.052,0.059,465000000.0,16965999616.0,190.14,1.06,0.57,27.12,-1015124992.0,2414000128.0,0.0313,0.0217,0.0295,0.6176,71.92,75.27,83.0,59.0,buy,2.11,0.38,76.45,61.25,70.18,69.98,4.33,0.04
CNC,2025-07-21,Centene Corporation,Healthcare,Healthcare Plans,United States,https://www.centene.com,13908004864.0,28145891328.0,469926321.0,497603008.0,4.12,3.97,0.09,0.5,4.34,0.18,0.1435,0.0423,0.0449,0.0225,0.13,0.04,153265995776.0,0.166,6.78,7.04,0.218,0.127,17287000064.0,18319998976.0,65.38,1.11,1.07,56.11,2509374976.0,2120000000.0,0.0,0.0,0.0,0.0,27.95,76.5,92.0,61.0,buy,2.15,0.46,80.59,27.88,50.91,58.81,2.05,0.02
CNP,2025-07-21,"CenterPoint Energy, Inc.",Utilities,Utilities - Regulated Electric,United States,https://www.centerpointenergy.com,24307591168.0,44252241920.0,649366847.0,652728000.0,25.16,21.4,2.72,2.22,13.16,4.95,0.4514,0.3759,0.2212,0.108,0.09,0.03,8942999552.0,0.114,1.48,1.74,-0.182,-0.151,1916000000.0,22186999808.0,202.53,0.93,0.74,16.78,-1248875008.0,2011000064.0,0.024,0.0088,0.0268,0.5608,37.24,38.53,43.0,32.0,buy,2.44,0.58,39.31,25.41,36.7,33.9,5.04,0.06
COF,2025-07-21,Capital One Financial Corporation,Financial Services,Credit Services,United States,https://www.capitalone.com,139619532800.0,81300348928.0,370513174.0,639635008.0,18.34,13.94,4.93,1.42,,2.87,0.0,0.0,0.2287,0.1722,0.08,0.01,28308000768.0,0.136,11.9,15.66,0.102,0.097,50137001984.0,45076000768.0,,,,153.27,,19815999488.0,0.0113,0.024,0.0165,0.2017,218.28,222.3,264.0,160.0,buy,1.82,1.13,221.95,128.23,202.21,184.85,1.58,0.01
COIN,2025-07-21,"Coinbase Global, Inc.",Financial Services,Financial Data & Stock Exchanges,United States,https://www.coinbase.com,106920058880.0,85815123968.0,208486201.0,211407008.0,78.76,117.59,16.04,10.21,108.59,12.87,0.8525,0.1186,0.0148,0.2203,0.16,0.0,6665887744.0,0.235,5.33,3.57,-0.945,-0.944,8051168768.0,4594747904.0,43.89,2.52,1.2,41.12,305727264.0,1962631936.0,0.0,0.0,0.0,0.0,419.78,290.82,510.0,170.0,buy,2.18,3.62,444.65,142.58,296.07,251.83,0.87,0.06
COO,2025-07-21,"The Cooper Companies, Inc.",Healthcare,Medical Instruments & Supplies,United States,https://www.coopercos.com,14490628096.0,16940909568.0,198137863.0,199512992.0,35.09,17.8,3.63,1.75,15.08,4.25,0.672,0.2817,0.1844,0.1039,0.05,0.04,3988199936.0,0.063,2.07,4.08,-0.003,-0.014,116200000.0,2859599872.0,34.5,2.1,0.89,41.54,229675008.0,762400000.0,0.0,0.0,0.0002,0.0,72.63,93.03,105.0,76.0,buy,1.94,0.99,112.38,65.0,74.52,88.56,2.04,0.03
COP,2025-07-21,ConocoPhillips,Energy,Oil & Gas E&P,United States,https://www.conocophillips.com,115687251968.0,129837678592.0,1259948326.0,1262409984.0,11.61,11.41,1.96,1.77,5.07,2.2,0.4905,0.433,0.2668,0.1615,0.17,0.09,59090001920.0,0.185,7.89,8.03,0.037,0.117,7234999808.0,23783999488.0,36.46,1.27,1.02,51.68,8659749888.0,21254000640.0,0.0348,0.031200000000000002,0.0266,0.3954,91.64,116.07,141.0,95.0,buy,1.63,0.62,116.08,79.88,90.86,98.39,2.08,0.01
COR,2025-07-21,"Cencora, Inc.",Healthcare,Medical Distribution,United States,https://www.cencora.com,56764944384.0,66072428544.0,183411289.0,193823008.0,33.9,17.9,0.18,56.03,15.33,0.21,0.033,0.0139,0.0134,0.0055,1.42,0.03,310232186880.0,0.103,8.64,16.36,0.761,0.706,1978061056.0,9765555200.0,827.73,0.87,0.48,5.23,3878175488.0,4110426880.0,0.0073,0.022000000000000002,0.0118,0.2454,292.87,323.16,355.0,257.45,buy,1.82,0.57,309.35,218.65,292.15,260.32,4.82,0.06
COST,2025-07-21,Costco Wholesale Corporation,Consumer Defensive,Discount Stores,United States,https://www.costco.com,421724454912.0,432523706368.0,442261959.0,443476992.0,54.06,48.32,1.57,15.55,34.76,1.61,0.1278,0.0463,0.04,0.0292,0.32,0.09,268775997440.0,0.08,17.59,19.68,0.132,0.132,14849999872.0,8358000128.0,30.81,1.01,0.47,61.16,5910374912.0,12426000384.0,0.0053,0.052000000000000005,0.0064,0.2711,950.95,1056.36,1225.0,620.0,buy,2.03,0.99,1078.23,793.0,999.82,965.27,2.36,0.01
CPAY,2025-07-21,"Corpay, Inc.",Technology,Software - Infrastructure,United States,https://www.corpay.com,23405217792.0,30090749952.0,67920440.0,70493400.0,23.32,14.97,5.79,6.77,14.04,7.44,0.7816,0.53,0.4247,0.2515,0.3,0.06,4045005056.0,0.075,14.24,22.18,0.09,0.059,1583934976.0,8243302912.0,235.92,1.1,0.68,49.01,690412480.0,1516230016.0,0.0,0.0,0.0,0.0,332.02,393.22,445.0,330.0,buy,1.94,0.96,400.81,265.06,332.82,345.09,3.43,0.03
CPB,2025-07-21,The Campbell's Company,Consumer Defensive,Packaged Foods,United States,https://www.thecampbellscompany.com,9236066304.0,16261683200.0,244937622.0,298129984.0,20.65,9.09,0.9,2.39,8.77,1.59,0.3062,0.1814,0.1422,0.0444,0.12,0.06,10225000448.0,0.045,1.5,3.41,-0.5,-0.504,143000000.0,7264999936.0,187.63,0.78,0.28,12.99,681625024.0,1160000000.0,0.0509,0.015600000000000001,0.0325,1.0133,30.98,38.93,62.0,32.0,hold,2.86,0.11,52.81,29.39,33.0,39.39,4.75,0.11
CPRT,2025-07-21,"Copart, Inc.",Industrials,Specialty Business Services,United States,https://www.copart.com,44459716608.0,43185782784.0,886361419.0,966936000.0,30.45,26.43,9.68,5.06,22.68,9.41,0.4653,0.4147,0.3726,0.3221,0.18,0.12,4590859776.0,0.075,1.51,1.74,0.077,0.064,4384342016.0,101060000.0,1.15,8.15,6.99,9.08,873605888.0,1800494976.0,0.0,0.0,0.0,0.0,45.98,60.69,66.0,55.0,none,,1.1,64.38,45.52,52.2,55.82,2.51,0.02
CPT,2025-07-21,Camden Property Trust,Real Estate,REIT - Residential,United States,https://www.camdenliving.com,12172053504.0,15823821824.0,105038817.0,106838000.0,104.52,70.33,7.79,2.69,17.84,10.13,0.6153,0.5677,0.1911,0.0757,0.03,0.02,1562268032.0,0.018,1.09,1.62,-0.537,-0.537,26182000.0,3738170880.0,79.75,0.04,0.03,42.39,687080000.0,787203008.0,0.0373,0.042,0.0322,3.7982,113.93,129.77,142.0,120.0,buy,2.32,0.8,127.69,102.35,115.74,117.36,2.63,0.03
CRL,2025-07-21,"Charles River Laboratories International, Inc.",Healthcare,Diagnostics & Research,United States,https://www.criver.com,7587393024.0,10259750912.0,48532708.0,49115700.0,,15.03,1.89,2.38,11.54,2.55,0.3469,0.2209,0.1362,-0.0049,-0.01,0.04,4022597120.0,-0.027,-0.6,10.28,-0.615,-0.622,229356000.0,2989334016.0,92.21,1.43,0.94,65.04,625616896.0,776385984.0,0.0,0.0,0.0,0.0,154.48,156.14,200.0,70.0,hold,2.68,1.48,254.15,91.86,146.94,164.47,2.93,0.06
CRM,2025-07-21,"Salesforce, Inc.",Technology,Software - Application,United States,https://www.salesforce.com,250835288064.0,255303647232.0,930704240.0,956000000.0,41.0,23.57,6.5,4.14,22.78,6.62,0.7734,0.2904,0.2012,0.1608,0.1,0.05,38591000576.0,0.076,6.4,11.13,0.019,0.005,17408000000.0,12019999744.0,19.81,1.07,0.9,63.33,14429875200.0,13320999936.0,0.0061,0.0166,0.0,0.2529,262.38,352.92,440.0,225.0,buy,1.65,1.38,369.0,230.0,271.2,296.92,1.68,0.02
CRWD,2025-07-21,"CrowdStrike Holdings, Inc.",Technology,Software - Infrastructure,United States,https://www.crowdstrike.com,118632079360.0,123155972096.0,244577263.0,249248000.0,,111.47,28.68,34.35,-9626.83,29.78,0.7448,-0.0031,-0.107,-0.0417,-0.06,-0.01,4136022016.0,0.198,-0.71,4.27,,,4614153216.0,785398016.0,22.5,1.85,1.65,13.86,1310727424.0,1382605952.0,0.0,0.0,0.0,0.0,475.96,478.68,610.0,330.0,buy,1.92,1.16,517.98,200.81,470.8,388.33,2.15,0.04
CSCO,2025-07-21,"Cisco Systems, Inc.",Technology,Communication Equipment,United States,https://www.cisco.com,269478019072.0,289097678848.0,3953701783.0,3960000000.0,27.78,17.45,4.84,5.87,19.61,5.2,0.6524,0.265,0.233,0.176,0.21,0.06,55623000064.0,0.114,2.45,3.9,0.348,0.321,16391999488.0,30744999936.0,66.93,0.95,0.71,11.6,11596375040.0,13688999936.0,0.0236,0.016399999999999998,0.03,0.6571,68.05,70.18,80.0,56.0,buy,1.92,0.88,69.78,44.5,65.45,60.51,2.08,0.01
CSGP,2025-07-21,"CoStar Group, Inc.",Real Estate,Real Estate Services,United States,https://www.costargroup.com,35733827584.0,31072886784.0,416237591.0,421887008.0,302.5,75.62,12.71,4.19,169.61,11.05,0.7971,0.0652,-0.0344,0.0417,0.01,0.0,2812000000.0,0.115,0.28,1.12,,,3966400000.0,1119600000.0,13.08,6.01,5.77,20.22,85037504.0,306200000.0,0.0,0.0,0.0,0.0,84.7,88.47,105.0,65.0,buy,2.06,0.87,86.45,68.26,79.23,76.97,5.86,0.05
CSX,2025-07-21,CSX Corporation,Industrials,Railroads,United States,https://www.csx.com,64603332608.0,79879954432.0,1874469426.0,1878550016.0,20.47,16.94,4.52,5.31,11.77,5.59,0.4754,0.4754,0.3062,0.2266,0.26,0.07,14282000384.0,-0.07,1.68,2.03,-0.244,-0.266,1147000064.0,19725000704.0,162.01,0.88,0.73,6.48,2121124992.0,5436000256.0,0.0159,0.0052,0.0128,0.2917,34.39,33.12,41.0,27.0,buy,2.07,1.24,37.1,26.22,32.07,32.19,1.83,0.02
CTAS,2025-07-21,Cintas Corporation,Industrials,Specialty Business Services,United States,https://www.cintas.com,89430278144.0,92440412160.0,343101820.0,402948000.0,50.56,47.42,8.82,19.09,34.7,9.11,0.4992,0.2627,0.2337,0.1753,0.4,0.16,10143464448.0,0.084,4.39,4.68,0.177,0.166,243428000.0,2691842048.0,58.62,1.72,0.85,11.63,1619095040.0,2223195904.0,0.007,0.015600000000000001,0.0093,0.35,221.94,212.67,250.0,163.0,hold,2.7,1.06,229.24,180.78,220.66,208.94,2.95,0.01
CTRA,2025-07-21,Coterra Energy Inc.,Energy,Oil & Gas E&P,United States,https://www.coterra.com,18615934976.0,23715557376.0,751155425.0,763260992.0,14.26,10.47,3.21,1.31,6.64,4.09,0.7442,0.616,0.3691,0.2215,0.09,0.05,5801999872.0,0.405,1.71,2.33,0.449,0.466,186000000.0,4521999872.0,31.77,0.9,0.83,18.62,1317874944.0,3083000064.0,0.0347,0.0088,0.0441,0.4971,24.39,33.14,40.0,26.0,buy,1.73,0.33,29.95,22.3,25.15,25.92,3.93,0.04
CTSH,2025-07-21,Cognizant Technology Solutions Corporation,Technology,Information Technology Services,United States,https://www.cognizant.com,37305851904.0,37651259392.0,491532149.0,492942016.0,15.93,15.17,1.86,2.5,10.47,1.87,0.3425,0.1789,0.1546,0.1173,0.17,0.1,20091000832.0,0.075,4.75,4.99,0.22,0.214,1992000000.0,1179000064.0,7.91,2.22,1.83,30.22,1986499968.0,2428999936.0,0.0159,0.0124,0.0147,0.2547,75.68,87.21,103.0,79.0,hold,2.67,0.98,90.82,65.52,79.16,78.66,5.85,0.05
CTVA,2025-07-21,"Corteva, Inc.",Basic Materials,Agricultural Inputs,United States,https://www.corteva.com,49832517632.0,53158129664.0,680560079.0,682169984.0,44.01,22.76,2.96,2.05,15.97,3.16,0.4463,0.1977,0.1859,0.0677,0.05,0.03,16833000448.0,-0.017,1.66,3.21,0.595,0.556,2008999936.0,4083000064.0,16.65,1.44,0.9,35.56,2847500032.0,2644999936.0,0.0091,0.0068000000000000005,0.0115,0.4036,73.05,74.44,92.0,60.0,buy,1.71,0.75,77.41,50.3,71.84,63.27,1.93,0.01
CVS,2025-07-21,CVS Health Corporation,Healthcare,Healthcare Plans,United States,https://www.cvshealth.com,78380638208.0,156001042432.0,1262400839.0,1265020032.0,14.79,9.56,0.21,1.02,11.18,0.41,0.1354,0.037,0.035,0.014,0.07,0.02,376741003264.0,0.069,4.19,6.48,0.602,0.598,12654000128.0,81212997632.0,105.32,0.82,0.59,60.96,6530874880.0,8760000512.0,0.0386,0.026600000000000002,0.0313,0.6348,61.96,79.73,95.0,71.0,buy,1.79,0.56,72.51,43.56,64.83,60.81,2.22,0.02
CVX,2025-07-21,Chevron Corporation,Energy,Oil & Gas Integrated,United States,https://www.chevron.com,259903782912.0,275940147200.0,1622522185.0,1732230016.0,17.15,13.59,1.33,1.76,7.17,1.41,0.3894,0.1973,0.106,0.0803,0.1,0.05,195112992768.0,-0.01,8.75,11.04,-0.327,-0.364,4642999808.0,29681000448.0,19.78,1.08,0.68,85.46,13518749696.0,29852999680.0,0.0478,0.0684,0.0436,0.7543,150.04,163.53,186.0,124.0,buy,2.12,0.8,168.96,132.04,143.62,150.18,7.48,0.04
CZR,2025-07-21,"Caesars Entertainment, Inc.",Consumer Cyclical,Resorts & Casinos,United States,https://www.caesars.com,6224482304.0,31211214848.0,197280637.0,207968000.0,,22.34,0.55,1.57,8.6,2.76,0.5171,0.3212,0.1754,-0.0208,-0.04,0.04,11297000448.0,0.019,-1.1,1.34,,,884000000.0,25965000704.0,606.8,0.84,0.62,19.12,21125000.0,1212999936.0,0.0,0.0,0.0,0.0,29.93,44.26,62.0,28.0,buy,1.53,2.31,45.93,21.4,28.49,33.01,5.29,0.14
D,2025-07-21,"Dominion Energy, Inc.",Utilities,Utilities - Regulated Electric,United States,https://www.dominionenergy.com,49538629632.0,96702726144.0,850897376.0,852790976.0,22.43,17.19,3.32,1.88,13.18,6.49,0.4871,0.4922,0.3342,0.1563,0.08,0.03,14903000064.0,0.122,2.59,3.38,0.488,0.465,452000000.0,44607000576.0,145.2,0.73,0.32,30.92,-2503249920.0,4219000064.0,0.0472,0.026699999999999998,0.0449,1.0309,58.09,58.26,61.0,51.96,hold,2.89,0.56,61.97,48.07,56.04,55.75,4.26,0.03
DAL,2025-07-21,"Delta Air Lines, Inc.",Industrials,Airlines,United States,https://www.delta.com,36754440192.0,51568635904.0,645361157.0,652947968.0,8.18,8.02,0.59,2.09,6.49,0.83,0.2153,0.1284,0.0392,0.0591,0.28,0.05,61935001600.0,0.021,6.88,7.02,5.4,5.486,3711000064.0,23380000768.0,151.36,0.38,0.25,26.89,1395000064.0,7994999808.0,0.0153,0.0075,0.023,0.0975,56.29,58.69,88.0,36.0,strong_buy,1.5,1.51,69.98,34.74,50.3,54.65,2.44,0.04
DASH,2025-07-21,"DoorDash, Inc.",Consumer Cyclical,Internet Retail,United States,https://www.doordash.com,101346852864.0,99173163008.0,363623309.0,398680992.0,302.75,134.37,9.02,12.08,187.12,8.82,0.5024,0.0472,0.0567,0.0302,0.04,0.01,11240999936.0,0.207,0.79,1.78,,,5816999936.0,527000000.0,6.28,1.72,1.47,19.8,1858125056.0,2214000128.0,0.0,0.0,0.0,0.0,239.17,224.09,280.0,179.0,buy,1.8,1.67,248.74,99.32,219.34,187.46,4.03,0.04
DAY,2025-07-21,Dayforce Inc,Technology,Software - Application,United States,https://www.dayforce.com,9313068032.0,9529712640.0,156672256.0,159880992.0,364.06,26.36,5.14,3.6,40.81,5.26,0.5035,0.129,0.0544,0.0143,0.01,0.01,1810300032.0,0.117,0.16,2.21,1.25,1.099,557299968.0,1231200000.0,47.5,1.02,0.14,16.2,267812496.0,321600000.0,0.0,0.0,0.0,0.0,58.25,67.27,95.0,47.0,buy,2.11,1.12,82.69,48.0,57.7,64.24,3.35,0.07
DD,2025-07-21,"DuPont de Nemours, Inc.",Basic Materials,Specialty Chemicals,United States,https://www.dupont.com,31617601536.0,34956824576.0,417138584.0,418499008.0,2518.33,17.21,2.53,1.38,11.0,2.79,0.3706,0.2538,0.1621,-0.006,0.0,0.03,12520999936.0,0.046,0.03,4.39,,,1762000000.0,7580000256.0,32.58,1.4,0.87,54.56,1822625024.0,1736000000.0,0.0239,0.016399999999999998,0.019,51.6667,75.55,85.8,113.0,47.0,strong_buy,1.42,1.03,90.06,53.77,69.68,75.64,1.54,0.01
DDOG,2025-07-21,"Datadog, Inc.",Technology,Software - Application,United States,https://www.datadoghq.com,50083090432.0,43818921984.0,312669001.0,319497984.0,315.26,71.44,17.67,17.15,565.27,15.46,0.8015,0.0274,-0.0163,0.0585,0.06,0.0,2834575104.0,0.246,0.46,2.03,-0.417,-0.422,4449674240.0,1877296000.0,64.36,2.74,2.66,8.46,791019904.0,929873984.0,0.0,0.0,0.0,0.0,145.02,139.28,200.0,115.0,buy,1.57,1.0,170.08,81.63,125.87,125.93,1.73,0.02
DE,2025-07-21,Deere & Company,Industrials,Farm & Heavy Construction Machinery,United States,https://www.deere.com/en,135364755456.0,198049841152.0,270233944.0,270827008.0,24.16,22.54,2.98,5.57,21.28,4.36,0.2822,0.205,0.1855,0.1245,0.24,0.04,45383999488.0,-0.162,20.69,22.17,-0.222,-0.239,6862000128.0,67107999744.0,275.28,2.14,1.92,89.68,4988000256.0,8855000064.0,0.0127,0.06480000000000001,0.0122,0.2986,499.82,548.72,750.0,460.0,buy,2.32,1.1,533.78,340.2,510.99,462.13,2.98,0.01
DECK,2025-07-21,Deckers Outdoor Corporation,Consumer Cyclical,Footwear & Accessories,United States,https://www.deckers.com,15229023232.0,13790142464.0,148358442.0,149436000.0,16.1,16.02,3.05,6.09,11.01,2.77,0.5788,0.2513,0.1744,0.1938,0.42,0.22,4985611776.0,0.065,6.33,6.36,0.204,0.187,1889187968.0,276975008.0,11.02,3.72,2.93,16.73,780141632.0,1044523008.0,0.0,0.0,0.0,0.0,101.91,127.32,169.0,100.0,none,,1.02,223.98,93.72,109.35,148.1,1.46,0.07
DELL,2025-07-21,Dell Technologies Inc.,Technology,Computer Hardware,United States,https://www.dell.com,88768380928.0,105151946752.0,307498446.0,340672992.0,20.57,13.96,0.92,-29.64,10.62,1.09,0.2222,0.1024,0.0554,0.0472,,0.05,96700997632.0,0.051,6.38,9.4,0.0,-0.032,7701000192.0,29625999360.0,,0.85,0.53,-4.43,1893874944.0,6273999872.0,0.0171,0.021,0.0,0.2915,131.24,135.63,155.0,104.0,buy,1.6,1.09,147.66,66.25,116.01,112.32,3.11,0.07
DFS,2025-05-13,Discover Financial Services,Financial Services,Credit Services,United States,https://www.discover.com,51354828800.0,55079903232.0,250181206.0,251652992.0,10.9,16.08,3.85,2.87,,4.13,0.9436,0.0,0.4802,0.3588,0.28,0.03,13342999552.0,0.129,18.73,12.69,0.305,0.297,11868999680.0,14538000384.0,76.67,1.04,1.03,71.16,,8714000384.0,0.0147,0.0279999999999999,0.0214,0.1496,204.07,198.69,244.0,153.0,buy,2.41,1.15,207.41,119.95,170.72,164.13,2.12,0.02
DG,2025-07-21,Dollar General Corporation,Consumer Defensive,Discount Stores,United States,https://www.dollargeneral.com,24227616768.0,41339670528.0,218635751.0,220071008.0,21.01,17.7,0.59,3.14,13.95,1.0,0.298,0.072,0.0552,0.028,0.16,0.04,41134264320.0,0.053,5.24,6.22,0.079,0.079,850017984.0,17018013696.0,220.91,1.23,0.14,35.01,1635128448.0,3179412992.0,0.0206,0.0236,0.0137,0.4504,110.09,114.77,135.0,80.0,buy,2.39,0.27,126.98,66.43,106.72,86.48,2.01,0.04
DGX,2025-07-21,Quest Diagnostics Incorporated,Healthcare,Diagnostics & Research,United States,https://www.questdiagnostics.com,18632998912.0,26555080704.0,111063898.0,111635000.0,21.1,17.1,1.83,2.7,13.45,2.61,0.3304,0.1944,0.1388,0.0883,0.14,0.06,10158000128.0,0.121,7.91,9.76,0.128,0.134,188000000.0,6576000000.0,93.37,1.44,1.1,61.87,817625024.0,1494000000.0,0.0178,0.032,0.0187,0.4804,166.91,183.92,200.0,158.69,buy,2.16,0.49,182.38,137.71,174.93,164.82,3.57,0.04
DHI,2025-07-21,"D.R. Horton, Inc.",Consumer Cyclical,Residential Construction,United States,https://www.drhorton.com,40486457344.0,44543111168.0,274656939.0,307180992.0,9.99,8.27,1.15,1.67,7.9,1.26,0.2419,0.1597,0.136,0.1215,0.18,0.1,35315298304.0,-0.151,13.19,15.93,-0.267,-0.309,2202299904.0,6611999744.0,26.6,6.94,0.59,78.82,1288112512.0,2870400000.0,0.0124,0.016,0.0093,0.1061,131.8,144.33,180.0,105.0,buy,2.45,1.37,199.85,110.44,125.94,141.53,2.39,0.03
DHR,2025-07-21,Danaher Corporation,Healthcare,Diagnostics & Research,United States,https://www.danaher.com,136013086720.0,156965371904.0,636860058.0,715670016.0,36.76,22.68,5.71,2.67,21.03,6.59,0.598,0.3134,0.2249,0.1581,0.07,0.04,23819999232.0,-0.009,5.17,8.38,-0.09,-0.123,1992999936.0,17577000960.0,34.56,1.43,0.95,71.06,4234749952.0,6248000000.0,0.0065,0.0128,0.0038,0.219,190.05,247.57,310.0,210.0,strong_buy,1.38,0.8,281.7,171.0,196.08,218.58,2.09,0.01
DIS,2025-07-21,The Walt Disney Company,Communication Services,Entertainment,United States,https://thewaltdisneycompany.com,218282803200.0,264402518016.0,1795391263.0,1797750016.0,24.73,23.58,2.32,2.1,13.83,2.81,0.371,0.2033,0.1512,0.0948,0.09,0.04,94039998464.0,0.07,4.91,5.15,,,5852000256.0,42888998912.0,39.43,0.67,0.54,57.93,9386999808.0,18077999104.0,0.0081,0.01,0.0138,0.1939,121.42,127.05,148.0,79.0,buy,1.69,1.55,124.69,80.1,116.25,106.45,2.01,0.01
DLR,2025-07-21,"Digital Realty Trust, Inc.",Real Estate,REIT - Specialty,United States,https://www.digitalrealty.com,61072232448.0,77422092288.0,314650817.0,336791008.0,166.34,147.09,11.06,2.91,31.11,14.03,0.5413,0.4509,0.1629,0.0781,0.02,0.01,5519691776.0,0.065,1.07,1.21,-0.67,-0.609,2343777024.0,18438764544.0,79.55,1.66,1.36,61.07,1393827072.0,2308286976.0,0.028,0.048799999999999996,0.0345,4.6038,177.98,186.4,220.0,139.0,buy,1.86,0.98,198.0,129.95,172.11,168.26,4.41,0.03
DLTR,2025-07-21,"Dollar Tree, Inc.",Consumer Defensive,Discount Stores,United States,https://www.dollartree.com,22981603328.0,27569233920.0,196245025.0,208696000.0,21.72,18.17,1.27,5.93,13.28,1.53,0.3583,0.115,0.0828,-0.1655,0.19,0.05,18049300480.0,0.113,5.07,6.06,0.167,0.144,1007400000.0,7907400192.0,202.5,1.04,0.12,18.58,1202599936.0,2649799936.0,0.0,0.0,0.0,0.0,110.12,95.74,111.0,70.0,buy,2.33,0.84,111.03,60.49,96.02,77.42,3.09,0.08
DOC,2025-07-21,"Healthpeak Properties, Inc.",Real Estate,REIT - Healthcare Facilities,United States,https://www.healthpeak.com,12727490560.0,21919518720.0,691946230.0,694732032.0,44.68,73.28,4.55,1.56,13.63,7.84,0.6359,0.5752,0.1885,0.0999,0.03,0.02,2796777984.0,0.159,0.41,0.25,5.0,5.415,84139000.0,9183536128.0,103.85,1.68,0.66,11.72,753127744.0,1197362048.0,0.0697,0.012199999999999999,0.052,2.939,18.32,22.62,29.0,18.0,none,,1.01,23.26,16.64,17.56,19.81,3.27,0.04
DOV,2025-07-21,Dover Corporation,Industrials,Specialty Industrial Machinery,United States,https://www.dovercorporation.com,25808457728.0,26289115136.0,136355777.0,137104000.0,25.07,20.0,3.34,3.62,15.78,3.4,0.3928,0.2156,0.1636,0.2971,0.17,0.07,7728248832.0,-0.009,7.51,9.41,-0.63,-0.635,1805319936.0,2972802048.0,41.65,2.13,1.49,52.06,922395776.0,738398976.0,0.0112,0.0206,0.0135,0.2733,188.24,202.31,230.0,168.0,buy,2.0,1.27,222.31,143.04,182.01,187.41,2.12,0.02
DOW,2025-07-21,Dow Inc.,Basic Materials,Chemicals,United States,https://www.dow.com,20032468992.0,35671699456.0,705030966.0,706862016.0,70.85,9.11,0.47,1.19,7.89,0.84,0.0956,0.106,0.0064,0.0069,0.02,0.02,42630000640.0,-0.031,0.4,3.11,,,1474000000.0,17920999424.0,103.62,1.54,0.6,23.75,-583000000.0,2540999936.0,0.1057,0.027999999999999997,0.0555,7.0,28.34,34.77,56.0,22.0,hold,2.75,0.88,55.67,25.06,28.8,37.6,3.92,0.05
DPZ,2025-07-21,"Domino's Pizza, Inc.",Consumer Cyclical,Restaurants,United States,https://ir.dominos.com,15954827264.0,21400197120.0,33254603.0,34241500.0,26.73,26.41,3.37,-4.13,22.89,4.52,0.2844,0.1975,0.1806,0.1284,,0.3,4733825024.0,0.031,17.43,17.64,0.301,0.215,295352000.0,5299667968.0,,0.6,0.36,-112.88,474226624.0,680508992.0,0.0154,0.0696,0.0108,0.3595,465.95,505.35,594.0,340.0,buy,1.97,1.12,500.55,396.06,467.06,453.28,3.01,0.05
DRI,2025-07-21,"Darden Restaurants, Inc.",Consumer Cyclical,Restaurants,United States,https://www.darden.com,24521627648.0,33033687040.0,116655020.0,117026000.0,23.6,19.84,2.03,10.62,17.14,2.74,0.2188,0.1596,0.1317,0.0869,0.46,0.07,12076699648.0,0.106,8.88,10.56,0.003,-0.014,240000000.0,7749400064.0,335.28,0.42,0.15,19.74,1038849984.0,1698499968.0,0.0275,0.06,0.0272,0.6306,209.54,229.61,255.0,147.17,buy,2.03,0.74,228.27,138.21,213.33,190.59,2.99,0.05
DTE,2025-07-21,DTE Energy Company,Utilities,Utilities - Regulated Electric,United States,https://www.dteenergy.com,28483645440.0,50897526784.0,206521682.0,207516000.0,18.55,19.04,2.09,2.39,14.71,3.73,0.3288,0.2534,0.1403,0.1125,0.13,0.03,13656999936.0,0.37,7.4,7.21,0.417,0.422,33000000.0,23437000704.0,196.5,0.87,0.46,57.45,-1550125056.0,3620999936.0,0.0329,0.0436,0.033,0.5703,137.26,141.1,154.0,124.0,buy,2.11,0.45,140.39,115.59,134.22,128.72,3.03,0.02
DUK,2025-07-21,Duke Energy Corporation,Utilities,Utilities - Regulated Electric,United States,https://www.duke-energy.com,92042772480.0,180819345408.0,775181831.0,777257024.0,19.64,18.68,3.02,1.85,12.14,5.93,0.5161,0.4883,0.2833,0.1562,0.09,0.03,30512001024.0,0.075,6.03,6.34,0.22,0.212,475000000.0,87480999936.0,168.9,0.77,0.3,63.96,-2420750080.0,12030999552.0,0.0354,0.0418,0.0397,0.6902,118.42,127.21,142.0,117.0,buy,2.2,0.36,125.27,105.2,116.72,115.25,3.37,0.01
DVA,2025-07-21,DaVita Inc.,Healthcare,Medical Care Facilities,United States,https://www.davita.com,10668449792.0,24490440704.0,38082955.0,75577000.0,14.0,12.53,0.82,-40.84,9.21,1.89,0.3246,0.2051,0.1344,0.0663,0.55,0.07,12968523776.0,0.05,10.08,11.27,-0.245,-0.32,511943008.0,12320337920.0,742.2,1.25,1.12,-3.46,1583755776.0,2336882944.0,0.0,0.0,0.0,0.0,141.16,159.15,186.0,145.0,hold,2.9,1.11,179.6,131.76,140.45,151.32,7.5,0.16
DVN,2025-07-21,Devon Energy Corporation,Energy,Oil & Gas E&P,United States,https://www.devonenergy.com,21092982784.0,28462200832.0,636488046.0,642099968.0,7.48,7.37,1.32,1.45,3.67,1.78,0.5244,0.4867,0.2363,0.1749,0.21,0.1,15943000064.0,0.216,4.39,4.46,-0.183,-0.171,1198000000.0,9006999552.0,60.97,1.08,0.89,22.58,-1608749952.0,6803999744.0,0.0302,0.0096,0.0518,0.2847,32.85,43.47,66.0,31.0,buy,1.79,1.06,47.51,25.89,32.75,34.93,2.19,0.03
DXCM,2025-07-21,"DexCom, Inc.",Healthcare,Medical Devices,United States,https://www.dexcom.com/global,32893855744.0,34108864512.0,389378433.0,392107008.0,63.08,41.33,7.93,14.51,39.76,8.22,0.5943,0.2068,0.129,0.129,0.24,0.06,4148000000.0,0.125,1.33,2.03,-0.258,-0.28,2701400064.0,2583200000.0,113.97,1.5,1.27,5.78,509037504.0,964099968.0,0.0,0.0,0.0,0.0,83.89,98.59,110.0,82.0,strong_buy,1.41,1.46,113.28,57.52,84.59,78.27,3.29,0.03
EA,2025-07-21,Electronic Arts Inc.,Communication Services,Electronic Gaming & Multimedia,United States,https://www.ea.com,37718441984.0,40017326080.0,225258057.0,251272000.0,35.32,17.6,5.05,5.93,20.65,5.36,0.7932,0.2597,0.2106,0.1502,0.16,0.08,7463000064.0,0.065,4.25,8.53,0.458,0.396,2248000000.0,2217999872.0,34.73,0.95,0.85,25.31,1655750016.0,2079000064.0,0.0048,0.0076,0.0,0.1788,150.11,167.2,210.0,127.0,buy,2.21,0.71,168.5,115.21,150.84,146.21,3.31,0.05
EBAY,2025-07-21,eBay Inc.,Consumer Cyclical,Internet Retail,United States,https://www.ebayinc.com,36010348544.0,36710060032.0,459031530.0,460844000.0,18.78,14.97,3.49,7.31,14.26,3.56,0.7185,0.2497,0.2383,0.1978,0.36,0.07,10311999488.0,0.011,4.16,5.22,0.245,0.148,4793999872.0,7177999872.0,145.01,1.17,1.07,10.69,3102249984.0,2585999872.0,0.0156,0.0116,0.0165,0.2644,78.14,67.34,79.0,50.0,hold,2.76,1.26,79.84,53.1,74.81,67.6,4.6,0.06
ECL,2025-07-21,Ecolab Inc.,Basic Materials,Specialty Chemicals,United States,https://www.ecolab.com,76194119680.0,82684641280.0,285413700.0,283512992.0,36.61,35.83,4.86,11.46,22.66,5.27,0.4374,0.2326,0.1472,0.1341,0.25,0.08,15684500480.0,0.178,7.34,7.5,,,1402400000.0,7000000000.0,103.92,1.32,0.91,23.46,1633100032.0,2533900032.0,0.0096,0.026000000000000002,0.0104,0.332,268.75,272.78,310.0,230.0,buy,2.23,1.04,274.17,220.96,264.28,252.75,1.94,0.01
ED,2025-07-21,"Consolidated Edison, Inc.",Utilities,Utilities - Regulated Electric,United States,https://www.conedison.com,36418719744.0,62011715584.0,359892592.0,360296000.0,18.68,17.99,2.31,1.53,11.08,3.93,0.5335,0.3549,0.2747,0.1199,0.08,0.03,15774000128.0,0.121,5.41,5.62,0.082,0.099,360000000.0,26215999488.0,110.23,1.28,0.88,66.06,-879875008.0,3878000128.0,0.0339,0.034,0.0362,0.6174,101.08,105.53,128.0,90.0,hold,3.0,0.26,114.87,87.28,102.13,100.8,2.71,0.03
EFX,2025-07-21,Equifax Inc.,Industrials,Consulting Services,United States,https://www.equifax.com,32675514368.0,37113704448.0,123573078.0,124199000.0,53.8,27.96,5.7,6.56,20.87,6.47,0.5644,0.3102,0.1635,0.1068,0.13,0.06,5733700096.0,0.038,4.89,9.41,0.06,0.066,195200000.0,4964100096.0,97.1,0.85,0.7,40.11,783900032.0,1295699968.0,0.0077,0.02,0.0072,0.3184,263.09,287.62,315.0,255.0,buy,1.91,1.63,309.63,199.98,264.6,258.51,3.45,0.03
EG,2025-07-21,"Everest Group, Ltd.",Financial Services,Insurance - Reinsurance,Bermuda,https://www.everestglobal.com,14167032832.0,13526427648.0,32163060.0,42534700.0,16.8,5.01,0.81,1.0,,0.78,0.0659,0.0,0.083,0.0488,0.06,0.01,17401999360.0,0.057,19.82,66.47,-0.71,-0.714,4515999744.0,3587000064.0,25.37,0.4,0.28,332.71,4593375232.0,4783000064.0,0.0235,0.08,0.0218,0.4038,333.07,398.58,489.0,350.0,buy,2.15,0.52,407.3,320.0,340.5,356.66,2.06,0.02
EIX,2025-07-21,Edison International,Utilities,Utilities - Regulated Electric,United States,https://www.edison.com,19676831744.0,61915803648.0,383828686.0,384764000.0,7.23,8.97,1.14,1.31,9.66,3.57,0.5295,0.3696,0.2346,0.1576,0.15,0.03,17332000768.0,-0.065,7.07,5.7,,,1318000000.0,39559999488.0,210.46,0.96,0.51,38.92,-1136125056.0,5194999808.0,0.0641,0.0331,0.0443,0.4547,51.14,69.14,86.0,50.5,buy,1.78,0.78,88.77,47.73,53.09,64.76,2.47,0.03
EL,2025-07-21,The Estée Lauder Companies Inc.,Consumer Defensive,Household & Personal Products,United States,https://www.elcompanies.com,31373971456.0,35818958848.0,233054528.0,234210000.0,,32.3,2.12,7.22,16.65,2.42,0.7393,0.1455,0.1084,-0.0589,-0.16,0.04,14785999872.0,-0.099,-2.42,2.7,-0.516,-0.518,2631000064.0,9381999616.0,215.93,1.41,0.89,12.08,1570625024.0,1560000000.0,0.0173,0.013999999999999999,0.0146,4.7143,87.21,72.0,120.0,51.9,hold,2.78,1.12,103.44,48.37,73.93,73.11,2.92,0.04
ELV,2025-07-21,"Elevance Health, Inc.",Healthcare,Healthcare Plans,United States,https://www.elevancehealth.com,62394572800.0,84347518976.0,225423988.0,225178000.0,11.75,7.93,0.34,1.43,8.58,0.46,0.2774,0.0537,0.0642,0.0323,0.14,0.05,183124000768.0,0.148,23.58,34.95,0.002,-0.028,33652000768.0,30002999296.0,70.4,1.43,1.3,193.63,7437749760.0,4847000064.0,0.0176,0.0684,0.012,0.2568,277.09,500.75,585.0,428.0,buy,1.59,0.62,567.26,276.41,374.34,403.74,1.29,0.01
EMN,2025-07-21,Eastman Chemical Company,Basic Materials,Specialty Chemicals,United States,https://www.eastman.com,8977014784.0,13383461888.0,114438757.0,115460000.0,9.9,8.94,0.96,1.53,6.96,1.43,0.2491,0.2054,0.1393,0.0985,0.16,0.06,9361999872.0,-0.009,7.85,8.7,0.13,0.103,418000000.0,5112000000.0,86.0,1.72,0.74,50.87,532375008.0,1136000000.0,0.0445,0.0332,0.0324,0.4178,77.75,97.4,122.11,76.0,buy,1.72,1.26,114.5,70.9,78.97,91.2,1.56,0.03
EMR,2025-07-21,Emerson Electric Co.,Industrials,Specialty Industrial Machinery,United States,https://www.emerson.com,81129365504.0,88128126976.0,559867500.0,562499968.0,41.68,22.82,4.61,4.21,18.16,5.0,0.5277,0.2756,0.1976,0.136,0.08,0.05,17607000064.0,0.013,3.46,6.32,-0.011,-0.032,1887000064.0,15000000512.0,77.86,0.8,0.55,34.22,3432624896.0,3192000000.0,0.0158,0.021099999999999997,0.0221,0.6084,144.23,137.12,185.0,105.0,buy,1.79,1.27,145.28,90.06,127.33,120.19,4.49,0.02
ENPH,2025-07-21,"Enphase Energy, Inc.",Technology,Solar,United States,https://www.enphase.com,5193173504.0,4970106368.0,126945414.0,131207000.0,36.31,10.81,3.65,6.4,21.99,3.49,0.3685,0.1588,0.0985,0.1043,0.17,0.03,1423128064.0,0.352,1.09,3.66,,,1466856960.0,1234605056.0,152.29,1.9,1.5,6.18,358479744.0,512905984.0,0.0,0.0,0.0,0.0,39.58,52.93,95.0,28.0,hold,2.72,1.7,130.08,33.01,42.51,61.94,3.08,0.25
EOG,2025-07-21,"EOG Resources, Inc.",Energy,Oil & Gas E&P,United States,https://www.eogresources.com,64228216832.0,63744585728.0,543964081.0,545787008.0,10.9,10.64,2.74,2.2,5.25,2.72,0.6182,0.5172,0.3174,0.2588,0.21,0.11,23478999040.0,0.0,10.8,11.06,-0.145,-0.182,6599000064.0,5062000128.0,17.15,1.87,1.61,53.55,4095249920.0,11528999936.0,0.0341,0.0408,0.0255,0.3431,117.68,141.13,160.0,127.0,buy,2.03,0.76,138.18,102.52,117.18,123.41,4.9,0.03
EPAM,2025-07-21,"EPAM Systems, Inc.",Technology,Information Technology Services,United States,https://www.epam.com,9330699264.0,9002415104.0,54731608.0,56652700.0,23.03,14.72,1.92,2.56,13.04,1.85,0.3025,0.1419,0.0838,0.0846,0.12,0.08,4864166912.0,0.117,7.15,11.19,-0.35,-0.368,1173639040.0,158142000.0,4.34,3.06,2.9,64.33,566563904.0,453409984.0,0.0,0.0,0.0,0.0,164.7,219.55,263.0,167.0,buy,2.0,1.72,269.0,138.15,175.5,201.47,1.66,0.03
EQIX,2025-07-21,"Equinix, Inc.",Real Estate,REIT - Specialty,United States,https://www.equinix.com,76081668096.0,94536073216.0,97451192.0,97819000.0,81.27,58.13,8.63,5.48,25.79,10.73,0.494,0.4158,0.2066,0.1052,0.07,0.03,8814000128.0,0.036,9.57,13.38,0.44,0.485,2950000128.0,19650000896.0,141.24,1.44,1.25,141.99,3243500032.0,3460000000.0,0.0236,0.18760000000000002,0.0173,1.8255,777.78,969.09,1200.0,837.0,buy,1.74,0.96,994.03,701.41,847.36,881.75,3.57,0.02
EQR,2025-07-21,Equity Residential,Real Estate,REIT - Residential,United States,https://www.equityapartments.com,26304309248.0,34312536064.0,342241860.0,379944000.0,25.64,39.75,8.74,2.31,18.64,11.4,0.6322,0.6115,0.2553,0.3311,0.09,0.03,3010099968.0,0.041,2.62,1.69,-0.13,-0.133,39849000.0,8151031808.0,70.33,0.2,0.07,29.04,1447674240.0,1578100992.0,0.041,0.0277,0.0374,1.0372,67.17,77.4,87.0,71.0,buy,2.4,0.92,78.83,59.41,68.58,70.71,2.61,0.02
EQT,2025-07-21,EQT Corporation,Energy,Oil & Gas E&P,United States,https://www.eqt.com,35432669184.0,46708277248.0,593184490.0,598625984.0,97.03,23.49,5.76,1.71,15.84,7.59,0.6842,0.4788,0.2104,0.06,0.02,0.01,6155850752.0,0.885,0.61,2.52,0.719,1.34,281764000.0,8392782848.0,34.39,0.57,0.52,34.61,1317945600.0,3412476928.0,0.0108,0.0063,0.0049,1.0328,59.19,60.03,74.0,36.0,buy,1.83,0.66,61.02,30.02,56.5,49.11,2.88,0.03
ERIE,2025-07-21,Erie Indemnity Company,Financial Services,Insurance Brokers,United States,https://www.erieinsurance.com,18475067392.0,17858117632.0,25130511.0,46189100.0,30.02,26.37,4.73,8.94,22.94,4.58,0.1765,0.1994,0.1592,0.1573,0.32,0.16,3903813120.0,0.123,11.77,13.4,0.112,0.111,288191008.0,12706000.0,0.62,1.38,1.25,39.54,362523872.0,642174016.0,0.0157,0.0546,0.0175,0.5579,353.32,,,,none,,0.36,547.0,332.34,354.33,405.9,12.66,0.06
ES,2025-07-21,Eversource Energy,Utilities,Utilities - Regulated Electric,United States,https://www.eversource.com,24030654464.0,52851994624.0,366576561.0,367384992.0,28.69,13.68,1.89,1.57,12.07,4.17,0.5367,0.3452,0.2329,0.0663,0.06,0.03,12686588928.0,0.236,2.28,4.78,0.008,0.055,111362000.0,29434765312.0,189.94,0.75,0.33,41.77,-845830272.0,2909019904.0,0.0473,0.0301,0.0355,1.2708,65.41,69.22,85.0,47.0,buy,2.32,0.65,69.01,52.28,64.14,61.51,2.5,0.02
ESS,2025-07-21,"Essex Property Trust, Inc.",Real Estate,REIT - Residential,United States,https://www.essexapartmenthomes.com,19842783232.0,25198974976.0,63792190.0,64385200.0,27.47,47.74,10.66,3.32,21.32,13.54,0.6878,0.6351,0.3333,0.361,0.13,0.03,1861154048.0,0.088,10.46,6.02,-0.257,-0.255,102135000.0,6844401152.0,118.42,0.38,0.12,86.55,794400128.0,1034953024.0,0.0363,0.10279999999999999,0.0341,0.9493,287.37,310.54,355.0,282.0,hold,2.63,0.8,317.73,243.85,283.47,289.27,3.22,0.03
ETN,2025-07-21,Eaton Corporation plc,Industrials,Specialty Industrial Machinery,Ireland,https://www.eaton.com,148154007552.0,148550189056.0,390110448.0,391300000.0,38.17,31.42,5.85,8.01,25.65,5.87,0.3845,0.2288,0.1893,0.1555,0.21,0.08,25312000000.0,0.073,9.92,12.05,0.201,0.174,1939000064.0,10757999616.0,58.0,1.31,0.78,47.29,2571749888.0,4089999872.0,0.0117,0.0416,0.018,0.3895,378.62,353.69,396.0,288.0,buy,2.0,1.14,384.51,231.85,337.25,326.41,4.16,0.02
ETR,2025-07-21,Entergy Corporation,Utilities,Utilities - Regulated Electric,United States,https://www.entergy.com,38563344384.0,65534009344.0,429132860.0,446335008.0,27.96,11.16,3.23,2.45,12.16,5.49,0.4999,0.4518,0.2489,0.1124,0.09,0.03,11931898880.0,0.019,3.09,7.74,3.643,3.792,1513410048.0,30924976128.0,199.49,0.82,0.46,35.25,-2324900864.0,4503605760.0,0.0289,0.024,0.0369,0.754,86.4,88.96,105.72,65.0,buy,2.05,0.58,88.38,55.04,82.39,79.11,3.75,0.03
EVRG,2025-07-21,"Evergy, Inc.",Utilities,Utilities - Regulated Electric,United States,https://investors.evergy.com,15853271040.0,30264152064.0,229257770.0,230091008.0,18.13,17.05,2.69,1.6,11.35,5.14,0.522,0.4528,0.2099,0.1487,0.09,0.03,5890800128.0,0.033,3.8,4.04,0.019,0.019,35300000.0,14401999872.0,144.48,0.55,0.07,43.16,-467612512.0,2116000000.0,0.0387,0.026699999999999998,0.039,0.6895,68.9,73.05,79.0,68.65,buy,1.79,0.47,70.36,55.13,67.35,65.04,4.18,0.05
EW,2025-07-21,Edwards Lifesciences Corporation,Healthcare,Medical Devices,United States,https://www.edwards.com,44869033984.0,42741784576.0,580552154.0,586600000.0,31.61,31.22,8.13,4.43,25.35,7.74,0.795,0.3053,0.2902,0.7571,0.17,0.08,5522299904.0,0.062,2.42,2.45,0.042,0.017,3898500096.0,699400000.0,6.86,4.45,3.33,17.28,1447462528.0,876200000.0,0.0,0.0,0.0,0.0,76.49,81.01,95.0,61.0,buy,2.31,1.12,88.5,58.93,76.46,72.33,1.39,0.01
EXC,2025-07-21,Exelon Corporation,Utilities,Utilities - Regulated Electric,United States,https://www.exeloncorp.com,43814035456.0,91104034816.0,1007880026.0,1009539968.0,16.13,16.5,1.85,1.59,11.91,3.84,0.4172,0.3227,0.227,0.1144,0.1,0.03,23698999296.0,0.111,2.69,2.63,0.368,0.38,1004000000.0,48274001920.0,174.86,1.09,0.65,27.35,-1935000064.0,5776999936.0,0.0368,0.016,0.0353,0.5725,43.4,47.17,52.0,39.0,hold,2.67,0.48,48.11,35.84,43.34,41.77,2.4,0.02
EXE,2025-07-21,Expand Energy Corporation,Energy,Oil & Gas E&P,United States,https://www.expandenergy.com,25854040064.0,32794314752.0,231013781.0,237979008.0,,25.62,3.94,1.5,26.75,4.99,0.4137,0.1867,-0.0751,-0.1506,-0.07,-0.02,6568000000.0,2.563,-5.81,4.24,,,349000000.0,5313999872.0,30.91,0.59,0.48,72.39,1787374976.0,2108999936.0,0.0197,0.023,0.0,1.411,108.64,131.19,170.0,105.0,buy,1.52,0.48,123.34,69.12,113.9,102.77,4.35,0.05
EXPD,2025-07-21,"Expeditors International of Washington, Inc.",Industrials,Integrated Freight & Logistics,United States,https://www.expeditors.com,15292983296.0,14917865472.0,135778519.0,136948000.0,18.55,20.76,1.38,6.68,12.94,1.35,0.1337,0.1042,0.0997,0.0764,0.38,0.15,11060255744.0,0.208,6.02,5.38,0.256,0.205,1318520064.0,588358016.0,25.72,1.83,1.62,16.72,599665152.0,809078976.0,0.0135,0.0154,0.0114,0.2425,111.67,107.93,117.0,86.0,underperform,3.56,1.07,131.59,100.47,114.19,115.62,4.16,0.05
EXPE,2025-07-21,"Expedia Group, Inc.",Consumer Cyclical,Travel Services,United States,https://www.expediagroup.com,23508486144.0,23021752320.0,120110179.0,121597000.0,22.07,12.88,1.7,22.04,12.52,1.67,0.8954,0.1333,-0.0147,0.0848,0.52,0.04,13790000128.0,0.034,8.38,14.36,,,6136999936.0,6466999808.0,278.63,0.73,0.57,8.39,1859500032.0,3158000128.0,0.0095,0.016,0.0096,0.0477,184.93,188.25,290.0,135.0,buy,2.24,1.6,207.73,110.2,170.17,172.45,3.85,0.07
EXR,2025-07-21,Extra Space Storage Inc.,Real Estate,REIT - Industrial,United States,https://www.extraspace.com,32815990784.0,45299122176.0,209617664.0,212211008.0,34.44,30.99,9.76,2.26,20.0,13.47,0.7592,0.6735,0.444,0.2713,0.06,0.03,3363286016.0,0.031,4.3,4.78,0.268,0.271,129696000.0,13248731136.0,89.65,4.02,0.58,65.43,781681728.0,1903277952.0,0.044,0.06480000000000001,0.0334,1.507,148.11,162.5,178.0,141.0,buy,2.38,1.13,184.87,121.03,148.88,153.7,3.58,0.02
F,2025-07-21,Ford Motor Company,Consumer Cyclical,Auto Manufacturers,United States,https://www.ford.com,44378296320.0,173959561216.0,3869261557.0,3905700096.0,8.93,6.38,0.24,0.99,17.17,0.95,0.0807,0.0554,0.0097,0.0274,0.11,0.01,182873997312.0,-0.05,1.25,1.75,-0.64,-0.646,26993999872.0,157782999040.0,353.3,1.13,0.92,11.22,1385500032.0,17717000192.0,0.0691,0.0075,0.0576,0.6,11.16,10.37,16.0,8.0,hold,3.04,1.51,14.18,8.44,10.77,10.31,1.58,0.04
FANG,2025-07-21,"Diamondback Energy, Inc.",Energy,Oil & Gas E&P,United States,https://www.diamondbackenergy.com,41303789568.0,55620878336.0,188252582.0,292168000.0,8.8,9.66,3.36,1.06,6.06,4.53,0.7546,0.7465,0.4992,0.3235,0.15,0.07,12286000128.0,0.808,16.07,14.64,0.13,0.829,1816000000.0,14023000064.0,33.59,0.86,0.72,133.92,2043000064.0,7433999872.0,0.0381,0.0524,0.0414,0.3862,141.37,182.94,225.0,142.0,buy,1.53,1.04,205.74,114.0,141.24,157.75,3.03,0.04
FAST,2025-07-21,Fastenal Company,Industrials,Industrial Distribution,United States,https://www.fastenal.com,52860301312.0,48448135168.0,1144189614.0,1147640064.0,44.29,21.03,6.95,13.88,28.65,6.37,0.4499,0.2222,0.201,0.1513,0.32,0.2,7610299904.0,0.034,1.04,2.19,-0.0,0.003,231800000.0,495800000.0,13.44,4.28,1.92,3.32,683987520.0,1099900032.0,0.021,0.0088,0.0218,0.8,46.06,38.1,43.0,29.5,hold,2.94,0.97,46.3,32.04,41.95,39.34,6.3,0.03
FCX,2025-07-21,Freeport-McMoRan Inc.,Basic Materials,Copper,United States,https://fcx.com,64341757952.0,78804279296.0,1427310173.0,1436199936.0,36.72,20.74,2.59,3.64,8.68,3.17,0.3846,0.3651,0.2275,0.0711,0.14,0.07,24861999104.0,-0.094,1.22,2.16,-0.25,-0.256,4384999936.0,9404000256.0,32.19,2.32,0.96,12.31,1922749952.0,6321999872.0,0.0138,0.006,0.0373,0.4918,44.8,44.96,55.0,26.0,buy,1.95,1.63,52.61,27.66,41.53,40.76,2.09,0.02
FDS,2025-07-21,FactSet Research Systems Inc.,Financial Services,Financial Data & Stock Exchanges,United States,https://www.factset.com,16344636416.0,18211502080.0,37792900.0,37806800.0,31.15,23.14,7.15,7.59,21.36,7.96,0.5333,0.3728,0.3316,0.233,0.26,0.1,2287034112.0,0.059,13.88,18.68,-0.054,-0.061,364044992.0,1620504064.0,75.19,1.46,1.23,56.93,516919488.0,677321024.0,0.0098,0.044000000000000004,0.0087,0.3045,432.32,440.28,503.0,380.0,hold,3.35,0.85,499.87,391.69,444.71,455.51,3.85,0.04
FDX,2025-07-21,FedEx Corporation,Industrials,Integrated Freight & Logistics,United States,https://www.fedex.com,54297927680.0,,237078940.0,239599008.0,13.47,9.96,0.62,1.92,,,0.2726,0.1248,0.0764,0.0465,0.15,0.05,87925997568.0,0.139,16.82,22.75,-0.133,-0.107,,,,1.19,1.09,117.96,3176624896.0,7036000256.0,0.0255,0.057999999999999996,0.0166,0.3284,226.62,263.46,320.0,200.0,buy,1.94,1.36,308.53,194.3,226.1,251.6,2.03,0.02
FE,2025-07-21,FirstEnergy Corp.,Utilities,Utilities - Regulated Electric,United States,https://www.firstenergycorp.com,23536418816.0,49185308672.0,546584278.0,577155968.0,21.69,14.11,1.71,1.87,10.76,3.57,0.6942,0.3321,0.2074,0.0788,0.09,0.03,13763999744.0,0.145,1.88,2.89,0.409,0.423,132000000.0,24785999872.0,178.8,0.42,0.28,21.77,-1061875008.0,3568000000.0,0.0442,0.0178,0.0421,0.9043,40.78,44.76,47.0,42.0,buy,2.41,0.38,44.97,37.58,40.91,40.96,3.74,0.04
FFIV,2025-07-21,"F5, Inc.",Technology,Software - Infrastructure,United States,https://www.f5.com,17354106880.0,15910795264.0,56938807.0,57431600.0,28.72,19.62,5.9,5.28,19.3,5.41,0.809,0.2804,0.2173,0.2114,0.2,0.08,2939781120.0,0.073,10.52,15.4,0.24,0.223,1259282048.0,266818000.0,8.05,1.53,1.36,57.22,746167488.0,864843008.0,0.0,0.0,0.0,0.0,302.17,289.84,320.0,260.0,none,,1.01,313.0,170.21,289.8,266.48,4.88,0.04
FI,2025-07-21,"Fiserv, Inc.",Technology,Information Technology Services,United States,https://www.fiserv.com,91891892224.0,123464933376.0,550125873.0,554433984.0,29.33,16.26,4.44,3.56,13.48,5.96,0.6097,0.4425,0.268,0.1568,0.12,0.04,20703000576.0,0.051,5.65,10.19,0.218,0.158,1176999936.0,28415000576.0,107.14,1.1,0.24,46.55,4059375104.0,6448000000.0,0.0,0.0,0.0,0.0,165.74,219.76,268.0,125.0,buy,1.64,0.91,238.59,154.17,168.82,199.13,1.03,0.01
FICO,2025-07-21,Fair Isaac Corporation,Technology,Software - Application,United States,https://www.fico.com,37525651456.0,46897991680.0,23647708.0,24341700.0,66.22,41.47,20.39,-33.4,56.7,25.48,0.8083,0.4495,0.4925,0.3136,,0.29,1840360960.0,0.15,23.28,37.17,0.277,0.253,146640992.0,2548995072.0,,2.11,1.86,-46.16,553474496.0,708723968.0,0.0,0.0,0.0009,0.0,1541.62,2196.55,3700.0,1364.0,buy,2.05,1.29,2402.52,1477.12,1808.95,1938.35,2.43,0.05
FIS,2025-07-21,"Fidelity National Information Services, Inc.",Technology,Information Technology Services,United States,https://www.fisglobal.com,42204983296.0,54058409984.0,524008010.0,525395008.0,51.17,14.07,4.14,2.8,20.01,5.3,0.3703,0.265,0.1378,0.0806,0.05,0.03,10190999552.0,0.026,1.57,5.71,-0.88,-0.891,805000000.0,12087000064.0,80.22,0.63,0.45,28.64,1938875008.0,2865999872.0,0.0197,0.016,0.0206,0.9427,80.33,87.64,103.0,72.0,buy,2.19,1.08,91.98,66.51,79.93,79.87,4.95,0.04
FITB,2025-07-21,Fifth Third Bancorp,Financial Services,Banks - Regional,United States,https://www.53.com,28731561984.0,45919952896.0,664234819.0,667710016.0,13.4,11.79,3.63,1.51,,5.81,0.0,0.0,0.3337,0.292,0.12,0.01,7906999808.0,-0.022,3.21,3.65,0.014,-0.01,6358000128.0,22708000768.0,,,,28.47,,3671000064.0,0.036,0.0148,0.0368,0.4635,43.03,44.8,52.0,40.0,buy,1.96,0.92,49.07,32.25,40.05,41.67,4.87,0.03
FOX,2025-07-21,Fox Corporation,Communication Services,Entertainment,United States,https://www.foxcorporation.com,24214405120.0,26845786112.0,343207050.0,235580992.0,12.79,21.99,1.5,2.02,7.84,1.67,0.3454,0.2125,0.1739,0.1158,0.17,0.08,16104999936.0,0.268,4.04,2.35,-0.464,-0.48,4815000064.0,8106999808.0,68.32,2.45,2.26,25.58,2049874944.0,2710000128.0,0.0105,0.0054,0.0149,0.1337,51.68,,,,none,,0.53,55.0,33.72,50.57,46.99,2.84,0.03
FOXA,2025-07-21,Fox Corporation,Communication Services,Entertainment,United States,https://www.foxcorporation.com,24214444032.0,28828602368.0,343207050.0,214036992.0,13.92,15.08,1.5,2.2,8.42,1.79,0.3454,0.2125,0.1739,0.1158,0.17,0.08,16104999936.0,0.268,4.04,3.73,-0.464,-0.48,4815000064.0,8106999808.0,68.32,2.45,2.26,25.58,2049874944.0,2710000128.0,0.0096,0.0054,0.014,0.1337,56.25,57.72,67.0,48.0,buy,2.45,0.53,58.74,36.09,54.98,50.46,3.96,0.08
FRT,2025-07-21,Federal Realty Investment Trust,Real Estate,REIT - Retail,United States,https://www.federalrealty.com,8223784448.0,13094494208.0,77988335.0,86260704.0,27.2,30.84,6.72,2.69,17.21,10.7,0.6789,0.622,0.3464,0.247,0.09,0.03,1223587968.0,0.062,3.48,3.07,0.092,0.124,113294000.0,4600334848.0,133.51,0.37,0.36,35.15,390635872.0,612446976.0,0.0463,0.044000000000000004,0.0422,1.2615,94.67,112.06,142.0,100.0,buy,2.06,1.12,118.34,80.65,95.33,103.36,3.86,0.03
FSLR,2025-07-21,"First Solar, Inc.",Technology,Solar,United States,https://www.firstsolar.com,18858858496.0,17492883456.0,101302062.0,107244000.0,14.95,8.43,4.43,2.3,9.55,4.11,0.4361,0.4303,0.262,0.2972,0.17,0.08,4256749056.0,0.064,11.76,20.86,-0.114,-0.114,890760000.0,630392000.0,7.7,1.93,1.19,76.34,-820771968.0,342294016.0,0.0,0.0,0.0,0.0,175.85,201.7,304.0,100.0,buy,1.67,1.53,262.72,116.56,162.28,168.58,2.01,0.13
FTNT,2025-07-21,"Fortinet, Inc.",Technology,Software - Infrastructure,United States,https://www.fortinet.com,80690151424.0,77215825920.0,647611209.0,765416000.0,43.2,43.74,13.14,41.31,37.55,12.57,0.8134,0.3348,0.2906,0.306,2.06,0.13,6142199808.0,0.138,2.44,2.41,0.436,0.448,4780499968.0,1076499968.0,54.84,1.36,1.26,2.55,1964999936.0,2291000064.0,0.0,0.0,0.0,0.0,105.42,108.25,135.0,83.0,hold,2.52,1.07,114.82,54.57,103.15,97.31,3.82,0.03
FTV,2025-07-21,Fortive Corporation,Technology,Scientific & Technical Instruments,United States,https://www.fortive.com,17174236160.0,20862263296.0,338165873.0,339881984.0,22.16,12.12,2.78,1.68,12.42,3.38,0.5998,0.2717,0.1585,0.129,0.08,0.04,6181499904.0,-0.033,2.28,4.17,-0.138,-0.171,892099968.0,4029400064.0,39.34,0.99,0.72,30.12,1302475008.0,1511800064.0,0.0061,0.0032,0.0042,0.1404,50.53,79.1,116.0,51.98,buy,2.15,1.16,62.79,45.5,53.26,55.91,2.16,0.03
GD,2025-07-21,General Dynamics Corporation,Industrials,Aerospace & Defense,United States,https://www.gd.com,80245039104.0,88427479040.0,251159196.0,268396000.0,20.75,18.59,1.63,3.61,14.97,1.8,0.1543,0.1201,0.1053,0.0808,0.18,0.06,49208000512.0,0.139,14.41,16.08,0.271,0.244,1242000000.0,11507000320.0,51.78,1.34,0.73,82.93,2482249984.0,4235000064.0,0.0206,0.06,0.0225,0.3997,298.98,294.83,330.0,239.0,buy,2.38,0.47,316.9,239.2,283.76,276.37,2.45,0.01
GDDY,2025-07-21,GoDaddy Inc.,Technology,Software - Infrastructure,United States,https://www.godaddy.com,24040574976.0,28736823296.0,141647511.0,142488000.0,32.45,25.14,5.16,120.34,25.8,6.17,0.6398,0.239,0.2101,0.162,2.46,0.08,4658999808.0,0.077,5.2,6.71,-0.453,-0.453,805299968.0,3885700096.0,1945.77,0.56,0.33,1.4,958425024.0,1395200000.0,0.0,0.0,0.0,0.0,168.72,210.78,250.0,150.0,buy,2.15,1.08,216.0,140.11,179.26,183.43,2.21,0.03
GE,2025-07-21,GE Aerospace,Industrials,Aerospace & Defense,United States,https://www.geaerospace.com,280748490752.0,282403241984.0,1062590307.0,1066390016.0,37.61,50.24,7.08,14.59,28.93,7.12,0.3188,0.246,0.2198,0.1763,0.27,0.04,39680999424.0,0.109,7.0,5.24,0.314,0.285,13004999680.0,20714000384.0,106.4,1.08,0.73,18.04,2622874880.0,5224999936.0,0.0056,0.0144,0.0039,0.2334,263.27,250.36,300.0,196.11,strong_buy,1.47,1.39,272.8,150.2,242.91,201.65,1.98,0.01
GEHC,2025-07-21,GE HealthCare Technologies Inc.,Healthcare,Health Information Services,United States,https://www.gehealthcare.com,34780942336.0,40876539904.0,456694497.0,457884992.0,15.96,16.27,1.76,3.79,11.18,2.06,0.42,0.1847,0.1478,0.1103,0.26,0.06,19798999040.0,0.027,4.76,4.67,0.519,0.508,2454000128.0,9184000000.0,97.52,0.98,0.67,20.07,1576875008.0,1782000000.0,0.0019,0.0014000000000000002,0.0,0.0263,75.96,87.35,110.0,73.0,buy,1.67,1.29,94.8,57.65,72.83,79.94,2.04,0.02
GEN,2025-07-21,Gen Digital Inc.,Technology,Software - Infrastructure,United States,https://www.gendigital.com,18774362112.0,25543753728.0,525712902.0,620230016.0,29.39,12.36,4.77,8.23,13.6,6.49,0.8028,0.4773,0.4426,0.1634,0.29,0.07,3935000064.0,0.048,1.03,2.45,0.106,0.084,1006000000.0,8314999808.0,366.46,0.51,0.44,3.68,1312499968.0,1220999936.0,0.017,0.005,0.0218,0.4854,30.27,30.87,37.0,25.0,buy,2.09,1.01,31.72,22.74,29.15,27.98,3.36,0.04
GEV,2025-07-21,GE Vernova Inc.,Industrials,Specialty Industrial Machinery,United States,https://www.gevernova.com,156828450816.0,138694426624.0,272503507.0,272935008.0,82.68,83.28,4.39,18.22,57.57,3.88,0.1852,0.0675,0.0283,0.0542,0.2,0.02,35706998784.0,0.106,6.95,6.9,,,7807000064.0,1013000000.0,10.47,1.04,0.69,31.54,4210374912.0,4188000000.0,0.0019,0.01,0.0,0.0359,574.6,454.62,600.0,279.12,buy,1.9,,581.26,150.01,487.76,370.11,1.93,0.02
GILD,2025-07-21,"Gilead Sciences, Inc.",Healthcare,Drug Manufacturers - General,United States,https://www.gilead.com,134618103808.0,154071416832.0,1241354188.0,1243929984.0,22.74,14.57,4.68,7.03,11.23,5.36,0.7829,0.4776,0.3849,0.2076,0.33,0.12,28735000576.0,-0.003,4.76,7.43,,,8711000064.0,24952000512.0,130.79,1.37,1.06,15.39,9989000192.0,10366000128.0,0.0285,0.0316,0.0395,0.6513,108.22,116.77,140.0,93.0,buy,1.86,0.31,119.96,70.78,108.16,100.39,2.85,0.02
GIS,2025-07-21,"General Mills, Inc.",Consumer Defensive,Packaged Foods,United States,https://www.generalmills.com,27175643136.0,43047968768.0,540013688.0,542428032.0,12.22,10.66,1.39,2.95,11.03,2.21,0.346,0.2004,0.1349,0.1178,0.25,0.07,19486599168.0,-0.033,4.1,4.7,-0.471,-0.473,363900000.0,15296700416.0,166.07,0.67,0.29,16.96,1248349952.0,2918200064.0,0.0471,0.024399999999999998,0.0326,0.5854,50.1,56.2,68.0,48.0,hold,2.82,0.02,75.9,49.62,53.14,60.31,6.03,0.06
GL,2025-07-21,Globe Life Inc.,Financial Services,Insurance - Life,United States,https://www.home.globelifeinsurance.com,10077662208.0,13061753856.0,81841263.0,82542896.0,9.94,9.01,1.72,1.87,8.61,2.24,0.3272,0.2597,0.2413,0.1833,0.2,0.03,5842352128.0,0.045,12.28,13.55,0.127,0.001,366336000.0,3168836096.0,58.41,0.64,0.5,65.43,1351823232.0,1483521024.0,0.0087,0.0108,0.0082,0.0806,122.09,144.6,188.0,118.0,buy,2.0,0.56,133.76,86.1,120.94,117.23,2.57,0.02
GLW,2025-07-21,Corning Incorporated,Technology,Electronic Components,United States,https://www.corning.com,46257995776.0,52247834624.0,781975561.0,856470976.0,103.87,23.38,3.4,4.08,17.94,3.84,0.3463,0.2143,0.1306,0.0334,0.05,0.04,13594999808.0,0.16,0.52,2.31,-0.25,-0.249,1359000064.0,8152999936.0,73.27,1.69,0.75,13.23,1178125056.0,1994000000.0,0.0213,0.011200000000000002,0.0282,2.1538,54.01,52.33,60.0,44.0,buy,1.79,1.1,55.33,37.18,50.35,48.15,2.49,0.02
GM,2025-07-21,General Motors Company,Consumer Cyclical,Auto Manufacturers,United States,https://www.gm.com,51167571968.0,164440211456.0,957781290.0,961435008.0,7.43,5.04,0.27,0.8,8.91,0.87,0.1197,0.098,0.0764,0.0308,0.09,0.03,188447997952.0,0.023,7.16,10.57,0.309,-0.066,19089000448.0,134162997248.0,201.97,1.21,0.96,66.64,1306000000.0,23037999104.0,0.0122,0.006,0.0406,0.067,53.22,53.85,83.0,34.0,buy,2.39,1.34,61.24,38.96,49.84,49.89,2.24,0.02
GNRC,2025-07-21,Generac Holdings Inc.,Industrials,Specialty Industrial Machinery,United States,https://www.generac.com,9045984256.0,9697785856.0,57869883.0,59081600.0,26.72,18.65,2.08,3.66,13.29,2.23,0.3958,0.1678,0.0888,0.0768,0.14,0.07,4348682240.0,0.059,5.73,8.21,0.872,0.671,187464000.0,1420365952.0,57.43,1.97,0.77,41.79,488257120.0,687555008.0,0.0,0.0,0.0,0.0,153.11,152.01,205.0,95.0,buy,2.0,1.7,195.94,99.5,133.6,146.66,5.38,0.08
GOOG,2025-07-21,Alphabet Inc.,Communication Services,Internet Content & Information,United States,https://abc.xyz,2250934059008.0,2085797625856.0,10875629700.0,5458999808.0,20.75,20.78,6.26,6.55,15.37,5.8,0.5859,0.3773,0.3392,0.3086,0.35,0.17,359713013760.0,0.12,8.96,8.95,0.488,0.46,95328002048.0,28497999872.0,8.25,1.77,1.6,28.4,60679000064.0,132601004032.0,0.0047,0.0084,0.0,0.0893,185.94,199.62,237.0,185.0,buy,1.56,1.01,208.7,142.66,172.85,175.22,1.08,
GOOGL,2025-07-21,Alphabet Inc.,Communication Services,Internet Content & Information,United States,https://abc.xyz,2252605751296.0,2071721017344.0,10875629700.0,5820000256.0,20.65,20.65,6.26,6.52,15.27,5.76,0.5859,0.3773,0.3392,0.3086,0.35,0.17,359713013760.0,0.12,8.96,8.96,0.488,0.46,95328002048.0,28497999872.0,8.25,1.77,1.6,28.4,60679000064.0,132601004032.0,0.0048,0.0084,0.0,0.0893,185.06,201.47,250.0,160.0,buy,1.56,1.01,207.05,140.53,171.7,173.64,1.67,0.01
GPC,2025-07-21,Genuine Parts Company,Consumer Cyclical,Auto Parts,United States,https://www.genpt.com,17058679808.0,22533036032.0,138206721.0,138790000.0,20.22,14.51,0.72,3.83,11.76,0.96,0.3662,0.0813,0.061,0.036,0.19,0.05,23569006592.0,0.014,6.08,8.47,-0.213,-0.219,420447008.0,6102282240.0,136.68,1.15,0.44,32.06,-3516500.0,892118016.0,0.034,0.0412,0.0271,0.6617,122.91,131.36,155.0,110.0,buy,2.38,0.77,149.22,104.01,123.83,122.13,3.12,0.03
GPN,2025-07-21,Global Payments Inc.,Industrials,Specialty Business Services,United States,https://www.globalpayments.com/en-ap,19981088768.0,34340550656.0,241760705.0,243880000.0,13.26,6.4,1.98,0.9,7.76,3.4,0.6287,0.4381,0.2328,0.1548,0.07,0.03,10097805312.0,-0.003,6.18,12.8,0.016,-0.024,2896024064.0,16940187648.0,73.57,0.94,0.56,90.68,3779338752.0,3558227968.0,0.0125,0.01,0.0077,0.1618,81.93,94.74,131.0,64.0,buy,2.41,0.94,120.0,65.93,78.84,96.69,4.17,0.05
GRMN,2025-07-21,Garmin Ltd.,Technology,Scientific & Technical Instruments,Switzerland,https://www.garmin.com,43878166528.0,37691179008.0,181734104.0,192540992.0,30.03,30.55,6.8,5.37,20.83,5.84,0.5858,0.2806,0.2168,0.2276,0.19,0.11,6450353152.0,0.111,7.59,7.46,0.203,0.206,2674510080.0,178435008.0,2.18,4.1,2.62,42.44,901582016.0,1417954048.0,0.0172,0.036000000000000004,0.0219,0.3953,227.89,198.54,285.0,152.0,none,,0.99,246.5,160.71,206.44,204.12,2.72,0.01
GS,2025-07-21,"The Goldman Sachs Group, Inc.",Financial Services,Capital Markets,United States,https://www.goldmansachs.com,217323208704.0,-68609171456.0,291018731.0,306840992.0,16.45,17.04,4.1,2.04,,-1.29,0.8284,0.0,0.3815,0.2806,0.12,0.01,53043998720.0,0.063,43.06,41.56,0.22,0.147,1031163019264.0,739638968320.0,593.34,1.54,1.41,346.98,,-22403999744.0,0.017,0.12,0.0226,0.2727,708.26,593.37,720.0,500.0,buy,2.48,1.31,726.0,437.37,641.49,587.14,2.89,0.02
GWW,2025-07-21,"W.W. Grainger, Inc.",Industrials,Industrial Distribution,United States,https://www.grainger.com,49401110528.0,52352311296.0,44022174.0,48039200.0,26.39,24.42,2.87,14.21,17.95,3.04,0.3945,0.1692,0.1561,0.1108,0.54,0.2,17238999040.0,0.017,38.97,42.11,0.025,0.002,666000000.0,2679000064.0,69.64,2.74,1.5,72.39,1247750016.0,2096000000.0,0.0087,0.0904,0.0113,0.2105,1028.35,1080.97,1250.0,910.0,none,,1.21,1227.66,893.99,1060.48,1065.8,6.03,0.03
HAL,2025-07-21,Halliburton Company,Energy,Oil & Gas Equipment & Services,United States,https://www.halliburton.com,18243151872.0,24332992512.0,854161258.0,859715008.0,8.88,6.53,0.81,1.76,5.15,1.08,0.1817,0.2096,0.1283,0.093,0.21,0.09,22556999680.0,-0.067,2.39,3.25,-0.654,-0.663,1804000000.0,8574000128.0,82.37,1.98,1.2,12.04,1766875008.0,3755000064.0,0.0334,0.0068000000000000005,0.0173,0.2845,21.22,28.89,36.0,22.0,buy,1.9,1.14,34.97,18.72,21.08,25.3,2.07,0.05
HAS,2025-07-21,"Hasbro, Inc.",Consumer Cyclical,Leisure,United States,https://shop.hasbro.com/en-in,10903436288.0,13111450624.0,132028503.0,140128992.0,25.68,17.56,2.56,9.32,12.95,3.07,0.6439,0.2374,0.2226,0.0999,0.39,0.09,4265299968.0,0.171,3.03,4.43,0.673,0.694,620800000.0,3360300032.0,280.61,1.66,1.2,8.35,522600000.0,807699968.0,0.0379,0.027999999999999997,0.0396,0.9241,77.81,79.03,85.45,70.0,buy,1.57,0.56,78.83,49.0,69.85,63.92,2.4,0.04
HBAN,2025-07-21,Huntington Bancshares Incorporated,Financial Services,Banks - Regional,United States,https://www.huntington.com,24495022080.0,29143162880.0,1445696148.0,1465890048.0,12.47,12.47,3.45,1.29,,4.1,0.0,0.0,0.389,0.2883,0.1,0.01,7104000000.0,0.095,1.34,1.34,0.308,0.258,16552999936.0,19239000064.0,,,,13.0,,1846000000.0,0.037,0.0062,0.0458,0.4769,16.71,17.99,20.0,14.9,buy,1.76,0.94,18.45,11.92,16.21,15.96,2.6,0.05
HCA,2025-07-21,"HCA Healthcare, Inc.",Healthcare,Medical Care Facilities,United States,https://hcahealthcare.com,86876078080.0,140513853440.0,168134693.0,240574000.0,16.03,14.71,1.21,-24.93,9.88,1.96,0.409,0.1986,0.1558,0.0807,16.06,0.12,71584997376.0,0.057,22.53,24.55,0.088,0.012,1167000064.0,46435999744.0,,1.19,0.9,-14.48,3314249984.0,9696000000.0,0.0075,0.0288,0.0076,0.1199,361.12,387.75,444.0,316.0,buy,1.92,1.5,417.14,289.98,375.33,346.42,3.21,0.03
HD,2025-07-21,"The Home Depot, Inc.",Consumer Cyclical,Home Improvement Retail,United States,https://www.homedepot.com,357577129984.0,425363406848.0,993296303.0,994928000.0,24.38,23.04,2.19,44.95,16.68,2.61,0.3334,0.1565,0.1288,0.0898,3.0,0.15,162952003584.0,0.094,14.74,15.6,-0.05,-0.046,1368999936.0,61952000000.0,778.78,1.09,0.23,8.0,10957625344.0,18638000128.0,0.0251,0.092,0.0229,0.6144,359.4,418.64,484.0,308.0,buy,1.84,1.02,439.37,326.31,366.27,385.71,2.7,0.01
HES,2025-07-21,Hess Corporation,Energy,Oil & Gas E&P,United States,https://www.hess.com,46072102912.0,51714146304.0,291441657.0,309271008.0,20.66,19.6,3.75,3.98,7.69,4.22,0.7901,0.548,0.296,0.1815,0.23,0.1,12270000128.0,-0.121,7.21,7.6,-0.56,-0.558,1324000000.0,9498000384.0,76.69,1.08,0.87,37.4,717249984.0,6115999744.0,0.0144,0.02,0.0132,0.2687,148.97,158.9,191.0,136.0,buy,2.38,0.63,161.69,123.79,139.15,140.94,5.29,0.04
HIG,2025-07-21,"The Hartford Insurance Group, Inc.",Financial Services,Insurance - Property & Casualty,United States,https://www.thehartford.com,34904895488.0,37240143872.0,282494963.0,284103008.0,12.25,10.58,1.3,2.12,8.96,1.38,0.3466,0.1542,0.1222,0.1109,0.18,0.03,26946000896.0,0.06,10.03,11.61,-0.13,-0.163,3504000000.0,4366000128.0,25.92,1.79,1.0,57.91,5297249792.0,5797000192.0,0.0164,0.0208,0.0213,0.1974,122.86,135.19,163.0,120.0,none,,0.71,132.09,101.12,126.41,118.58,2.44,0.02
HII,2025-07-21,"Huntington Ingalls Industries, Inc.",Industrials,Aerospace & Defense,United States,https://www.hii.com,9985958912.0,12713680896.0,38967992.0,39239100.0,18.35,16.23,0.87,2.09,12.71,1.11,0.1281,0.0872,0.0717,0.0476,0.12,0.04,11463999488.0,-0.025,13.87,15.68,-0.021,-0.026,167000000.0,3406000128.0,71.36,1.06,0.95,121.64,-86875000.0,200000000.0,0.0224,0.054000000000000006,0.0228,0.3818,254.49,246.34,316.0,166.0,hold,2.62,0.28,285.81,158.88,235.5,213.09,3.65,0.05
HLT,2025-07-21,Hilton Worldwide Holdings Inc.,Consumer Cyclical,Lodging,United States,https://www.hilton.com,64816033792.0,74496950272.0,233209588.0,237700000.0,43.08,34.13,13.62,-14.87,29.61,15.65,0.7651,0.5287,0.5005,0.3299,,0.09,4759000064.0,0.012,6.33,7.99,0.183,0.132,731000000.0,11879999488.0,,0.57,0.48,-18.33,1668749952.0,2119000064.0,0.0023,0.006,0.008,0.0948,272.68,250.2,300.0,218.0,buy,2.37,1.25,279.46,196.04,256.95,245.78,4.17,0.03
HOLX,2025-07-21,"Hologic, Inc.",Healthcare,Medical Instruments & Supplies,United States,https://www.hologic.com,14259851264.0,15425896448.0,220734902.0,222844992.0,26.89,13.56,3.54,3.09,12.32,3.83,0.6101,0.311,0.2217,0.1383,0.12,0.07,4026500096.0,-0.012,2.38,4.72,,,1625699968.0,2531000064.0,54.8,3.24,2.29,20.73,775875008.0,1131500032.0,0.0,0.0,0.0,0.0,63.99,67.27,73.0,60.0,hold,2.55,0.55,84.67,51.9,62.17,68.08,1.36,0.03
HON,2025-07-21,Honeywell International Inc.,Industrials,Conglomerates,United States,https://www.honeywell.com,152156012544.0,174167998464.0,610548764.0,643257024.0,27.19,21.48,3.88,8.71,17.83,4.44,0.3806,0.249,0.2183,0.1451,0.33,0.07,39215001600.0,0.079,8.7,11.01,-0.004,-0.01,10058999808.0,33991000064.0,188.51,1.25,0.84,27.17,4354625024.0,6246000128.0,0.0194,0.0452,0.0198,0.508,236.54,241.23,300.0,203.0,buy,2.04,1.07,242.77,179.36,227.4,218.29,1.95,0.01
HPE,2025-07-21,Hewlett Packard Enterprise Company,Technology,Communication Equipment,United States,https://www.hpe.com,27700965376.0,33455808512.0,1305654542.0,1312220032.0,20.3,10.05,0.88,1.16,6.97,1.06,0.3034,0.1516,0.0502,0.046,0.06,0.02,31648999424.0,0.059,1.04,2.1,,,10997000192.0,17557999616.0,73.38,1.29,0.79,18.21,81000000.0,2332999936.0,0.0254,0.0052,0.032,0.5,21.11,21.48,26.0,16.0,buy,1.95,1.33,24.66,11.96,18.62,19.38,2.23,0.03
HPQ,2025-07-21,HP Inc.,Technology,Computer Hardware,United States,https://www.hp.com,23538182144.0,32193613824.0,936304776.0,939273024.0,9.64,6.96,0.43,-18.49,6.88,0.59,0.2115,0.0862,0.0602,0.0464,,0.06,54298001408.0,0.033,2.6,3.6,-0.311,-0.331,2696999936.0,11916000256.0,,0.73,0.35,-1.36,2654625024.0,3459000064.0,0.0473,0.0116,0.0323,0.4346,25.06,27.21,30.0,25.0,hold,2.76,1.31,39.8,21.21,25.87,30.72,2.93,0.04
HRL,2025-07-21,Hormel Foods Corporation,Consumer Defensive,Packaged Foods,United States,https://www.hormelfoods.com,16023939072.0,18802880512.0,290184874.0,549894976.0,21.43,17.24,1.34,1.99,14.39,1.58,0.1656,0.1096,0.0861,0.0627,0.09,0.05,11924157440.0,0.004,1.36,1.69,-0.038,-0.049,698980992.0,2857946112.0,35.54,2.47,1.12,14.61,449302016.0,992257024.0,0.0383,0.0116,0.0268,0.8419,29.14,32.32,36.0,29.0,hold,2.75,0.34,33.8,27.59,30.25,30.42,4.01,0.04
HSIC,2025-07-21,"Henry Schein, Inc.",Healthcare,Medical Distribution,United States,https://www.henryschein.com,8637845504.0,13397612544.0,104277135.0,125005000.0,21.53,13.29,0.68,2.55,13.02,1.06,0.316,0.0812,0.0574,0.0321,0.08,0.05,12668999680.0,-0.001,3.21,5.2,0.222,0.183,127000000.0,3224000000.0,68.32,1.38,0.58,27.08,548625024.0,688000000.0,0.0,0.0,0.0,0.0,69.1,76.35,86.0,55.0,none,,0.87,82.49,60.56,71.54,71.55,5.38,0.07
HST,2025-07-21,"Host Hotels & Resorts, Inc.",Real Estate,REIT - Hotel & Motel,United States,https://www.hosthotels.com,11348227072.0,16007453696.0,647707282.0,693713984.0,16.81,16.64,1.95,1.68,10.18,2.75,0.2913,0.2705,0.1777,0.1164,0.1,0.04,5816000000.0,0.085,0.96,0.97,-0.079,-0.075,428000000.0,5644000256.0,83.17,2.09,2.08,9.59,1235250048.0,1438000000.0,0.0521,0.008,0.0449,0.8333,16.14,17.78,21.0,15.0,buy,1.89,1.35,19.36,12.22,15.65,16.35,3.22,0.07
HSY,2025-07-21,The Hershey Company,Consumer Defensive,Confectioners,United States,https://www.thehersheycompany.com,34704035840.0,38397661184.0,145119017.0,147990000.0,21.04,20.39,3.23,7.41,13.82,3.57,0.4256,0.2584,0.1391,0.1532,0.37,0.11,10754932736.0,-0.138,8.14,8.4,-0.717,-0.719,1515251968.0,6290816000.0,134.28,1.59,0.79,23.12,1252741120.0,2359143936.0,0.033,0.0548,0.0219,0.674,171.29,166.42,211.0,123.0,hold,2.91,0.28,208.03,140.13,165.65,169.56,5.47,0.07
HUBB,2025-07-21,Hubbell Incorporated,Industrials,Electrical Equipment & Parts,United States,https://www.hubbell.com,22965161984.0,23458902016.0,53099861.0,53372600.0,29.07,24.28,4.1,7.04,17.97,4.19,0.3421,0.2334,0.1726,0.1429,0.26,0.1,5594599936.0,-0.024,14.8,17.72,0.154,0.148,360300000.0,2010499968.0,61.44,1.17,0.65,61.11,640574976.0,936400000.0,0.0129,0.0528,0.0175,0.3435,430.28,416.46,450.0,363.0,buy,2.33,0.98,481.34,299.42,399.61,402.0,4.16,0.05
HUM,2025-07-21,Humana Inc.,Healthcare,Healthcare Plans,United States,https://www.humana.com,26601945088.0,21171140608.0,120461744.0,120693000.0,15.55,13.09,0.22,1.5,5.17,0.18,0.1512,0.0341,0.0635,0.0142,0.1,0.05,120262000640.0,0.084,14.17,16.84,0.686,0.679,22137999360.0,13733999616.0,77.08,1.91,1.47,147.07,-2093124992.0,2873999872.0,0.0145,0.0354,0.008,0.2498,220.41,296.01,402.23,244.0,buy,2.42,0.44,406.09,206.87,236.01,260.98,2.14,0.04
HWM,2025-07-21,Howmet Aerospace Inc.,Industrials,Aerospace & Defense,United States,https://www.howmet.com,76895862784.0,78137851904.0,399496035.0,403673984.0,62.05,60.09,10.19,16.25,38.91,10.35,0.3194,0.266,0.2492,0.1664,0.28,0.1,7548000256.0,0.065,3.07,3.17,0.424,0.416,536000000.0,3483000064.0,72.68,2.3,0.93,11.72,790124992.0,1374000000.0,0.0021,0.004,0.0,0.1013,190.49,175.6,200.0,140.0,buy,1.52,1.43,191.61,78.34,172.52,133.17,4.39,0.04
IBM,2025-07-21,International Business Machines Corporation,Technology,Information Technology Services,United States,https://www.ibm.com,265686712320.0,323409510400.0,927361197.0,929396992.0,48.78,26.94,4.23,9.88,23.18,5.15,0.5704,0.222,0.124,0.0871,0.22,0.04,62832001024.0,0.005,5.86,10.61,-0.349,-0.343,17464999936.0,66835001344.0,247.98,1.01,0.85,28.92,10564249600.0,13646999552.0,0.0228,0.0672,0.0441,1.1419,285.87,258.02,325.0,170.0,buy,2.45,0.65,296.16,181.81,274.88,244.28,5.28,0.02
ICE,2025-07-21,"Intercontinental Exchange, Inc.",Financial Services,Financial Data & Stock Exchanges,United States,https://www.ice.com,103665688576.0,125150208000.0,569014316.0,573625984.0,37.42,26.81,10.96,3.71,21.58,13.23,1.0,0.613,0.5067,0.2942,0.1,0.02,9461999616.0,0.08,4.83,6.74,0.038,0.039,783000000.0,20621000704.0,73.53,1.0,0.03,48.74,2783000064.0,4566000128.0,0.0105,0.0192,0.0122,0.3789,180.72,190.65,239.0,158.0,buy,1.95,1.13,183.99,142.29,178.84,165.71,2.5,0.01
IDXX,2025-07-21,"IDEXX Laboratories, Inc.",Healthcare,Diagnostics & Research,United States,https://www.idexx.com,41385914368.0,44028878848.0,79554165.0,80421904.0,47.6,43.03,10.53,28.69,32.82,11.2,0.6128,0.3412,0.317,0.2276,0.59,0.23,3931835904.0,0.036,10.81,11.96,0.053,0.03,163970000.0,1059358976.0,73.16,1.16,0.68,17.93,761150144.0,968377984.0,0.0,0.0,0.0,0.0,514.61,516.15,625.0,385.0,buy,2.38,1.55,549.52,356.14,521.62,456.11,4.98,0.04
IEX,2025-07-21,IDEX Corporation,Industrials,Specialty Industrial Machinery,United States,https://www.idexcorp.com,13853369344.0,14634966016.0,75341391.0,75544600.0,29.06,21.52,4.22,3.55,16.54,4.46,0.4459,0.2695,0.1965,0.146,0.13,0.07,3282599936.0,0.017,6.31,8.52,-0.213,-0.213,594099968.0,1966400000.0,50.34,2.79,1.84,51.61,479100000.0,617200000.0,0.0162,0.028399999999999998,0.0114,0.4381,183.38,208.96,225.0,180.0,none,,1.06,238.22,153.36,181.62,197.6,3.6,0.03
IFF,2025-07-21,International Flavors & Fragrances Inc.,Basic Materials,Specialty Chemicals,United States,https://www.iff.com,19440039936.0,28147380224.0,255227606.0,255790000.0,,16.49,1.7,1.47,15.97,2.46,0.3618,0.1543,0.0943,-0.0731,-0.06,0.02,11427999744.0,-0.019,-3.26,4.61,,,613000000.0,9911000064.0,75.01,1.87,0.54,51.53,-1259374976.0,1098000000.0,0.0218,0.016,0.028,1.6842,76.0,91.2,110.11,72.0,buy,1.91,1.08,106.77,65.85,75.81,83.67,3.87,0.03
INCY,2025-07-21,Incyte Corporation,Healthcare,Biotechnology,United States,https://www.incyte.com,13135660032.0,10816573440.0,161065671.0,193570000.0,339.3,11.05,2.98,3.59,35.66,2.45,0.3705,0.0687,0.2065,0.0048,0.0,0.02,4413225984.0,0.195,0.2,6.14,0.067,-0.067,2408657920.0,43119000.0,1.18,2.04,1.88,18.93,618045760.0,382592992.0,0.0,0.0,0.0,0.0,67.86,75.15,107.0,52.0,buy,2.33,0.68,83.95,53.56,66.66,68.15,4.28,0.06
INTC,2025-07-21,Intel Corporation,Technology,Semiconductors,United States,https://www.intel.com,100762198016.0,133468798976.0,4354235640.0,4361999872.0,,23.81,1.9,1.01,16.45,2.52,0.3312,0.153,-0.0024,-0.3619,-0.18,-0.01,53043998720.0,-0.004,-4.48,0.97,,,21048000512.0,50150998016.0,47.13,1.31,0.75,22.87,-7000750080.0,10323999744.0,0.0,0.0,0.0276,2.0833,23.1,21.29,28.3,14.0,hold,3.04,1.11,33.41,17.67,21.55,21.81,1.43,0.03
INTU,2025-07-21,Intuit Inc.,Technology,Software - Application,United States,https://www.intuit.com,209943887872.0,,272277377.0,278947008.0,61.34,33.86,11.55,10.44,,,0.8026,0.2932,0.157,0.1907,0.18,0.09,18183999488.0,0.41,12.27,22.23,-0.185,-0.146,,,,1.45,0.72,72.11,5197749760.0,6242999808.0,0.0053,0.0416,0.0058,0.3282,752.63,788.83,880.0,560.0,buy,1.66,1.28,790.6,532.65,737.87,647.14,2.25,0.02
INVH,2025-07-21,Invitation Homes Inc.,Real Estate,REIT - Residential,United States,https://www.invitationhomes.com,19761475584.0,28157028352.0,559181431.0,612948992.0,41.33,43.57,7.55,2.03,19.56,10.75,0.5856,0.5498,0.2761,0.1823,0.05,0.02,2618856960.0,0.044,0.78,0.74,0.174,0.164,119852000.0,8135558144.0,83.4,2.41,0.72,15.86,977758976.0,1116736000.0,0.0354,0.0116,0.0257,1.4615,32.24,37.89,43.0,34.0,buy,2.25,0.82,37.8,29.37,33.29,33.06,2.46,0.02
IP,2025-07-21,International Paper Company,Consumer Cyclical,Packaging & Containers,United States,https://www.internationalpaper.com,26579865600.0,33893627904.0,525599867.0,527902016.0,43.03,16.78,1.34,1.47,17.3,1.7,0.2904,0.0984,-0.0064,0.0199,0.03,0.02,19900999680.0,0.278,1.17,3.0,,,1156000000.0,10328000512.0,57.09,1.33,0.8,34.28,485624992.0,995000000.0,0.0395,0.018500000000000003,0.0445,1.5812,50.35,54.45,65.0,40.0,buy,2.21,0.99,60.36,43.27,48.31,51.78,9.98,0.1
IPG,2025-07-21,"The Interpublic Group of Companies, Inc.",Communication Services,Advertising Agencies,United States,https://www.interpublic.com,8940192768.0,11497306112.0,367690073.0,369735008.0,18.46,8.79,0.99,2.5,6.91,1.28,0.2255,0.185,0.0796,0.0548,0.14,0.05,9000999936.0,-0.085,1.31,2.75,,,1868999936.0,4205799936.0,113.87,1.07,0.98,9.68,1069362496.0,1175600000.0,0.0539,0.0132,0.0394,1.0076,24.18,33.55,39.0,27.0,buy,2.3,1.05,33.05,22.51,24.34,27.1,2.8,0.08
IQV,2025-07-21,IQVIA Holdings Inc.,Healthcare,Diagnostics & Research,United States,https://www.iqvia.com,27788990464.0,39933071360.0,164478020.0,173000000.0,21.94,13.31,1.79,4.68,13.65,2.58,0.3472,0.1888,0.1371,0.0861,0.22,0.05,15496999936.0,0.025,7.32,12.07,-0.103,-0.135,1876000000.0,14538000384.0,242.91,0.82,0.72,34.33,2157750016.0,2761999872.0,0.0,0.0,0.0,0.0,160.63,189.65,268.43,159.0,buy,1.7,1.29,252.88,134.65,152.89,184.08,3.56,0.06
IR,2025-07-21,Ingersoll Rand Inc.,Industrials,Specialty Industrial Machinery,United States,https://www.irco.com,34516262912.0,36863832064.0,402159548.0,403463008.0,42.35,24.17,4.74,3.29,18.93,5.06,0.438,0.2674,0.19,0.113,0.08,0.05,7281699840.0,0.028,2.02,3.54,-0.08,-0.078,1631100032.0,4865999872.0,46.11,2.38,1.63,25.99,1108525056.0,1491500032.0,0.001,0.0008,0.0,0.0396,85.55,89.13,101.0,77.0,buy,2.06,1.44,106.03,65.61,83.47,88.57,4.52,0.04
IRM,2025-07-21,Iron Mountain Incorporated,Real Estate,REIT - Specialty,United States,https://www.ironmountain.com,29407035392.0,47861030912.0,292423906.0,295044000.0,243.1,50.85,4.69,-42.09,22.89,7.64,0.5605,0.3337,0.2012,0.0195,,0.04,6265574912.0,0.078,0.41,1.96,-0.8,-0.785,155338000.0,17479235584.0,,0.62,0.52,-2.37,-776869888.0,1263969024.0,0.0306,0.031400000000000004,0.0476,6.9878,99.67,115.3,140.0,44.0,none,,1.11,130.24,72.33,99.78,102.76,7.01,0.05
ISRG,2025-07-21,"Intuitive Surgical, Inc.",Healthcare,Medical Instruments & Supplies,United States,https://www.intuitive.com,185882738688.0,190358061056.0,356260577.0,358417984.0,75.71,65.98,21.33,10.87,64.18,21.84,0.6709,0.3404,0.2566,0.2841,0.16,0.09,8714900480.0,0.192,6.85,7.86,0.272,0.282,4511300096.0,0.0,,4.98,3.81,47.73,1659849984.0,2731200000.0,0.0,0.0,0.0,0.0,518.62,575.49,675.0,350.0,buy,2.0,1.68,616.0,425.0,536.3,531.26,2.45,0.01
IT,2025-07-21,"Gartner, Inc.",Technology,Information Technology Services,United States,https://www.gartner.com,27354034176.0,31902425088.0,74594816.0,76966896.0,22.17,26.94,4.32,18.36,24.29,5.04,0.6779,0.2075,0.1812,0.1982,1.13,0.09,6328614912.0,0.042,16.03,13.19,0.015,0.002,2093124992.0,2883974912.0,192.54,1.09,0.96,19.36,1007795904.0,1609597952.0,0.0,0.0,0.0,0.0,355.4,482.82,540.0,400.0,buy,2.45,1.23,584.01,352.37,414.34,469.93,4.0,0.04
ITW,2025-07-21,Illinois Tool Works Inc.,Industrials,Specialty Industrial Machinery,United States,https://www.itw.com,74852335616.0,79835250688.0,265970750.0,293366016.0,22.48,23.85,4.75,23.07,17.67,5.06,0.4371,0.2867,0.2506,0.2137,1.08,0.17,15763999744.0,-0.034,11.35,10.7,-0.128,-0.145,873000000.0,8263000064.0,254.87,1.6,1.06,11.06,2692375040.0,3284000000.0,0.0243,0.06,0.0221,0.5194,255.15,246.89,290.0,215.0,hold,3.15,1.12,279.13,214.66,248.71,254.94,6.99,0.02
IVZ,2025-07-21,Invesco Ltd.,Financial Services,Asset Management,United States,https://www.invesco.com,8915315712.0,12300262400.0,358121113.0,447556000.0,15.94,10.54,1.46,0.83,9.67,2.01,0.2877,0.2079,0.1813,0.1314,0.05,0.02,6120900096.0,0.037,1.25,1.89,0.219,0.147,821699968.0,964800000.0,6.11,0.66,0.66,23.88,10569037824.0,1159800064.0,0.0533,0.0084,0.0452,0.656,19.92,15.21,17.5,14.0,hold,2.93,1.44,20.05,11.6,15.48,16.47,2.51,0.05
J,2025-07-21,Jacobs Solutions Inc.,Industrials,Engineering & Construction,United States,https://www.jacobs.com,16662032384.0,18359484416.0,118709506.0,120156000.0,45.62,20.85,1.43,4.32,14.0,1.57,0.2503,0.1122,0.067,0.0394,0.07,0.05,11686905856.0,0.022,3.04,6.65,-0.957,-0.965,1380508032.0,3115205120.0,66.36,1.5,1.44,32.1,1289841024.0,690160000.0,0.0097,0.0128,0.0075,0.3927,138.67,143.38,165.0,123.0,buy,2.17,0.76,149.05,105.18,128.92,130.31,3.45,0.02
JBHT,2025-07-21,"J.B. Hunt Transport Services, Inc.",Industrials,Integrated Freight & Logistics,United States,https://www.jbhunt.com,14769084416.0,16121102336.0,78410348.0,99194600.0,27.12,20.74,1.22,3.94,10.25,1.34,0.1882,0.1304,0.0612,0.0465,0.14,0.06,12064594944.0,-0.008,5.49,7.18,-0.041,-0.077,43407000.0,1920166016.0,49.66,0.89,0.66,37.76,337648992.0,1420881024.0,0.0123,0.0176,0.0086,0.314,148.89,152.8,172.0,125.0,buy,2.0,1.3,200.4,122.79,144.23,160.2,3.26,0.04
JBL,2025-07-21,Jabil Inc.,Technology,Electronic Components,United States,https://www.jabil.com,24037308416.0,25363800064.0,104403600.0,107319000.0,42.74,22.38,0.84,18.71,12.07,0.89,0.0886,0.0737,0.0489,0.0202,0.32,0.05,28514000896.0,0.157,5.24,10.01,0.915,0.721,1523000064.0,3329999872.0,258.74,0.98,0.47,11.97,1419874944.0,1587000064.0,0.0015,0.0032,0.0045,0.061,223.98,215.27,245.0,176.0,buy,1.67,1.14,227.54,95.85,190.0,153.35,3.24,0.04
JCI,2025-07-21,Johnson Controls International plc,Industrials,Building Products & Equipment,Ireland,https://www.johnsoncontrols.com,71700799488.0,81135960064.0,655520403.0,658046976.0,32.92,26.0,3.08,4.54,19.72,3.49,0.3601,0.177,0.1131,0.1078,0.13,0.05,23247998976.0,0.014,3.31,4.19,,,799000000.0,11205000192.0,65.79,0.96,0.56,24.02,2593499904.0,3392999936.0,0.014,0.0148,0.0209,0.4471,108.96,103.59,130.0,79.0,buy,2.0,1.34,109.4,64.31,101.98,86.18,1.85,0.02
JKHY,2025-07-21,"Jack Henry & Associates, Inc.",Technology,Information Technology Services,United States,https://www.jackhenry.com,13007850496.0,13302831104.0,72349964.0,72816000.0,30.38,28.27,5.61,6.39,22.0,5.73,0.4206,0.2606,0.2371,0.185,0.22,0.12,2319827968.0,0.086,5.88,6.32,0.277,0.276,39870000.0,223444992.0,10.97,1.36,0.81,27.97,230522256.0,546190976.0,0.0129,0.0232,0.0116,0.3799,178.64,189.34,212.0,155.0,hold,2.63,0.73,196.0,160.23,180.06,177.1,4.11,0.04
JNJ,2025-07-21,Johnson & Johnson,Healthcare,Drug Manufacturers - General,United States,https://www.jnj.com,393873653760.0,380998680576.0,2402416048.0,2406070016.0,17.51,15.44,4.41,5.04,12.69,4.26,0.689,0.3361,0.2941,0.2442,0.29,0.08,89330999296.0,0.024,9.35,10.6,2.388,2.379,38781001728.0,52252000256.0,66.9,1.26,0.96,32.47,16797124608.0,24782999552.0,0.034,0.052000000000000005,0.0278,0.5517,163.7,169.18,185.0,150.0,none,,0.41,169.99,140.68,154.46,155.25,2.08,0.01
JNPR,2025-06-30,"Juniper Networks, Inc.",Technology,Communication Equipment,United States,https://www.juniper.net,12311982080.0,12717367296.0,329788182.0,334383008.0,35.07,18.6,2.37,2.55,21.04,2.44,0.587,0.1161,0.0856,0.0678,0.08,0.03,5204899840.0,0.114,1.05,1.98,,,1558099968.0,1963500032.0,40.66,1.49,0.99,14.44,733287488.0,779600000.0,0.0239,0.0088,0.0278,0.8381,36.82,40.0,40.0,40.0,none,,0.77,39.79,33.42,35.97,36.91,3.61,0.03
JPM,2025-07-21,JPMorgan Chase & Co.,Financial Services,Banks - Diversified,United States,https://www.jpmorganchase.com,809465479168.0,423310295040.0,2764643197.0,2779089920.0,14.94,17.4,4.8,2.38,,2.51,0.0,0.0,0.4334,0.3538,0.17,0.01,168713994240.0,0.048,19.49,16.74,0.142,0.091,1478705020928.0,1076282982400.0,,,,122.52,,-139692998656.0,0.0193,0.055999999999999994,0.026,0.2478,291.27,273.75,330.0,195.0,buy,2.24,1.08,296.4,190.9,273.22,249.95,3.43,0.01
K,2025-07-21,Kellanova,Consumer Defensive,Packaged Foods,United States,https://www.kellanova.com,27727364096.0,33626064896.0,342012539.0,346939008.0,20.13,66.6,2.2,7.08,14.17,2.66,0.3666,0.1879,0.1482,0.1092,0.38,0.08,12632000512.0,-0.037,3.97,1.2,0.115,0.139,336000000.0,6259999744.0,155.53,0.8,0.44,11.28,722124992.0,1512000000.0,0.0287,0.022799999999999997,0.0349,0.5718,79.92,83.4,83.5,83.0,hold,3.0,0.3,83.22,56.37,80.83,81.4,2.56,0.03
KDP,2025-07-21,Keurig Dr Pepper Inc.,Consumer Defensive,Beverages - Non-Alcoholic,United States,https://www.keurigdrpepper.com,45553692672.0,62930366464.0,1209620552.0,1358189952.0,30.49,16.36,2.94,1.86,15.1,4.06,0.5525,0.2685,0.2212,0.0969,0.06,0.04,15518000128.0,0.048,1.1,2.05,0.156,0.139,653000000.0,18681999360.0,76.42,0.47,0.24,18.0,1535000064.0,2343000064.0,0.0278,0.0092,0.0224,0.8227,33.54,38.57,42.0,34.0,buy,1.9,0.5,38.28,30.12,33.31,33.43,2.06,0.02
KEY,2025-07-21,KeyCorp,Financial Services,Banks - Regional,United States,https://www.key.com,20274888704.0,33484316672.0,1090813423.0,1095939968.0,,11.86,4.54,1.25,,7.5,0.0,0.0,0.3129,0.0056,0.0,0.0,4464000000.0,0.158,-0.19,1.56,0.672,0.849,3624000000.0,15516999680.0,,,,14.84,,165000000.0,0.0471,0.008199999999999999,0.0496,1.0789,18.5,19.24,43.0,15.5,buy,2.2,1.07,20.04,12.73,16.72,16.91,2.05,0.03
KEYS,2025-07-21,"Keysight Technologies, Inc.",Technology,Scientific & Technical Instruments,United States,https://www.keysight.com,27959105536.0,27848757248.0,170904097.0,172108992.0,38.13,23.31,5.47,5.1,24.13,5.45,0.6188,0.2259,0.2052,0.1453,0.14,0.06,5107999744.0,0.074,4.26,6.97,1.069,1.04,3118000128.0,2764999936.0,50.48,3.39,2.46,31.88,976499968.0,1476000000.0,0.0,0.0,0.0,0.0,162.45,183.44,200.0,156.78,none,,1.1,186.2,119.72,161.74,159.79,2.63,0.02
KHC,2025-07-21,The Kraft Heinz Company,Consumer Defensive,Packaged Foods,United States,https://www.kraftheinzcompany.com,32926081024.0,49520058368.0,851108796.0,1183539968.0,12.7,9.06,1.29,0.67,7.78,1.95,0.3458,0.2504,0.2055,0.1044,0.05,0.04,25433999360.0,-0.064,2.19,3.07,-0.106,-0.111,2787000064.0,21603000320.0,43.55,1.31,0.7,41.56,2305625088.0,4132999936.0,0.062,0.016,0.0455,0.7306,27.82,31.67,55.6,27.0,hold,2.91,0.23,36.53,25.44,26.8,30.0,3.99,0.06
KIM,2025-07-21,Kimco Realty Corporation,Real Estate,REIT - Retail,United States,https://www.kimcorealty.com,14659667968.0,22424301568.0,660700111.0,676496000.0,28.51,30.96,7.08,1.39,17.84,10.83,0.687,0.6071,0.3357,0.2679,0.05,0.02,2069884032.0,0.065,0.76,0.7,,,131655000.0,8143657984.0,75.54,1.79,1.78,15.58,797736128.0,1053342976.0,0.0476,0.01,0.043,1.2895,21.67,23.89,30.0,20.0,buy,2.39,1.28,25.83,17.93,21.13,22.23,4.33,0.04
KKR,2025-07-21,KKR & Co. Inc.,Financial Services,Asset Management,United States,https://www.kkr.com,135062151168.0,173629194240.0,682641393.0,890641984.0,62.92,24.05,6.65,5.2,,8.55,0.6053,0.0,0.1713,0.1087,0.07,0.01,20308705280.0,-0.576,2.32,6.07,,,40343830528.0,51460583424.0,74.63,1.7,1.64,28.06,,7672171008.0,0.0056,0.0074,0.0095,0.3017,145.98,143.43,189.0,127.0,strong_buy,1.5,1.88,170.4,86.15,127.68,134.24,2.69,0.01
KLAC,2025-07-21,KLA Corporation,Technology,Semiconductor Equipment & Materials,United States,https://www.kla.com,123132239872.0,120514486272.0,131965045.0,132241000.0,33.9,28.37,10.66,30.75,23.93,10.43,0.6056,0.436,0.4245,0.3199,1.04,0.19,11550155776.0,0.298,27.47,32.82,0.842,0.809,4028622080.0,6089172992.0,152.05,2.54,1.61,30.28,2567814400.0,3809527040.0,0.0085,0.076,0.0109,0.2292,931.12,808.35,950.0,590.0,buy,2.11,1.39,945.87,551.33,842.06,729.51,3.06,0.03
KMB,2025-07-21,Kimberly-Clark Corporation,Consumer Defensive,Household & Personal Products,United States,https://www.kimberly-clark.com,42316492800.0,49621725184.0,330657997.0,331816000.0,17.35,16.71,2.14,38.44,12.86,2.51,0.3645,0.1955,0.1694,0.1248,2.07,0.12,19748999168.0,-0.06,7.35,7.63,-0.11,-0.124,563000000.0,7283999744.0,595.1,0.76,0.4,3.32,2051624960.0,3123000064.0,0.0391,0.0504,0.0347,0.6703,127.53,142.4,162.0,118.0,hold,2.74,0.4,150.45,124.1,133.75,135.24,2.5,0.02
KMI,2025-07-21,"Kinder Morgan, Inc.",Energy,Oil & Gas Midstream,United States,https://www.kindermorgan.com,61970825216.0,99763822592.0,1937132871.0,2222769920.0,22.85,22.13,4.0,2.01,15.17,6.44,0.5026,0.4242,0.27,0.1667,0.08,0.04,15498999808.0,0.104,1.22,1.26,-0.04,-0.039,86000000.0,33200001024.0,103.99,0.45,0.27,13.85,257875008.0,5608000000.0,0.0398,0.011699999999999999,0.061,0.9914,27.88,30.49,38.0,24.0,buy,2.05,0.75,31.48,19.68,27.96,27.09,3.27,0.02
KMX,2025-07-21,"CarMax, Inc.",Consumer Cyclical,Auto & Truck Dealerships,United States,https://www.carmax.com,9397508096.0,29310509056.0,149317289.0,150072000.0,17.3,16.61,0.33,1.5,25.14,1.02,0.1247,0.0407,0.0386,0.0195,0.09,0.02,28673363968.0,0.062,3.62,3.77,0.423,0.38,262819008.0,19486978048.0,309.96,2.39,0.2,41.75,57066124.0,1041670976.0,0.0,0.0,0.0,0.0,62.62,85.07,122.13,52.0,buy,2.11,1.38,91.25,61.34,66.2,74.74,4.11,0.1
KO,2025-07-21,The Coca-Cola Company,Consumer Defensive,Beverages - Non-Alcoholic,United States,https://www.coca-colacompany.com,300653248512.0,342262874112.0,3871343589.0,4304269824.0,28.05,23.52,6.41,11.47,22.24,7.3,0.6108,0.3282,0.3353,0.23,0.39,0.09,46890000384.0,-0.015,2.49,2.97,0.045,0.048,13786999808.0,49970999296.0,180.05,1.1,0.75,6.09,4730375168.0,1075000064.0,0.0288,0.0204,0.0297,0.7892,69.85,77.83,86.0,59.6,buy,1.62,0.46,74.38,60.62,70.75,67.93,2.63,0.01
KR,2025-07-21,The Kroger Co.,Consumer Defensive,Grocery Stores,United States,https://www.thekrogerco.com,47199924224.0,72498036736.0,740520000.0,661155968.0,19.45,15.59,0.32,5.79,8.72,0.49,0.2381,0.0565,0.0199,0.0176,0.24,0.06,146972000256.0,-0.006,3.67,4.58,-0.882,-0.884,2308999936.0,21152999424.0,229.2,0.95,0.41,12.34,2850500096.0,5600999936.0,0.0195,0.013999999999999999,0.02,0.3406,71.39,74.5,85.0,58.0,buy,2.16,0.57,74.11,50.69,69.15,64.1,5.0,0.06
KVUE,2025-07-21,Kenvue Inc.,Consumer Defensive,Household & Personal Products,United States,https://www.kenvue.com,42238021632.0,47977713664.0,1916991675.0,1919910016.0,39.29,18.03,2.76,4.2,13.67,3.14,0.5824,0.2293,0.1671,0.069,0.1,0.07,15301999616.0,-0.039,0.56,1.22,0.122,0.088,1057000000.0,8851000320.0,88.04,0.86,0.5,5.24,1793374976.0,1910000000.0,0.0392,0.008199999999999999,0.0,1.4554,22.0,24.69,29.0,22.0,hold,2.56,0.92,25.17,17.85,22.26,22.45,1.67,0.02
L,2025-07-21,Loews Corporation,Financial Services,Insurance - Property & Casualty,United States,https://www.loews.com,19371806720.0,23293784064.0,171210924.0,209696992.0,15.14,31.86,1.09,1.13,8.45,1.31,0.363,0.1552,0.138,0.0747,0.08,0.02,17773000704.0,0.062,6.1,2.9,-0.151,-0.19,5715999744.0,8945999872.0,49.61,0.49,0.49,81.73,3020999936.0,3563000064.0,0.0027,0.0025,0.0042,0.041,92.38,,,,none,,0.71,93.23,75.16,89.53,85.58,3.08,0.01
LDOS,2025-07-21,"Leidos Holdings, Inc.",Technology,Information Technology Services,United States,https://www.leidos.com,20921985024.0,25242689536.0,127394355.0,128719000.0,16.4,15.55,1.24,4.91,11.37,1.49,0.1723,0.1311,0.1242,0.0787,0.31,0.09,16931999744.0,0.068,9.91,10.45,0.338,0.278,845000000.0,5736000000.0,133.33,1.54,1.27,33.07,921625024.0,1336999936.0,0.0101,0.016,0.0133,0.1573,162.54,170.82,187.0,151.0,buy,2.06,0.65,202.9,123.62,154.49,152.32,2.79,0.03
LEN,2025-07-21,Lennar Corporation,Consumer Cyclical,Residential Construction,United States,https://www.lennar.com,28214931456.0,26893674496.0,234330280.0,227602000.0,9.08,6.79,0.8,1.26,6.18,0.76,0.2063,0.1231,0.0791,0.0921,0.13,0.07,35371978752.0,-0.044,12.07,16.14,-0.475,-0.5,6433734144.0,4384373248.0,19.29,10.11,3.5,87.18,,,0.0181,0.02,0.0123,0.1657,109.57,123.15,161.24,95.0,buy,2.5,1.35,187.61,98.42,109.65,131.24,4.0,0.06
LH,2025-07-21,Labcorp Holdings Inc.,Healthcare,Diagnostics & Research,United States,https://www.labcorp.com,20399364096.0,28201586688.0,83247183.0,83700000.0,28.08,15.21,1.55,2.46,16.42,2.14,0.2789,0.1303,0.0994,0.0555,0.09,0.04,13177400320.0,0.053,8.68,16.02,-0.063,-0.067,369400000.0,6584600064.0,79.13,1.84,1.28,99.13,967924992.0,1634099968.0,0.011,0.0288,0.0,0.3322,243.72,277.23,300.0,248.0,buy,1.55,0.79,265.72,205.98,253.16,239.29,5.21,0.05
LHX,2025-07-21,"L3Harris Technologies, Inc.",Industrials,Aerospace & Defense,United States,https://www.l3harris.com,49497690112.0,58627444736.0,186121206.0,186946000.0,31.45,18.4,2.33,2.6,14.78,2.76,0.2601,0.1867,0.1333,0.0755,0.09,0.04,21245999104.0,-0.015,8.42,14.39,0.378,0.364,517000000.0,12252000256.0,64.05,1.02,0.79,101.98,3564999936.0,2620999936.0,0.0191,0.048,0.0201,0.5552,264.77,262.31,324.0,212.0,buy,1.75,0.75,267.57,193.09,244.77,228.84,2.51,0.03
LII,2025-07-21,Lennox International Inc.,Industrials,Building Products & Equipment,United States,https://www.lennox.com,21625501696.0,21608222720.0,31783051.0,35484800.0,27.17,26.09,4.03,25.37,19.31,4.03,0.328,0.2085,0.1442,0.1496,1.31,0.2,5366799872.0,0.024,22.43,23.36,-0.029,-0.032,222900000.0,1489799936.0,174.76,1.43,0.68,24.02,589800000.0,932700032.0,0.0091,0.052000000000000005,0.0115,0.1537,609.43,561.94,700.0,400.0,hold,3.05,1.14,682.5,500.1,577.58,597.43,5.78,0.07
LIN,2025-07-21,Linde plc,Basic Materials,Specialty Chemicals,United Kingdom,https://www.linde.com,218891370496.0,241155817472.0,469475009.0,470724000.0,33.79,27.43,6.63,5.76,18.81,7.3,0.4826,0.3884,0.2829,0.2002,0.17,0.07,33016999936.0,0.001,13.76,16.95,0.048,0.028,5294000128.0,23896999936.0,60.56,0.94,0.73,80.7,3411000064.0,9630000128.0,0.0128,0.06,0.0134,0.4115,465.01,494.44,576.0,381.0,buy,1.96,0.98,487.49,408.65,463.95,455.25,2.6,0.01
LKQ,2025-07-21,LKQ Corporation,Consumer Cyclical,Auto Parts,United States,https://www.lkqcorp.com,9582453760.0,15188045824.0,256178008.0,258148000.0,13.8,10.25,0.68,1.55,8.81,1.08,0.3927,0.1221,0.086,0.0497,0.11,0.05,14115000320.0,-0.065,2.69,3.62,0.102,0.07,227000000.0,5846000128.0,94.46,1.52,0.46,23.9,510249984.0,865000000.0,0.0324,0.012,0.0,0.4461,37.12,52.53,60.0,48.0,none,,0.98,45.7,35.56,39.2,39.17,5.28,0.05
LLY,2025-07-21,Eli Lilly and Company,Healthcare,Drug Manufacturers - General,United States,https://www.lilly.com,692791869440.0,735276367872.0,895500289.0,897736000.0,62.89,34.06,14.14,46.39,33.42,15.0,0.817,0.449,0.4249,0.2267,0.77,0.16,49003200512.0,0.452,12.27,22.66,0.234,0.23,3221799936.0,38604300288.0,243.61,1.37,0.57,16.64,-1821975040.0,9317499904.0,0.0077,0.06,0.0109,0.4394,771.71,951.98,1190.0,650.0,buy,1.72,0.39,972.53,677.09,766.81,810.67,2.13,0.01
LMT,2025-07-21,Lockheed Martin Corporation,Industrials,Aerospace & Defense,United States,https://www.lockheedmartin.com,108703973376.0,127012831232.0,172732348.0,234296000.0,20.0,16.51,1.51,16.18,14.62,1.77,0.1023,0.121,0.1269,0.0766,0.83,0.08,71810998272.0,0.045,23.2,28.11,0.139,0.108,1803000064.0,20303998976.0,303.82,1.08,0.87,28.68,5291125248.0,6745999872.0,0.0285,0.132,0.0265,0.556,463.96,527.95,670.0,408.0,buy,2.26,0.29,618.95,418.88,469.8,490.9,1.47,0.01
LNT,2025-07-21,Alliant Energy Corporation,Utilities,Utilities - Regulated Electric,United States,https://www.alliantenergy.com,16473457664.0,26137309184.0,256139064.0,256876000.0,22.11,19.85,4.04,2.32,14.86,6.41,0.4649,0.4313,0.2278,0.1827,0.11,0.03,4078000128.0,0.094,2.9,3.23,0.345,0.348,25000000.0,10629000192.0,149.85,0.34,0.13,27.61,-1070000000.0,1108999936.0,0.0336,0.0203,0.0313,0.6716,64.13,65.65,71.0,61.0,buy,2.23,0.58,66.54,54.61,61.43,61.0,3.07,0.03
LOW,2025-07-21,"Lowe's Companies, Inc.",Consumer Cyclical,Home Improvement Retail,United States,https://www.lowes.com,122825596928.0,160284311552.0,559221509.0,560438016.0,18.11,17.35,1.48,-9.26,12.85,1.93,0.3337,0.1499,0.1192,0.0822,,0.14,83240001536.0,-0.02,12.1,12.63,-0.046,-0.065,3054000128.0,38994001920.0,,1.01,0.14,-23.67,5662374912.0,8741999616.0,0.0216,0.048,0.0168,0.3805,219.16,263.74,305.0,207.0,buy,2.03,0.92,287.01,206.39,223.88,244.32,3.16,0.02
LRCX,2025-07-21,Lam Research Corporation,Technology,Semiconductor Equipment & Materials,United States,https://www.lamresearch.com,128756219904.0,123542970368.0,1274385263.0,1279120000.0,28.04,23.57,7.51,13.58,21.8,7.21,0.4806,0.3307,0.3309,0.2718,0.53,0.17,17135705088.0,0.244,3.59,4.27,0.411,0.378,5450718208.0,4484340224.0,47.15,2.45,1.58,7.41,2826895104.0,4481505792.0,0.0095,0.0092,0.0108,0.2479,100.66,93.48,125.0,70.0,buy,1.65,1.66,102.19,56.32,90.18,79.38,2.58,0.02
LULU,2025-07-21,lululemon athletica inc.,Consumer Cyclical,Apparel Retail,Canada,https://shop.lululemon.com,27538165760.0,28854378496.0,110196639.0,114729000.0,15.62,15.39,2.56,6.43,9.69,2.68,0.5934,0.2769,0.185,0.1682,0.42,0.22,10749894656.0,0.073,14.71,14.93,0.024,-0.021,1325272064.0,1706781952.0,39.79,2.28,0.93,35.74,1183213952.0,2026235008.0,0.0,0.0,0.0,0.0,229.77,300.87,500.0,175.0,buy,2.38,1.26,423.32,219.97,270.35,316.61,1.63,0.06
LUV,2025-07-21,Southwest Airlines Co.,Industrials,Airlines,United States,https://www.southwest.com,20805806080.0,18229446656.0,509613888.0,569865984.0,41.02,22.96,0.75,2.22,9.64,0.66,0.2217,0.0686,-0.0251,0.0198,0.06,0.01,27581999104.0,0.016,0.89,1.59,,,8252000256.0,7994999808.0,85.37,0.77,0.67,16.43,-837249984.0,1426000000.0,0.0222,0.0072,0.0103,0.809,36.51,30.1,42.0,19.0,hold,2.83,1.23,37.96,23.58,33.06,31.51,4.11,0.1
LVS,2025-07-21,Las Vegas Sands Corp.,Consumer Cyclical,Resorts & Casinos,United States,https://www.sands.com,34391580672.0,41893441536.0,349395652.0,706627968.0,27.19,17.7,3.07,12.75,11.36,3.74,0.7901,0.3294,0.2152,0.1164,0.45,0.07,11201000448.0,-0.033,1.79,2.75,-0.256,-0.287,3036000000.0,13850999808.0,456.68,0.6,0.56,3.82,1662249984.0,3016000000.0,0.023,0.01,0.0475,0.4749,48.67,51.15,68.0,43.0,buy,1.63,1.02,56.61,30.18,43.54,45.34,3.61,0.05
LW,2025-07-21,"Lamb Weston Holdings, Inc.",Consumer Defensive,Packaged Foods,United States,https://www.lambweston.com,6914683904.0,11518144512.0,132405959.0,141116000.0,19.22,9.84,1.08,4.23,9.38,1.8,0.238,0.1922,0.1703,0.0575,0.22,0.07,6387400192.0,0.043,2.55,4.98,0.019,-0.001,67500000.0,4268800000.0,261.31,1.35,0.48,11.58,15387500.0,802000000.0,0.0285,0.0148,0.0148,0.5686,49.0,65.43,82.0,56.0,buy,2.42,0.47,83.98,47.9,52.9,61.12,3.15,0.05
LYB,2025-07-21,LyondellBasell Industries N.V.,Basic Materials,Specialty Chemicals,United States,https://www.lyondellbasell.com,20315693056.0,29641205760.0,255249463.0,321400000.0,21.87,7.34,0.51,1.67,8.35,0.75,0.101,0.0895,0.0143,0.0268,0.07,0.04,39674998784.0,-0.076,2.89,8.61,-0.627,-0.628,1895000064.0,12814000128.0,103.88,1.83,0.91,37.8,1453374976.0,3353999872.0,0.0947,0.0548,0.0542,1.8547,63.21,69.37,105.0,50.0,hold,2.71,0.84,100.46,51.11,59.36,72.12,2.59,0.03
LYV,2025-07-21,"Live Nation Entertainment, Inc.",Communication Services,Entertainment,United States,https://www.livenationentertainment.com,34879369216.0,38201499648.0,155936063.0,231772000.0,51.01,62.19,1.53,323.63,19.41,1.68,0.2554,0.0866,0.0333,0.0428,0.69,0.04,22738212864.0,-0.11,2.95,2.42,,,7158680064.0,8294375936.0,393.22,0.96,0.78,0.46,1639135232.0,2057555968.0,0.0,0.0,0.0,0.0,150.49,162.74,185.0,125.0,buy,1.52,1.45,157.75,87.33,144.35,134.05,5.59,0.11
MA,2025-07-21,Mastercard Incorporated,Financial Services,Credit Services,United States,https://www.mastercard.com,501860564992.0,521201287168.0,900038643.0,901262976.0,38.76,33.74,17.26,75.39,28.99,17.93,1.0,0.6185,0.5931,0.4521,1.88,0.23,29069000704.0,0.142,14.26,16.38,0.115,0.089,7894000128.0,18801999872.0,280.8,1.11,0.66,7.33,14451000320.0,15488000000.0,0.0054,0.0304,0.0052,0.1921,552.66,621.58,690.0,500.0,buy,1.78,1.05,594.71,428.86,568.11,539.23,2.2,0.01
MAA,2025-07-21,"Mid-America Apartment Communities, Inc.",Real Estate,REIT - Residential,United States,https://www.maac.com,18110191616.0,22521544704.0,116013559.0,117058000.0,31.35,36.33,8.24,2.96,18.07,10.25,0.592,0.5672,0.2902,0.2574,0.09,0.03,2196687872.0,0.01,4.81,4.15,0.262,0.264,55776000.0,5067837952.0,82.63,0.06,0.04,50.89,990585280.0,1094653056.0,0.0409,0.060599999999999994,0.0324,1.2318,150.77,170.04,192.0,149.0,buy,2.35,0.78,173.38,138.89,153.06,156.37,4.46,0.05
MAR,2025-07-21,"Marriott International, Inc.",Consumer Cyclical,Lodging,United States,https://www.marriott.com,74658570240.0,90159161344.0,239790574.0,273896000.0,31.05,25.72,11.17,-23.66,20.78,13.49,0.8189,0.6492,0.5902,0.3706,,0.09,6681999872.0,0.041,8.78,10.6,0.238,0.179,523000000.0,15850999808.0,,0.45,0.41,-11.52,1812999936.0,2616999936.0,0.0098,0.0268,0.0129,0.2867,272.58,273.71,320.0,205.0,buy,2.43,1.42,307.52,204.55,268.1,266.46,5.2,0.03
MAS,2025-07-21,Masco Corporation,Industrials,Building Products & Equipment,United States,https://www.masco.com,13829356544.0,16753228800.0,209952704.0,210942000.0,17.91,14.83,1.8,-54.45,11.27,2.17,0.3634,0.193,0.1588,0.103,11.17,0.16,7703000064.0,-0.065,3.66,4.42,-0.103,-0.135,377000000.0,3305999872.0,,1.74,1.02,-1.2,734000000.0,1011000000.0,0.0193,0.0124,0.0161,0.3224,65.56,69.91,82.34,58.0,buy,2.43,1.19,86.7,56.55,64.28,72.29,2.82,0.03
MCD,2025-07-21,McDonald's Corporation,Consumer Cyclical,Restaurants,United States,https://www.mcdonalds.com,212414873600.0,260468113408.0,713881524.0,715033024.0,26.24,23.56,8.26,-61.49,18.74,10.13,0.5682,0.5406,0.4458,0.3175,,0.13,25706999808.0,-0.035,11.32,12.61,-0.023,-0.032,1238000000.0,52794998784.0,,1.18,0.9,-4.83,5306375168.0,9484999680.0,0.0242,0.0708,0.0222,0.6072,297.07,328.61,364.0,260.0,buy,2.22,0.56,326.32,246.12,303.47,301.55,2.73,0.01
MCHP,2025-07-21,Microchip Technology Incorporated,Technology,Semiconductors,United States,https://www.microchip.com,40356896768.0,42967040000.0,527538052.0,539675008.0,,28.76,9.17,5.69,38.17,9.76,0.5607,0.2557,-0.0296,-0.0001,-0.0,0.02,4401600000.0,-0.268,-0.01,2.6,,,771699968.0,5781199872.0,81.68,2.59,1.26,13.14,1055487488.0,898099968.0,0.0259,0.0182,0.0173,3.1772,74.78,66.66,85.0,50.0,buy,1.75,1.46,93.23,34.13,65.97,60.95,3.79,0.08
MCK,2025-07-21,McKesson Corporation,Healthcare,Medical Distribution,United States,https://www.mckesson.com,88656855040.0,93782745088.0,124900796.0,124904000.0,27.63,19.28,0.25,-42.78,17.32,0.26,0.0357,0.0151,0.0153,0.0092,,0.04,359051001856.0,0.189,25.69,36.81,0.664,0.593,5690999808.0,7414000128.0,,0.9,0.51,-16.59,4733250048.0,6085000192.0,0.0039,0.028399999999999998,0.0063,0.1069,709.8,758.57,820.0,610.0,buy,1.71,0.49,737.89,464.42,715.44,632.55,2.45,0.02
MCO,2025-07-21,Moody's Corporation,Financial Services,Financial Data & Stock Exchanges,United States,https://www.moodys.com,89951002624.0,95480004608.0,166447868.0,179938000.0,43.28,37.53,12.45,24.31,28.76,13.21,0.7275,0.4594,0.4589,0.2914,0.55,0.13,7225999872.0,0.077,11.55,13.32,0.098,0.083,2200999936.0,7267999744.0,188.39,1.56,1.4,20.56,2182374912.0,2820000000.0,0.0075,0.037599999999999995,0.008,0.3016,499.9,502.9,572.0,420.0,none,,1.38,531.93,378.71,486.08,475.81,4.71,0.02
MDLZ,2025-07-21,"Mondelez International, Inc.",Consumer Defensive,Confectioners,United States,https://www.mondelezinternational.com,90391379968.0,105954344960.0,1291202838.0,1294819968.0,25.95,20.35,2.48,3.51,18.81,2.91,0.3274,0.1545,0.0776,0.0988,0.13,0.04,36464001024.0,0.002,2.69,3.43,-0.703,-0.715,1560999936.0,20155000832.0,78.05,0.61,0.32,19.91,3596750080.0,4678000128.0,0.0279,0.018799999999999997,0.0227,0.6822,69.81,72.93,81.0,66.0,buy,1.89,0.5,76.06,53.95,67.08,65.14,3.06,0.02
MDT,2025-07-21,Medtronic plc,Healthcare,Medical Devices,Ireland,https://www.medtronic.com,114813714432.0,132580843520.0,1279163429.0,1281260032.0,24.82,15.32,3.42,2.39,14.55,3.95,0.6539,0.2717,0.1709,0.139,0.1,0.04,33536999424.0,0.039,3.61,5.85,0.68,0.615,8965000192.0,29625999360.0,61.39,1.85,1.2,37.46,4206249984.0,7043999744.0,0.0326,0.028399999999999998,0.028,0.7756,89.61,96.58,112.45,78.0,buy,2.09,0.82,96.25,78.32,86.3,87.08,1.01,0.01
MET,2025-07-21,"MetLife, Inc.",Financial Services,Insurance - Life,United States,https://www.metlife.com,51790639104.0,72120770560.0,559808683.0,671297984.0,12.61,7.96,0.7,1.89,9.55,0.98,0.258,0.1028,0.1029,0.0613,0.16,0.01,73494003712.0,0.156,6.12,9.69,0.164,0.09,30075000832.0,47948001280.0,172.75,1.6,1.34,40.83,1656249984.0,16531999744.0,0.0282,0.0227,0.0313,0.3562,77.15,92.71,110.0,73.0,buy,1.81,0.84,89.05,65.21,78.93,81.01,3.07,0.01
META,2025-07-21,"Meta Platforms, Inc.",Communication Services,Internet Content & Information,United States,https://investor.atmeta.com,1770792550400.0,1835088740352.0,2166721507.0,2171150080.0,27.54,27.84,10.39,9.6,20.86,10.77,0.8177,0.5164,0.4149,0.3911,0.4,0.18,170359996416.0,0.161,25.57,25.3,0.365,0.346,70229999616.0,49519001600.0,26.76,2.66,2.5,73.34,36658999296.0,96108003328.0,0.0028,0.021,0.0,0.0792,704.28,729.37,935.0,525.0,strong_buy,1.48,1.27,747.9,442.65,681.19,622.34,2.59,0.01
MGM,2025-07-21,MGM Resorts International,Consumer Cyclical,Resorts & Casinos,United States,https://www.mgmresorts.com,10121221120.0,39728701440.0,204245216.0,272148992.0,16.6,16.17,0.59,3.64,16.24,2.32,0.4542,0.1428,0.0967,0.0396,0.26,0.02,17134156800.0,-0.024,2.24,2.3,-0.239,-0.317,2270563072.0,31872178176.0,880.1,1.31,1.09,10.2,556492032.0,2360303104.0,0.0,0.0,0.0081,0.0,37.19,45.67,59.0,35.0,buy,1.64,1.77,45.54,25.3,34.16,34.65,4.19,0.12
MHK,2025-07-21,"Mohawk Industries, Inc.",Consumer Cyclical,"Furnishings, Fixtures & Appliances",United States,https://www.mohawkind.com,6950871040.0,8646588416.0,51737307.0,62524700.0,14.53,9.97,0.65,0.88,6.14,0.81,0.2547,0.1318,0.048,0.0454,0.06,0.04,10683299840.0,-0.057,7.65,11.15,-0.299,-0.309,702499968.0,2788199936.0,35.47,2.01,0.95,125.7,669262528.0,953900032.0,0.0,0.0,0.0,0.0,111.17,126.72,150.0,105.0,buy,2.22,1.19,164.29,96.24,105.37,120.82,2.93,0.04
MKC,2025-07-21,"McCormick & Company, Incorporated",Consumer Defensive,Packaged Foods,United States,https://www.mccormickcorporation.com,19169056768.0,24707530752.0,264689565.0,253040992.0,24.89,22.89,2.84,3.42,19.28,3.66,0.3854,0.19,0.1565,0.115,0.14,0.05,6742799872.0,0.01,2.87,3.12,-0.044,-0.05,124100000.0,4454900224.0,79.12,0.68,0.22,20.87,428837504.0,781800000.0,0.0237,0.018000000000000002,0.0182,0.6063,71.42,82.95,102.0,67.0,hold,2.56,0.68,86.24,69.98,73.85,77.03,2.04,
MKTX,2025-07-21,MarketAxess Holdings Inc.,Financial Services,Capital Markets,United States,https://www.marketaxess.com,7831855104.0,7860090880.0,36759878.0,37501700.0,36.26,25.38,9.61,5.82,19.14,9.64,0.6206,0.5036,0.4237,0.2657,0.16,0.11,815355008.0,-0.008,5.76,8.23,-0.792,-0.793,586390976.0,70861000.0,5.26,8.86,7.4,35.86,503360736.0,419815008.0,0.0136,0.0304,0.0096,0.5174,208.84,238.23,295.0,179.0,buy,2.31,0.84,296.68,186.84,219.59,230.76,2.29,0.04
MLM,2025-07-21,"Martin Marietta Materials, Inc.",Basic Materials,Building Materials,United States,https://www.martinmarietta.com,34063060992.0,38803279872.0,59806142.0,60285400.0,32.36,27.11,5.13,3.75,17.89,5.85,0.2954,0.3268,0.1478,0.1606,0.12,0.06,6638000128.0,0.082,17.46,20.84,-0.887,-0.889,101000000.0,5807000064.0,63.93,2.25,0.89,150.65,291875008.0,1504999936.0,0.0058,0.0316,0.0065,0.1783,565.03,592.54,660.0,400.0,buy,1.92,0.89,633.23,441.95,551.87,536.75,5.39,0.04
MMC,2025-07-21,"Marsh & McLennan Companies, Inc.",Financial Services,Insurance Brokers,United States,https://www.marshmclennan.com,104361943040.0,128747995136.0,491821141.0,491624000.0,25.51,22.51,4.17,6.62,17.36,5.14,0.4432,0.2962,0.3044,0.1613,0.31,0.08,25045999616.0,0.091,8.32,9.43,-0.011,-0.014,1604000000.0,22418999296.0,157.13,1.14,0.5,32.07,4121999872.0,4461000192.0,0.0149,0.0326,0.0138,0.4871,212.28,232.54,263.0,189.21,hold,2.7,0.83,248.0,207.21,221.77,224.02,3.29,0.01
MMM,2025-07-21,3M Company,Industrials,Conglomerates,United States,https://www.3m.com,82465472512.0,89101729792.0,537347181.0,538180992.0,21.28,19.4,3.36,18.76,16.72,3.64,0.4121,0.2174,0.2067,0.1779,0.94,0.05,24512999424.0,-0.01,7.2,7.9,0.221,0.203,7024000000.0,14133999616.0,312.49,1.66,1.11,8.17,374500000.0,973000000.0,0.0192,0.0292,0.0415,0.3524,153.23,152.94,184.0,100.0,buy,2.16,1.08,164.15,101.77,149.5,141.14,3.4,0.02
MNST,2025-07-21,Monster Beverage Corporation,Consumer Defensive,Beverages - Non-Alcoholic,United States,https://www.monsterbevcorp.com,57539514368.0,59446636544.0,693039178.0,975246016.0,38.82,31.55,7.73,8.82,27.37,7.98,0.5464,0.2916,0.3084,0.2027,0.2,0.14,7448168960.0,-0.023,1.52,1.87,0.071,0.002,1903419008.0,260636992.0,4.0,3.38,2.66,6.69,1444561536.0,2023991040.0,0.0,0.0,0.0,0.0,59.0,62.43,72.0,49.0,buy,2.15,0.6,64.45,43.32,62.17,55.74,2.97,0.02
MO,2025-07-21,"Altria Group, Inc.",Consumer Defensive,Tobacco,United States,https://www.altria.com,97731788800.0,120142413824.0,1681200826.0,1684450048.0,9.73,10.84,4.83,-27.87,9.7,5.93,0.7085,0.6116,0.6132,0.5044,,0.21,20245999616.0,-0.042,5.96,5.35,-0.475,-0.494,4726000128.0,26058999808.0,,0.57,0.47,-2.08,4378625024.0,8595999744.0,0.0696,0.0408,0.0791,0.6779,58.02,58.28,73.0,47.0,hold,2.73,0.64,61.26,47.57,59.11,55.7,5.06,0.02
MOH,2025-07-21,"Molina Healthcare, Inc.",Healthcare,Healthcare Plans,United States,https://www.molinahealthcare.com,9917515776.0,10618179584.0,53544180.0,54200000.0,8.84,7.12,0.25,2.29,5.78,0.26,0.119,0.0456,0.0404,0.0292,0.27,0.07,40289001472.0,0.117,20.7,25.71,0.054,-0.01,9294000128.0,3766000128.0,87.38,1.63,1.57,79.82,585374976.0,620000000.0,0.0,0.0,0.0,0.0,182.98,359.49,414.0,291.0,buy,2.24,0.57,365.23,182.09,284.63,303.37,2.13,0.03
MOS,2025-07-21,The Mosaic Company,Basic Materials,Agricultural Inputs,United States,https://mosaicco.com,11496452096.0,16282579968.0,315022873.0,317231008.0,31.24,14.73,1.04,0.98,8.43,1.47,0.1447,0.1745,0.1291,0.0332,0.03,0.02,11064299520.0,-0.022,1.16,2.46,4.357,4.268,259200000.0,4823399936.0,40.48,1.12,0.38,37.1,502837504.0,1422099968.0,0.0241,0.0088,0.0162,0.7328,36.24,37.68,48.0,27.0,buy,2.16,1.15,38.23,22.36,35.56,28.75,2.19,0.04
MPC,2025-07-21,Marathon Petroleum Corporation,Energy,Oil & Gas Refining & Marketing,United States,https://www.marathonpetroleum.com,53519757312.0,86025289728.0,306313691.0,307214016.0,24.0,17.08,0.39,3.28,10.83,0.62,0.0867,0.0576,0.0143,0.0176,0.16,0.03,137968992256.0,-0.041,7.26,10.2,,,3812000000.0,32137000960.0,139.33,1.19,0.7,53.06,2657750016.0,7069000192.0,0.0219,0.0364,0.0301,0.478,174.21,166.86,189.0,142.0,buy,2.1,0.87,183.31,115.1,165.53,151.98,4.02,0.03
MPWR,2025-07-21,"Monolithic Power Systems, Inc.",Technology,Semiconductors,United States,https://www.monolithicpower.com,34724491264.0,34009561088.0,46179781.0,47880000.0,19.34,42.21,14.55,10.63,52.14,14.25,0.5537,0.2733,0.2647,0.7659,0.68,0.12,2386768896.0,0.392,37.49,17.18,0.476,0.446,1026664000.0,17751000.0,0.54,4.92,3.42,68.24,443831744.0,796745984.0,0.0085,0.062400000000000004,0.0064,0.1416,725.24,763.02,899.0,644.0,none,,1.19,959.64,438.86,706.27,670.85,3.2,0.05
MRK,2025-07-21,"Merck & Co., Inc.",Healthcare,Drug Manufacturers - General,United States,https://www.merck.com,200781955072.0,224454230016.0,2507088934.0,2511030016.0,11.62,8.51,3.14,4.16,7.8,3.51,0.7707,0.4505,0.4006,0.2727,0.39,0.14,63921999872.0,-0.016,6.88,9.4,0.075,0.067,9228000256.0,34844000256.0,71.99,1.41,0.83,19.21,17124249600.0,20878000128.0,0.0409,0.032400000000000005,0.0299,0.4593,79.96,101.79,138.0,82.0,buy,1.96,0.4,128.73,73.31,79.28,91.55,2.5,0.02
MRNA,2025-07-21,"Moderna, Inc.",Healthcare,Biotechnology,United States,https://www.modernatx.com,12089555968.0,5440206848.0,360977080.0,386742016.0,,-3.59,3.81,1.2,-1.54,1.71,-0.8237,-1.1133,-9.7222,-1.0567,-0.29,-0.16,3176999936.0,-0.353,-8.73,-8.7,,,5975000064.0,745000000.0,7.4,4.22,3.92,26.01,-3197499904.0,-3052000000.0,0.0,0.0,0.0,0.0,31.26,47.59,198.0,20.0,hold,2.85,1.86,125.68,23.15,27.72,36.5,4.88,0.23
MS,2025-07-21,Morgan Stanley,Financial Services,Capital Markets,United States,https://www.morganstanley.com,225936392192.0,137150398464.0,1222507242.0,1604320000.0,15.95,17.76,3.53,2.33,,2.14,0.8655,0.0,0.3746,0.2235,0.14,0.01,63958999040.0,0.163,8.83,7.93,0.287,0.265,548954996736.0,449335984128.0,416.64,2.07,1.66,60.41,,-26973999104.0,0.0263,0.037000000000000005,0.0297,0.425,140.83,126.44,156.0,101.0,hold,2.62,1.29,145.16,90.94,133.44,125.9,2.87,0.01
MSCI,2025-07-21,MSCI Inc.,Financial Services,Financial Data & Stock Exchanges,United States,https://www.msci.com,44716085248.0,48957480960.0,74716879.0,77371504.0,39.69,33.92,15.3,-46.79,28.94,16.76,0.8211,0.5789,0.5055,0.3908,,0.18,2921989120.0,0.097,14.56,17.04,0.152,0.128,357105984.0,4691348992.0,,0.84,0.76,-12.35,1127484800.0,1503227008.0,0.0125,0.07200000000000001,0.0091,0.4539,577.94,614.53,675.0,520.0,buy,2.05,1.33,642.45,486.74,566.31,578.46,2.54,0.02
MSFT,2025-07-21,Microsoft Corporation,Technology,Software - Infrastructure,United States,https://www.microsoft.com,3790967144448.0,3722422517760.0,7422063978.0,7432540160.0,39.36,34.12,14.04,11.78,24.95,13.79,0.6907,0.5525,0.4567,0.3579,0.34,0.15,270010007552.0,0.133,12.96,14.95,0.177,0.177,79617998848.0,105018998784.0,32.63,1.37,1.24,43.3,54817001472.0,130710003712.0,0.0067,0.0332,0.0083,0.2442,510.05,522.26,700.0,432.0,strong_buy,1.43,1.03,514.64,344.79,475.45,427.99,2.72,0.01
MSI,2025-07-21,"Motorola Solutions, Inc.",Technology,Communication Equipment,United States,https://www.motorolasolutions.com,70181502976.0,75160420352.0,166142985.0,166916000.0,35.1,28.62,6.41,42.76,23.33,6.86,0.5142,0.294,0.2488,0.1868,1.87,0.13,10956000256.0,0.058,11.98,14.69,,,1564000000.0,6525000192.0,393.31,1.2,0.95,9.83,1923000064.0,2519000064.0,0.0104,0.0436,0.0121,0.3453,420.46,493.68,520.0,460.0,buy,1.77,0.97,507.82,385.17,416.75,444.85,2.41,0.02
MTB,2025-07-21,M&T Bank Corporation,Financial Services,Banks - Regional,United States,https://www.mtb.com,31491635200.0,23154507776.0,159682963.0,160516000.0,12.72,12.05,3.58,1.18,,2.64,0.0,0.0,0.3663,0.3006,0.09,0.01,8785000448.0,0.056,15.42,16.28,0.099,0.1,23079000064.0,12700999680.0,,,,166.94,,3636999936.0,0.0278,0.054000000000000006,0.0327,0.3614,196.19,203.78,230.0,175.0,buy,2.1,0.61,225.7,150.75,187.94,189.06,4.12,0.03
MTCH,2025-07-21,"Match Group, Inc.",Communication Services,Internet Content & Information,United States,https://www.mtch.com,7957551104.0,10672177152.0,229437716.0,245224992.0,16.06,13.08,2.31,-44.15,10.96,3.09,0.7192,0.2823,0.2076,0.1581,,0.13,3450904064.0,-0.033,2.02,2.48,0.006,-0.046,414169984.0,3511336960.0,,1.62,1.44,-0.74,691691648.0,841732992.0,0.0246,0.0076,0.0152,0.1881,32.45,33.96,46.0,28.0,buy,2.43,1.36,38.84,26.39,30.77,32.34,3.32,0.07
MTD,2025-07-21,Mettler-Toledo International Inc.,Healthcare,Diagnostics & Research,United States,https://www.mt.com,24832327680.0,26423758848.0,20438207.0,20782800.0,29.85,28.05,6.48,-136.46,22.33,6.9,0.6014,0.309,0.2519,0.2217,,0.21,3830156032.0,-0.046,40.03,42.6,-0.052,-0.078,64291000.0,2074094976.0,,1.01,0.61,-8.76,743663872.0,972808000.0,0.0,0.0,0.0,0.0,1194.85,1253.43,1450.0,1110.0,buy,2.36,1.39,1546.93,946.69,1171.16,1232.8,2.88,0.03
MU,2025-07-21,"Micron Technology, Inc.",Technology,Semiconductors,United States,https://www.micron.com,128017276928.0,143334162432.0,1114771704.0,1119129984.0,20.61,8.89,3.79,2.52,9.13,4.24,0.3713,0.4642,0.2332,0.1841,0.13,0.07,33813000192.0,0.366,5.55,12.87,4.602,4.678,10810999808.0,16213000192.0,31.95,2.76,1.8,45.35,1219874944.0,15200000000.0,0.0037,0.0046,0.0033,0.0829,114.39,147.53,200.0,60.0,buy,1.51,1.28,129.85,61.54,109.73,98.65,1.46,0.03
NCLH,2025-07-21,Norwegian Cruise Line Holdings Ltd.,Consumer Cyclical,Travel Services,United States,https://www.nclhltd.com,10540177408.0,23680409600.0,442973125.0,446807008.0,13.4,11.29,1.12,7.39,9.76,2.52,0.4047,0.2578,0.0944,0.0906,0.96,0.04,9415989248.0,-0.029,1.76,2.09,,,184359008.0,14803527680.0,1045.05,0.19,0.08,3.19,-750045888.0,1921873024.0,0.0,0.0,0.0,0.0,23.59,24.77,36.0,18.0,buy,1.83,2.13,29.29,14.21,19.59,22.42,2.0,0.08
NDAQ,2025-07-21,"Nasdaq, Inc.",Financial Services,Financial Data & Stock Exchanges,United States,https://www.nasdaq.com,51309281280.0,60415954944.0,511904060.0,574121984.0,40.44,28.46,6.56,4.44,22.08,7.73,0.6102,0.35,0.2737,0.1635,0.11,0.04,7816000000.0,0.249,2.21,3.14,0.7,0.688,705000000.0,9774000128.0,84.59,0.98,0.21,20.12,1834000000.0,2072000000.0,0.0121,0.0108,0.0133,0.4344,89.37,84.83,101.0,68.0,buy,2.05,1.01,90.84,62.43,85.49,79.28,1.4,0.01
NDSN,2025-07-21,Nordson Corporation,Industrials,Specialty Industrial Machinery,United States,https://www.nordson.com,12266387456.0,14307123200.0,48219084.0,56508900.0,27.94,20.85,4.54,4.14,17.74,5.29,0.5478,0.2982,0.2486,0.1651,0.16,0.07,2704443904.0,0.05,7.77,10.41,-0.039,-0.049,130157000.0,2323457024.0,78.49,2.56,1.46,52.39,304186752.0,539521024.0,0.0146,0.031200000000000002,0.0099,0.3882,217.07,248.57,285.0,211.0,buy,2.0,0.9,266.86,165.03,210.98,219.83,3.98,0.03
NEE,2025-07-21,"NextEra Energy, Inc.",Utilities,Utilities - Regulated Electric,United States,https://www.nexteraenergy.com,156352937984.0,240723165184.0,2054678535.0,2058630016.0,28.45,20.64,6.19,3.14,17.73,9.53,0.6084,0.5373,0.3661,0.2181,0.07,0.03,25269000192.0,0.09,2.67,3.68,-0.636,-0.633,2419000064.0,89677996032.0,148.56,0.55,0.32,24.2,-11337249792.0,12952000512.0,0.0326,0.0227,0.0235,0.7908,75.95,80.66,103.0,52.0,buy,2.23,0.67,86.1,61.72,71.96,72.82,2.52,0.02
NEM,2025-07-21,Newmont Corporation,Basic Materials,Gold,United States,https://www.newmont.com,64765464576.0,68296200192.0,1110648510.0,1112999936.0,13.26,15.19,3.29,2.09,6.93,3.47,0.5279,0.5011,0.4024,0.2577,0.17,0.08,19669000192.0,0.245,4.39,3.83,10.39,10.124,4716000256.0,7985999872.0,25.41,1.98,1.03,27.9,7086374912.0,7617999872.0,0.0172,0.01,0.0325,0.2278,58.19,65.02,88.59,55.0,buy,1.81,0.32,61.17,36.86,55.6,48.41,1.99,0.03
NFLX,2025-07-21,"Netflix, Inc.",Communication Services,Entertainment,United States,https://www.netflix.com,514617475072.0,579097657344.0,422758766.0,425571008.0,51.54,50.85,12.81,20.61,50.56,14.42,0.4692,0.2851,0.3175,0.2307,0.41,0.14,40173326336.0,0.125,23.46,23.78,0.252,0.239,8370990080.0,17423486976.0,72.51,1.2,1.01,58.68,21784893440.0,7938040832.0,0.0,0.0,0.0,0.0,1209.24,1175.95,1600.0,726.11,buy,1.9,1.59,1341.15,587.04,1227.47,985.14,2.41,0.02
NI,2025-07-21,NiSource Inc.,Utilities,Utilities - Regulated Gas,United States,https://www.nisource.com,19251752960.0,35703357440.0,469013091.0,470703008.0,22.11,21.99,3.25,2.16,13.82,6.02,0.5104,0.4354,0.3462,0.1467,0.09,0.03,5932000256.0,0.279,1.85,1.86,0.302,0.301,259400000.0,14925400064.0,136.35,0.52,0.34,18.9,-601249984.0,2011699968.0,0.0278,0.011200000000000002,0.0338,0.5811,40.9,43.22,48.15,36.0,strong_buy,1.5,0.55,41.45,30.49,39.47,37.96,3.15,0.03
NKE,2025-07-21,"NIKE, Inc.",Consumer Cyclical,Footwear & Accessories,United States,https://www.nike.com,106965000192.0,106771767296.0,1160760035.0,1178099968.0,33.55,22.44,2.31,8.1,23.64,2.31,0.4274,0.0975,0.0289,0.0695,0.23,0.06,46308999168.0,-0.12,2.16,3.23,-0.859,-0.859,9150999552.0,11018000384.0,83.39,2.21,1.31,8.95,,,0.0225,0.016,0.0124,0.7269,72.47,75.71,120.0,38.0,buy,2.22,1.22,90.62,52.28,65.08,71.07,2.66,0.04
NOC,2025-07-21,Northrop Grumman Corporation,Industrials,Aerospace & Defense,United States,https://www.northropgrumman.com,74704388096.0,88402214912.0,135180230.0,143928000.0,20.49,18.5,1.85,4.99,13.94,2.19,0.1934,0.1571,0.0743,0.0919,0.25,0.06,40368001024.0,-0.066,25.33,28.06,-0.475,-0.49,1684999936.0,18126000128.0,120.97,0.95,0.74,104.0,2911749888.0,3528999936.0,0.0185,0.0924,0.016,0.3252,519.04,546.65,631.0,477.0,buy,2.08,0.14,555.57,426.24,492.27,492.49,2.69,0.02
NOW,2025-07-21,"ServiceNow, Inc.",Technology,Software - Application,United States,https://www.servicenow.com,199570243584.0,208592977920.0,206420157.0,207152000.0,131.61,57.69,17.4,19.67,98.86,18.19,0.7892,0.184,0.146,0.1341,0.17,0.05,11468999680.0,0.186,7.32,16.7,0.317,0.326,6597000192.0,2399000064.0,23.66,1.12,0.96,48.99,3713125120.0,4602999808.0,0.0,0.0,0.0,0.0,963.4,1089.63,1300.0,724.0,strong_buy,1.49,0.96,1198.09,678.66,1004.62,974.41,2.71,0.02
NRG,2025-07-21,"NRG Energy, Inc.",Utilities,Utilities - Independent Power Producers,United States,https://www.nrg.com,29668642816.0,42341064704.0,193201450.0,195510000.0,24.16,21.99,1.01,14.02,11.58,1.45,0.2147,0.1249,0.1338,0.0466,0.45,0.06,29286000640.0,0.156,6.28,6.9,0.563,0.468,693000000.0,10988999680.0,395.72,1.06,0.45,10.83,2221499904.0,2894000128.0,0.011,0.0176,0.03,0.2643,151.75,156.12,200.0,89.0,buy,2.18,1.14,168.57,65.11,152.39,111.16,1.69,0.04
NSC,2025-07-21,Norfolk Southern Corporation,Industrials,Railroads,United States,https://www.norfolksouthern.com,62371336192.0,74449772544.0,225046720.0,225444000.0,18.87,20.37,5.15,4.3,12.42,6.15,0.4949,0.4949,0.3284,0.274,0.25,0.07,12112000000.0,-0.004,14.66,13.58,13.385,13.151,1006000000.0,17749000192.0,122.31,0.78,0.65,64.37,1379874944.0,4163000064.0,0.0211,0.054000000000000006,0.02,0.3686,276.66,260.29,290.0,174.0,buy,2.15,1.31,280.0,201.63,250.62,245.94,2.33,0.01
NTAP,2025-07-21,"NetApp, Inc.",Technology,Computer Hardware,United States,https://www.netapp.com,21713664000.0,20987015168.0,199139921.0,200366000.0,19.11,14.3,3.3,20.95,12.8,3.19,0.7019,0.2495,0.2275,0.1805,1.09,0.09,6572000256.0,0.038,5.67,7.58,0.195,0.168,3852999936.0,3491000064.0,335.67,1.25,1.09,5.17,1158625024.0,1506000000.0,0.0195,0.0208,0.0257,0.3668,108.37,114.39,130.0,100.0,buy,2.5,1.41,135.45,71.84,102.63,109.19,3.24,0.05
NTRS,2025-07-21,Northern Trust Corporation,Financial Services,Asset Management,United States,https://www.northerntrust.com/asia-pac/home,24887375872.0,35382644736.0,191532954.0,194539008.0,11.94,16.74,2.9,2.08,,4.12,0.0,0.0,0.2689,0.2575,0.18,0.01,8577099776.0,0.171,10.71,7.64,0.983,0.826,8066899968.0,17899100160.0,,,,61.65,,3716400128.0,0.0237,0.03,0.0312,0.2801,127.93,108.68,128.0,89.0,hold,3.21,1.24,133.0,80.81,114.2,104.98,4.19,0.04
NUE,2025-07-21,Nucor Corporation,Basic Materials,Steel,United States,https://www.nucor.com,32450514944.0,34756419584.0,229001417.0,230751008.0,24.8,15.02,1.07,1.62,9.84,1.14,0.1052,0.1161,0.0414,0.044,0.07,0.04,30427000832.0,-0.038,5.67,9.36,-0.806,-0.815,4060999936.0,7880000000.0,37.32,2.52,1.39,86.97,193982000.0,3883000064.0,0.017,0.022000000000000002,0.017,0.3845,140.63,146.6,176.0,120.0,buy,1.88,1.69,170.52,97.59,124.44,130.72,2.62,0.04
NVDA,2025-07-21,NVIDIA Corporation,Technology,Semiconductors,United States,https://www.nvidia.com,4204666290176.0,3811549904896.0,23418876000.0,24387600384.0,55.62,41.85,28.31,50.15,43.19,25.66,0.7011,0.5942,0.4911,0.5169,1.15,0.53,148514996224.0,0.692,3.1,4.12,0.267,0.262,53690998784.0,10284999680.0,12.27,3.39,2.86,3.44,55443001344.0,76158001152.0,0.0003,0.0004,0.0007,0.0129,172.41,173.92,250.0,100.0,strong_buy,1.45,2.12,174.25,86.62,145.31,132.41,0.93,0.01
NVR,2025-07-21,"NVR, Inc.",Consumer Cyclical,Residential Construction,United States,https://www.nvrinc.com,21703094272.0,20484732928.0,2879740.0,2923830.0,15.29,14.33,2.02,5.53,9.78,1.91,0.25,0.1949,0.1681,0.1477,0.38,0.2,10742590464.0,0.023,485.45,518.05,-0.185,-0.24,2176901888.0,1067212992.0,26.99,5.7,2.64,1343.02,1303018240.0,1435784960.0,0.0,0.0,0.0,0.0,7422.83,7700.0,8000.0,7200.0,hold,2.6,1.0,9964.77,6562.85,7295.86,7958.11,4.78,0.04
NWS,2025-07-21,News Corporation,Communication Services,Entertainment,United States,https://www.newscorp.com,17667987456.0,21122320384.0,562846017.0,188623008.0,42.02,35.25,1.72,2.38,15.27,2.06,0.5195,0.1347,0.0896,0.0474,0.07,0.04,10268000256.0,0.008,0.82,,2.64,2.433,2102000000.0,2923000064.0,32.19,1.68,0.89,14.48,-670875008.0,1200999936.0,0.0058,0.002,0.0093,0.2439,34.46,26.5,26.5,26.5,none,,1.25,35.41,26.04,33.07,31.35,10.35,0.06
NWSA,2025-07-21,News Corporation,Communication Services,Entertainment,United States,https://www.newscorp.com,17791574016.0,18523863040.0,562846017.0,376630016.0,36.41,28.17,1.73,2.06,13.39,1.8,0.5195,0.1347,0.0896,0.0474,0.07,0.04,10268000256.0,0.008,0.82,1.06,2.64,2.433,2102000000.0,2923000064.0,32.19,1.68,0.89,14.48,-670875008.0,1200999936.0,0.0067,0.002,0.0095,0.2439,29.86,34.97,45.0,23.0,none,,1.25,30.75,23.38,28.64,27.89,2.75,0.02
NXPI,2025-07-21,NXP Semiconductors N.V.,Technology,Semiconductors,Netherlands,https://www.nxp.com,57068888064.0,63288844288.0,252156282.0,252628992.0,24.63,17.28,4.63,6.13,14.83,5.14,0.562,0.3463,0.26,0.1916,0.25,0.09,12323000320.0,-0.093,9.17,13.07,-0.223,-0.233,3988000000.0,11724999680.0,121.16,2.08,1.31,36.82,1445624960.0,2496000000.0,0.0186,0.0406,0.0154,0.4418,225.9,235.98,289.0,170.0,buy,1.64,1.39,284.75,148.09,212.28,213.31,1.86,0.02
O,2025-07-21,Realty Income Corporation,Real Estate,REIT - Retail,United States,https://www.realtyincome.com,50996928512.0,79370551296.0,901129294.0,903080000.0,51.34,35.52,9.44,1.31,16.32,14.68,0.9269,0.9,0.4514,0.181,0.03,0.02,5404987904.0,0.1,1.1,1.59,0.803,0.888,319007008.0,27452194816.0,69.96,1.28,0.89,43.22,2469820160.0,3582118912.0,0.056,0.0323,0.0488,2.8759,56.47,61.83,75.0,58.0,buy,2.46,0.77,64.88,50.71,56.75,56.81,4.71,0.04
ODFL,2025-07-21,"Old Dominion Freight Line, Inc.",Industrials,Trucking,United States,https://www.odfl.com,34253666304.0,34260903936.0,194273548.0,211324992.0,30.41,27.47,5.98,8.11,18.57,5.98,0.3975,0.322,0.2459,0.2004,0.27,0.17,5729594880.0,-0.058,5.33,5.9,-0.112,-0.129,97198000.0,59990000.0,1.42,1.32,1.19,19.98,607407232.0,1571908992.0,0.0069,0.011200000000000002,0.0038,0.1989,162.09,167.78,200.0,144.0,hold,2.68,1.27,233.26,144.9,163.85,180.99,6.68,0.06
OKE,2025-07-21,"ONEOK, Inc.",Energy,Oil & Gas Midstream,United States,https://www.oneok.com/,52031848448.0,83643752448.0,622814798.0,624632000.0,16.27,13.95,2.08,2.44,12.84,3.35,0.3562,0.2611,0.1569,0.1215,0.16,0.06,24960000000.0,0.682,5.12,5.97,-0.046,-0.005,141000000.0,32039999488.0,144.85,0.67,0.45,34.2,1758000000.0,5196000256.0,0.0505,0.0412,0.064,0.7813,83.3,105.36,147.0,90.0,buy,1.89,0.93,118.07,75.47,82.0,94.09,2.71,0.02
OMC,2025-07-21,Omnicom Group Inc.,Communication Services,Advertising Agencies,United States,https://www.omnicomgroup.com,13765956608.0,18581071872.0,192869554.0,193723008.0,10.17,8.22,0.87,3.07,7.35,1.18,0.1865,0.1605,0.1318,0.0921,0.31,0.05,15749000192.0,0.017,6.99,8.64,-0.088,-0.097,3378299904.0,6928000000.0,129.05,1.01,0.8,23.16,1268012544.0,1565200000.0,0.0389,0.027999999999999997,0.0358,0.3825,71.06,99.51,119.13,80.0,buy,2.09,0.96,107.0,68.37,73.08,84.95,8.15,0.16
ON,2025-07-21,ON Semiconductor Corporation,Technology,Semiconductors,United States,https://www.onsemi.com,25373976576.0,22560671744.0,416004862.0,417884992.0,42.17,14.06,3.81,3.16,11.26,3.38,0.3985,0.3007,-0.0238,0.0951,0.08,0.06,6665299968.0,-0.224,1.44,4.32,,,3012499968.0,3652800000.0,45.38,4.95,3.02,19.22,1121924992.0,2010000000.0,0.0,0.0,0.0,0.0,60.72,52.25,72.11,33.0,buy,2.09,1.38,80.08,31.04,50.36,54.75,3.28,0.13
ORCL,2025-07-21,Oracle Corporation,Technology,Software - Infrastructure,United States,https://www.oracle.com,689427316736.0,712362164224.0,1654992492.0,2808829952.0,56.56,34.28,12.01,33.69,30.33,12.41,0.7051,0.4092,0.3248,0.2168,0.82,0.07,57399001088.0,0.113,4.34,7.16,0.073,0.09,11203000320.0,108952002560.0,519.59,0.75,0.63,7.29,678000000.0,20821000192.0,0.0091,0.02,0.0138,0.3917,245.45,215.22,250.0,170.0,buy,1.79,1.32,251.6,118.86,193.12,171.87,1.58,0.01
ORLY,2025-07-21,"O'Reilly Automotive, Inc.",Consumer Cyclical,Auto Parts,United States,https://www.oreillyauto.com,78936104960.0,84959461376.0,846977280.0,854841984.0,33.95,2.05,4.68,-58.26,22.87,5.04,0.5123,0.2202,0.1792,0.141,,0.14,16869163008.0,0.04,2.72,44.94,0.016,-0.016,191248000.0,8103818752.0,,0.71,0.08,-1.58,1610164736.0,3100481024.0,0.0,0.0,0.0,0.0,92.34,97.26,107.0,62.0,buy,1.82,0.6,97.22,69.33,90.73,86.51,2.41,0.02
OTIS,2025-07-21,Otis Worldwide Corporation,Industrials,Specialty Industrial Machinery,United States,https://www.otis.com,39246680064.0,46024876032.0,393985909.0,394676992.0,26.03,23.73,2.77,-7.67,18.26,3.25,0.3018,0.1779,0.1654,0.1083,,0.14,14174000128.0,-0.025,3.82,4.19,-0.291,-0.312,1918000000.0,8725000192.0,,0.94,0.78,-12.97,1348499968.0,1582000000.0,0.017,0.0168,0.013,0.4084,99.44,102.21,134.0,90.0,hold,2.8,0.97,106.83,89.7,97.38,98.34,2.64,0.02
OXY,2025-07-21,Occidental Petroleum Corporation,Energy,Oil & Gas E&P,United States,https://www.oxy.com,42927878144.0,73398411264.0,980599642.0,984132992.0,17.66,13.8,1.56,1.56,5.37,2.66,0.641,0.4963,0.2215,0.1143,0.09,0.05,27552999424.0,0.139,2.47,3.16,0.024,0.054,2612000000.0,25987000320.0,74.03,1.01,0.72,28.05,4067624960.0,11580000256.0,0.0229,0.0096,0.0228,0.3644,43.62,50.08,67.0,38.0,hold,2.67,0.85,62.55,34.78,43.23,46.9,3.56,0.05
PANW,2025-07-21,"Palo Alto Networks, Inc.",Technology,Software - Infrastructure,United States,https://www.paloaltonetworks.com,130546106368.0,133959753728.0,659958632.0,666800000.0,112.52,27.19,14.71,18.03,107.15,15.1,0.7356,0.1409,0.098,0.1395,0.21,0.03,8874699776.0,0.153,1.74,7.2,-0.051,-0.06,3300199936.0,806000000.0,11.15,0.9,0.78,10.86,3175474944.0,3207899904.0,0.0,0.0,0.0,0.0,195.78,212.14,235.0,123.0,buy,1.84,0.97,208.39,142.01,195.13,187.12,4.27,0.04
PARA,2025-07-21,Paramount Global,Communication Services,Entertainment,United States,https://www.paramount.com,9167277056.0,21940635648.0,606135249.0,633454976.0,,7.97,0.32,0.53,8.38,0.76,0.3258,0.0912,0.0787,-0.1909,-0.28,0.03,28720001024.0,-0.064,-8.26,1.63,,,2672999936.0,15527000064.0,91.72,1.29,1.02,24.54,15055750144.0,672000000.0,0.0155,0.002,0.0306,0.932,12.99,11.98,20.0,8.5,hold,3.44,1.21,13.29,9.95,12.24,11.31,13.42,0.14
PAYC,2025-07-21,"Paycom Software, Inc.",Technology,Software - Application,United States,https://www.paycom.com,12867780608.0,12523153408.0,49577743.0,56017500.0,32.68,26.34,6.72,7.24,25.75,6.54,0.8589,0.2541,0.3489,0.206,0.25,0.06,1913799936.0,0.061,7.03,8.72,-0.433,-0.436,520800000.0,81500000.0,4.75,1.2,0.22,31.71,296926496.0,567800000.0,0.0065,0.015,0.0,0.2134,229.71,240.55,310.0,203.0,hold,2.68,0.82,267.76,152.46,244.57,217.62,4.02,0.05
PAYX,2025-07-21,"Paychex, Inc.",Technology,Software - Application,United States,https://www.paychex.com,51680608256.0,55797530624.0,322200480.0,360244000.0,31.32,27.12,9.28,12.53,21.98,10.01,0.7235,0.4557,0.3755,0.2974,0.42,0.11,5571700224.0,0.102,4.58,5.29,-0.219,-0.218,1663100032.0,5022300160.0,121.66,1.28,0.52,11.45,1497562496.0,1951100032.0,0.0297,0.0432,0.0264,0.8777,143.46,145.44,165.0,122.0,hold,3.17,0.91,161.24,121.33,151.17,146.3,8.34,0.04
PCAR,2025-07-21,PACCAR Inc,Industrials,Farm & Heavy Construction Machinery,United States,https://www.paccar.com,49178161152.0,57510543360.0,514659721.0,524959008.0,14.22,12.07,1.52,2.73,11.93,1.78,0.1668,0.1489,0.1224,0.1073,0.2,0.07,32361199616.0,-0.149,6.59,7.76,-0.577,-0.577,8099999744.0,15707899904.0,87.16,5.4,4.79,34.33,-49712500.0,4082200064.0,0.0139,0.0132,0.0133,0.1866,93.68,101.66,129.0,81.0,hold,2.59,0.95,118.81,84.65,94.51,102.09,5.61,0.03
PCG,2025-07-21,PG&E Corporation,Utilities,Utilities - Regulated Electric,United States,https://www.pgecorp.com,29558796288.0,90411728896.0,2191773240.0,2197680128.0,12.34,9.09,1.2,1.02,9.65,3.68,0.3759,0.3818,0.2308,0.0958,0.08,0.02,24540999680.0,0.021,1.09,1.48,-0.187,-0.171,2023000064.0,59968000000.0,193.84,0.95,0.75,13.24,-5102249984.0,8622000128.0,0.0072,0.001,0.0332,0.0642,13.45,20.74,24.0,17.0,buy,2.0,0.61,21.72,12.97,15.2,17.51,1.07,0.01
PEG,2025-07-21,Public Service Enterprise Group Incorporated,Utilities,Utilities - Regulated Electric,United States,https://investor.pseg.com/home/default.aspx,42070519808.0,64659644416.0,497750415.0,498998016.0,23.04,20.71,3.91,2.57,16.41,6.01,0.3421,0.3665,0.2523,0.1701,0.11,0.03,10752000000.0,0.167,3.66,4.07,0.113,0.107,894000000.0,23548000256.0,143.85,0.82,0.55,32.81,-973625024.0,2520999936.0,0.0299,0.0252,0.0329,0.6639,84.31,85.54,100.0,70.0,buy,2.42,0.5,95.22,73.83,80.89,84.15,2.27,0.02
PEP,2025-07-21,"PepsiCo, Inc.",Consumer Defensive,Beverages - Non-Alcoholic,United States,https://www.pepsico.com,196107042816.0,221113335808.0,1367487312.0,1369080064.0,26.09,16.6,2.14,10.65,12.78,2.42,0.5507,0.1891,0.1582,0.1024,0.5,0.09,91522998272.0,-0.018,5.49,8.63,-0.101,-0.102,8582000128.0,48518000640.0,261.85,0.83,0.62,13.44,7581499904.0,12574999552.0,0.0431,0.056900000000000006,0.0287,0.7971,143.24,149.15,169.0,110.0,hold,2.7,0.47,180.91,127.6,132.22,148.57,1.8,0.01
PFE,2025-07-21,Pfizer Inc.,Healthcare,Drug Manufacturers - General,United States,https://www.pfizer.com,139121000448.0,183190257664.0,5675927880.0,5685369856.0,17.73,8.35,2.23,1.54,7.86,2.93,0.7442,0.3734,0.3517,0.1262,0.09,0.05,62464000000.0,-0.078,1.38,2.93,-0.053,-0.048,17319000064.0,62397001728.0,68.84,1.26,0.88,15.89,15049249792.0,13989000192.0,0.071,0.0172,0.0458,1.2246,24.47,29.24,42.0,23.0,buy,2.44,0.49,31.54,20.92,23.97,25.54,2.67,0.02
PFG,2025-07-21,"Principal Financial Group, Inc.",Financial Services,Asset Management,United States,https://www.principal.com,18172921856.0,17562073088.0,222695422.0,224191008.0,17.36,9.6,1.15,1.63,10.82,1.11,0.4301,0.1029,0.0172,0.0689,0.1,0.0,15770300416.0,-0.088,4.67,8.44,-0.905,-0.91,5214000128.0,4590400000.0,39.59,1.45,0.3,49.86,1386312448.0,4995999744.0,0.0383,0.0304,0.0362,0.6231,81.06,82.5,99.0,69.0,none,,1.0,91.98,68.39,78.79,81.39,4.94,0.03
PG,2025-07-21,The Procter & Gamble Company,Consumer Defensive,Household & Personal Products,United States,https://www.pginvestor.com,363638161408.0,399611428864.0,2341001776.0,2344539904.0,24.62,20.9,4.33,7.06,16.52,4.76,0.5169,0.2882,0.233,0.1846,0.3,0.11,83926999040.0,-0.021,6.3,7.42,0.013,0.004,9116000256.0,34140999680.0,64.97,0.71,0.44,21.96,12618874880.0,18585999360.0,0.0265,0.042300000000000004,0.0239,0.639,155.1,172.88,190.0,140.0,buy,1.96,0.43,180.43,151.9,161.16,166.44,2.06,0.01
PGR,2025-07-21,The Progressive Corporation,Financial Services,Insurance - Property & Casualty,United States,https://www.progressive.com,144451452928.0,160543637504.0,584042891.0,586224000.0,13.89,17.86,1.84,4.43,13.87,2.04,0.1498,0.1474,0.162,0.111,0.34,0.07,78507999232.0,0.184,17.74,13.8,0.109,0.101,2790000128.0,6894000128.0,23.81,0.33,0.26,55.62,13350724608.0,16026999808.0,0.0184,0.049,0.0162,0.3304,246.41,291.02,336.0,183.0,buy,2.14,0.4,292.99,208.13,268.94,261.58,2.09,0.01
PH,2025-07-21,Parker-Hannifin Corporation,Industrials,Specialty Industrial Machinery,United States,https://investors.parker.com,92329828352.0,98222129152.0,127330781.0,127778000.0,27.78,24.54,4.66,6.89,19.5,4.96,0.3665,0.2544,0.2166,0.1714,0.27,0.09,19793741824.0,-0.022,26.01,29.44,0.326,0.322,408735008.0,9372912640.0,69.95,1.21,0.64,104.8,2980823296.0,3546012928.0,0.0103,0.07200000000000001,0.0134,0.2509,722.58,712.44,849.0,500.0,buy,1.79,1.34,727.3,488.45,678.61,653.43,3.06,0.01
PHM,2025-07-21,"PulteGroup, Inc.",Consumer Cyclical,Residential Construction,United States,https://www.pultegroup.com,21778399232.0,22086770688.0,198615316.0,200427008.0,7.67,8.05,1.22,1.77,5.73,1.24,0.286,0.2154,0.1732,0.1645,0.26,0.14,17890439168.0,-0.014,14.16,13.5,-0.171,-0.211,1239213056.0,2188933120.0,17.8,6.99,0.58,61.33,761504256.0,1575234944.0,0.0083,0.0088,0.0097,0.0593,108.66,123.54,165.0,98.0,buy,2.06,1.3,149.47,88.07,104.2,113.1,4.02,0.05
PKG,2025-07-21,Packaging Corporation of America,Consumer Cyclical,Packaging & Containers,United States,https://www.packagingcorp.com,17978904576.0,18796337152.0,87654818.0,89980000.0,20.92,17.78,2.1,3.97,10.64,2.2,0.2191,0.2067,0.1377,0.1009,0.2,0.09,8544799744.0,0.082,9.55,11.24,0.387,0.387,843100032.0,2802500096.0,62.29,3.28,1.99,50.39,388112512.0,1269900032.0,0.0265,0.05,0.0288,0.523,199.81,197.75,244.0,147.0,buy,2.36,0.86,250.82,172.72,193.8,210.89,2.53,0.03
PLD,2025-07-21,"Prologis, Inc.",Real Estate,REIT - Industrial,United States,https://www.prologis.com,99083935744.0,134440493056.0,924956637.0,927926016.0,26.63,30.34,11.35,1.88,21.71,15.39,0.7626,0.7092,0.3996,0.4281,0.07,0.02,8733704192.0,0.088,4.01,3.52,0.01,0.012,671134976.0,32895868928.0,56.64,0.62,0.32,56.79,4307161088.0,5017502208.0,0.0384,0.0404,0.0257,0.9701,106.78,117.15,150.0,95.0,buy,2.12,1.27,132.57,85.35,107.5,111.64,2.78,0.01
PLTR,2025-07-21,Palantir Technologies Inc.,Technology,Software - Infrastructure,United States,https://www.palantir.com,362293362688.0,316611985408.0,2178482332.0,2262909952.0,667.48,326.64,116.31,66.78,727.27,101.64,0.8001,0.1398,0.1992,0.1832,0.12,0.04,3115023872.0,0.393,0.23,0.47,1.0,1.028,5430688768.0,244596000.0,4.43,6.49,6.36,2.3,931205248.0,1334548992.0,0.0,0.0,0.0,0.0,153.52,101.32,155.0,40.0,hold,3.12,2.64,155.68,21.23,133.43,90.83,0.61,0.02
PM,2025-07-21,Philip Morris International Inc.,Consumer Defensive,Tobacco,United States,https://www.pmi.com,278196813824.0,330653466624.0,1552516933.0,1556519936.0,28.19,24.82,7.25,-25.52,20.36,8.61,0.6568,0.4231,0.4102,0.198,,0.14,38385999872.0,0.058,6.34,7.2,0.247,0.252,4442999808.0,49633001472.0,,0.79,0.36,-7.0,8564250112.0,11626000384.0,0.0296,0.054000000000000006,0.0504,0.8427,178.73,178.78,220.0,143.45,buy,1.88,0.54,186.69,106.76,178.41,148.37,2.46,0.01
PNC,2025-07-21,"The PNC Financial Services Group, Inc.",Financial Services,Banks - Regional,United States,https://www.pnc.com,77426130944.0,131742605312.0,392390606.0,393985984.0,13.44,13.09,3.69,1.34,,6.27,0.0,0.0,0.3528,0.2875,0.11,0.01,21009000448.0,0.049,14.62,15.01,0.132,0.114,10892999680.0,63096999936.0,,,,146.22,,5613000192.0,0.0343,0.064,0.0352,0.4488,196.52,199.1,235.0,178.0,buy,2.04,1.07,216.26,145.12,181.49,185.65,2.45,0.01
PNR,2025-07-21,Pentair plc,Industrials,Specialty Industrial Machinery,United Kingdom,https://www.pentair.com,17451378688.0,18703542272.0,163444409.0,164527008.0,27.41,21.87,4.28,4.8,18.03,4.59,0.3966,0.2545,0.2248,0.1587,0.19,0.09,4076000000.0,-0.007,3.87,4.85,0.164,0.162,140600000.0,1953799936.0,53.77,1.89,1.12,22.08,658825024.0,835400000.0,0.0097,0.01,0.0132,0.2429,106.07,106.77,118.0,84.0,buy,1.81,1.1,110.71,74.25,100.62,97.73,2.67,0.02
PNW,2025-07-21,Pinnacle West Capital Corporation,Utilities,Utilities - Regulated Electric,United States,https://www.pinnaclewest.com,11045601280.0,22912411648.0,118830670.0,119399000.0,18.32,19.77,2.12,1.64,11.32,4.4,0.4136,0.3887,0.0583,0.1128,0.09,0.03,5205483008.0,0.085,5.05,4.68,,,10047000.0,12132355072.0,177.22,0.5,0.19,56.44,-359840736.0,1664365056.0,0.04,0.0358,0.0438,0.703,92.51,95.1,109.0,80.0,buy,2.35,0.43,96.5,81.47,90.32,89.9,3.68,0.05
PODD,2025-07-21,Insulet Corporation,Healthcare,Medical Devices,United States,https://www.insulet.com,20002658304.0,22575892480.0,70063866.0,70374896.0,51.31,73.44,9.1,15.03,53.18,10.27,0.7039,0.193,0.1561,0.1829,0.38,0.07,2198899968.0,0.288,5.54,3.87,-0.316,-0.313,1283100032.0,1748600064.0,131.4,4.47,3.24,18.91,84250000.0,406500000.0,0.0,0.0,0.0,0.0,284.23,336.01,380.0,260.0,buy,1.56,1.38,329.33,173.0,307.23,271.52,2.27,0.04
POOL,2025-07-21,Pool Corporation,Industrials,Industrial Distribution,United States,https://www.poolcorp.com,11235700736.0,12233600000.0,34924923.0,37595200.0,28.01,24.84,2.14,9.09,19.36,2.33,0.2944,0.1201,0.0724,0.0777,0.32,0.1,5261668864.0,-0.044,10.67,12.03,-0.304,-0.321,71644000.0,1347078016.0,108.75,1.79,0.49,32.89,402759872.0,540968000.0,0.0172,0.05,0.01,0.4494,298.86,321.99,375.0,280.0,buy,2.38,1.12,395.6,282.22,301.41,333.61,5.63,0.1
PPG,2025-07-21,"PPG Industries, Inc.",Basic Materials,Specialty Chemicals,United States,https://www.ppg.com,25995448320.0,31956250624.0,226262250.0,226975008.0,20.27,12.94,1.66,3.75,12.05,2.04,0.417,0.1691,0.133,0.0694,0.18,0.06,15680000000.0,-0.043,5.65,8.85,-0.034,-0.068,1903000064.0,7872999936.0,111.01,1.35,0.91,30.52,1066750016.0,1462000000.0,0.0239,0.027200000000000002,0.0182,0.4761,114.53,127.16,166.0,105.0,buy,2.32,1.16,137.24,90.24,112.92,116.38,2.24,0.02
PPL,2025-07-21,PPL Corporation,Utilities,Utilities - Regulated Electric,United States,https://www.pplweb.com,26598717440.0,42085654528.0,737534034.0,739264000.0,26.85,19.66,3.07,1.86,12.77,4.86,0.4228,0.3804,0.274,0.1149,0.07,0.03,8661999616.0,0.087,1.34,1.83,0.343,0.349,312000000.0,17344000000.0,121.31,0.81,0.52,19.34,-481124992.0,2571000064.0,0.0322,0.0109,0.0435,0.7799,35.98,37.28,40.0,33.0,buy,1.94,0.67,36.7,28.62,34.34,33.91,4.27,0.03
PRU,2025-07-21,"Prudential Financial, Inc.",Financial Services,Insurance - Life,United States,https://www.prudential.com,36558303232.0,50027761664.0,352711440.0,354007008.0,16.29,7.03,0.61,1.22,17.73,0.83,0.2579,0.0467,0.0683,0.038,0.08,0.0,60366000128.0,-0.427,6.34,14.69,-0.372,-0.379,38057000960.0,47712002048.0,148.07,1.0,0.88,84.41,-16394500096.0,775000000.0,0.0503,0.054000000000000006,0.0486,0.8281,103.27,113.29,134.0,85.0,hold,2.81,1.05,130.55,90.38,105.16,113.3,3.91,0.02
PSA,2025-07-21,Public Storage,Real Estate,REIT - Industrial,United States,https://www.publicstorage.com,49832931328.0,65066541056.0,157389985.0,175431008.0,28.18,26.72,10.52,9.55,19.46,13.73,0.7289,0.7056,0.4547,0.4159,0.2,0.07,4738937856.0,0.02,10.08,10.63,-0.215,-0.199,287176992.0,9424558080.0,97.46,0.55,0.55,29.73,2434415872.0,3167731968.0,0.0409,0.12,0.033,1.1905,284.06,331.74,380.0,287.0,buy,2.1,0.88,369.99,256.6,297.05,308.33,4.28,0.02
PSX,2025-07-21,Phillips 66,Energy,Oil & Gas Refining & Marketing,United States,https://www.phillips66.com,51296317440.0,67018518528.0,406102364.0,407436992.0,28.36,13.27,0.37,1.88,20.44,0.49,0.091,0.0238,-0.0048,0.0135,0.07,0.01,137772007424.0,-0.15,4.44,9.49,-0.318,-0.349,1488999936.0,18802999296.0,66.32,1.23,0.79,66.91,1671624960.0,4614000128.0,0.0402,0.048,0.0417,1.036,125.9,130.97,156.0,110.0,buy,2.05,1.0,150.12,91.01,120.57,121.38,1.96,0.02
PTC,2025-07-21,PTC Inc.,Technology,Software - Application,United States,https://www.ptc.com,23942819840.0,22004142080.0,119459664.0,119948000.0,54.99,28.52,10.2,7.07,29.74,9.38,0.8113,0.3153,0.3587,0.1877,0.14,0.06,2346680064.0,0.055,3.63,7.0,0.421,0.421,235168992.0,1567497984.0,46.29,0.99,0.83,28.24,804437248.0,831651008.0,0.0,0.0,0.0,0.0,199.61,186.62,240.0,160.0,buy,1.85,1.18,213.14,133.38,174.15,175.37,4.89,0.05
PWR,2025-07-21,"Quanta Services, Inc.",Industrials,Engineering & Construction,United States,https://www.quantaservices.com,59770142720.0,60273872896.0,146448488.0,148199008.0,64.95,39.7,2.4,8.02,27.73,2.42,0.1496,0.0874,0.037,0.0374,0.14,0.05,24874309632.0,0.239,6.21,10.16,0.215,0.219,520560992.0,4747752960.0,63.54,1.31,1.18,50.29,1378591872.0,2086439040.0,0.0011,0.004,0.002,0.0613,403.31,352.21,432.0,210.0,buy,1.79,1.07,405.43,227.08,359.99,315.67,4.19,0.03
PYPL,2025-07-21,"PayPal Holdings, Inc.",Financial Services,Credit Services,United States,https://www.paypal.com,72132771840.0,74443636736.0,969449900.0,972532992.0,16.67,15.17,2.26,3.59,11.68,2.33,0.414,0.1998,0.2014,0.1426,0.22,0.04,31889000448.0,0.012,4.45,4.89,0.554,0.449,11210999808.0,13376000000.0,66.04,1.3,0.27,20.69,1741874944.0,6693000192.0,0.0,0.0,0.0,0.0,74.17,81.74,120.0,49.0,buy,2.3,1.45,93.66,55.85,72.65,76.74,3.29,0.03
QCOM,2025-07-21,QUALCOMM Incorporated,Technology,Semiconductors,United States,https://www.qualcomm.com,169970401280.0,175644475392.0,1095749100.0,1098000000.0,15.8,12.66,4.02,6.14,13.16,4.15,0.5568,0.3157,0.2842,0.2611,0.42,0.13,42285998080.0,0.169,9.8,12.23,0.22,0.209,13845999616.0,14622999552.0,52.74,2.73,1.84,25.21,8322874880.0,12839999488.0,0.0224,0.0356,0.0208,0.3469,154.8,171.47,225.0,140.0,buy,2.27,1.26,196.24,120.8,153.42,158.02,2.94,0.02
RCL,2025-07-21,Royal Caribbean Cruises Ltd.,Consumer Cyclical,Travel Services,United States,https://www.rclinvestor.com,95073157120.0,104951414784.0,257178535.0,271560000.0,28.49,24.5,5.67,11.94,17.66,6.26,0.4957,0.3546,0.2373,0.1938,0.49,0.07,16755999744.0,0.073,12.29,14.29,1.001,1.028,386000000.0,20118999040.0,247.1,0.18,0.08,29.31,1198875008.0,5564000256.0,0.0096,0.03,0.0252,0.1383,350.1,270.64,330.0,200.0,buy,1.7,2.15,352.68,130.08,280.99,238.22,6.0,0.05
REG,2025-07-21,Regency Centers Corporation,Real Estate,REIT - Retail,United States,https://www.regencycenters.com,12759870464.0,18099503104.0,162482620.0,181526000.0,33.11,33.27,8.38,1.95,18.92,11.88,0.7109,0.6282,0.406,0.2628,0.06,0.03,1522884992.0,0.052,2.11,2.1,0.007,-0.002,85297000.0,4886515200.0,71.06,0.7,0.57,35.76,638198656.0,783470976.0,0.0396,0.0282,0.0411,1.3033,69.87,79.16,84.0,75.0,buy,1.75,1.02,78.18,63.44,71.25,72.3,5.8,0.05
REGN,2025-07-21,"Regeneron Pharmaceuticals, Inc.",Healthcare,Biotechnology,United States,https://www.regeneron.com,58573172736.0,49829785600.0,99889821.0,106148000.0,13.79,11.97,4.16,1.96,11.14,3.54,0.488,0.3174,0.1994,0.3194,0.16,0.07,14085699584.0,-0.037,39.33,45.31,0.159,0.12,8349400064.0,2704800000.0,9.2,4.93,3.9,277.5,2082887552.0,3953100032.0,0.0067,0.0352,0.0,0.0224,542.52,727.21,940.0,504.0,buy,1.85,0.31,1211.2,476.49,544.21,688.95,1.35,0.02
RF,2025-07-21,Regions Financial Corporation,Financial Services,Banks - Regional,United States,https://www.regions.com/personal-banking,23381168128.0,,894687204.0,898929984.0,12.15,11.51,3.51,1.35,,,0.0,0.0,0.4698,0.3025,0.11,0.01,6661000192.0,0.156,2.14,2.26,,0.228,,,,,,19.26,,2268000000.0,0.0425,0.01,0.0391,0.4783,26.01,24.2,31.0,22.0,buy,2.33,0.98,27.96,17.74,22.68,23.18,5.89,0.06
RJF,2025-07-21,"Raymond James Financial, Inc.",Financial Services,Asset Management,United States,https://www.raymondjames.com,32413960192.0,20258093056.0,177776011.0,201755008.0,15.48,14.42,2.39,2.69,,1.49,0.9327,0.0,0.2038,0.1614,0.19,0.03,13566999552.0,0.107,10.38,11.14,0.063,0.04,15239999488.0,4461000192.0,36.48,6.22,6.18,59.73,,2168000000.0,0.013,0.02,0.0137,0.183,160.66,155.08,175.0,136.0,hold,2.57,1.04,174.32,104.24,151.18,150.19,8.38,0.05
RL,2025-07-21,Ralph Lauren Corporation,Consumer Cyclical,Apparel Manufacturing,United States,https://www.ralphlauren.com,17535277056.0,17130714112.0,37918339.0,38691700.0,24.93,22.23,2.48,6.88,14.99,2.42,0.6855,0.1615,0.0885,0.1049,0.29,0.08,7079000064.0,0.083,11.61,13.02,0.484,0.422,2083000064.0,2668100096.0,103.08,1.78,1.26,42.09,816062528.0,1235100032.0,0.0133,0.0365,0.0223,0.2842,289.49,308.95,384.0,175.0,buy,1.79,1.53,295.52,155.96,274.52,238.75,2.19,0.05
RMD,2025-07-21,ResMed Inc.,Healthcare,Medical Instruments & Supplies,United States,https://www.resmed.co.in,37818040320.0,37724798976.0,145702180.0,146627008.0,28.98,25.07,7.53,6.82,21.38,7.51,0.5937,0.3514,0.33,0.2615,0.26,0.14,5021529088.0,0.079,8.9,10.29,0.216,0.215,944841984.0,839772032.0,15.14,3.41,2.06,37.83,1202870656.0,1652935936.0,0.0082,0.0212,0.0083,0.2323,257.92,264.49,295.0,200.0,buy,2.11,0.77,263.05,196.43,251.21,238.88,11.58,0.08
ROK,2025-07-21,"Rockwell Automation, Inc.",Industrials,Specialty Industrial Machinery,United States,https://www.rockwellautomation.com,40126894080.0,41244028928.0,112350142.0,112716000.0,44.84,31.23,5.04,11.67,26.12,5.18,0.3927,0.1981,0.1704,0.1139,0.24,0.07,7968200192.0,-0.059,7.94,11.4,-0.039,-0.053,456000000.0,4092999936.0,113.54,1.05,0.64,30.51,1083287552.0,1273799936.0,0.0158,0.0524,0.0169,0.6448,356.0,320.46,371.0,229.0,buy,2.24,1.37,359.16,215.0,322.78,285.59,2.0,0.02
ROL,2025-07-21,"Rollins, Inc.",Consumer Cyclical,Personal Services,United States,https://www.rollins.com,27043248128.0,28053608448.0,295833043.0,484646016.0,56.36,49.82,7.81,19.94,35.85,8.1,0.527,0.226,0.1734,0.1378,0.38,0.15,3462863104.0,0.099,0.99,1.12,0.144,0.115,201176992.0,911033024.0,67.2,0.87,0.68,2.8,492010496.0,627112000.0,0.0117,0.0066,0.0106,0.6364,55.8,54.83,65.0,43.11,buy,2.31,0.77,58.65,45.34,56.57,52.01,4.08,0.03
ROP,2025-07-21,"Roper Technologies, Inc.",Technology,Software - Application,United States,https://www.ropertech.com,58573094912.0,68027629568.0,107008999.0,107515000.0,39.22,27.21,8.09,3.05,23.68,9.39,0.6892,0.3968,0.2793,0.2069,0.08,0.04,7241299968.0,0.12,13.89,20.02,-0.136,-0.133,372800000.0,7456399872.0,38.79,0.46,0.36,178.8,2161250048.0,2390400000.0,0.0058,0.033,0.0053,0.2217,544.79,630.92,714.0,540.0,buy,1.89,1.04,595.17,499.47,566.14,558.1,2.86,0.01
ROST,2025-07-21,"Ross Stores, Inc.",Consumer Cyclical,Apparel Retail,United States,https://www.rossstores.com,42499608576.0,42959912960.0,319413800.0,327071008.0,20.53,19.42,2.0,7.63,14.06,2.02,0.3278,0.1437,0.1217,0.098,0.4,0.11,21256122368.0,0.026,6.33,6.69,0.007,-0.018,3783412992.0,5015669248.0,89.95,1.55,0.89,17.03,1145347072.0,2397782016.0,0.0127,0.016200000000000003,0.0096,0.2382,129.94,150.22,175.0,124.24,buy,1.86,1.16,163.6,122.36,137.42,141.29,1.29,0.02
RSG,2025-07-21,"Republic Services, Inc.",Industrials,Waste Management,United States,https://www.republicservices.com,75155529728.0,90513891328.0,311875144.0,312496992.0,36.22,35.32,4.65,6.43,17.97,5.6,0.4314,0.3114,0.201,0.1288,0.19,0.06,16179000320.0,0.038,6.64,6.81,0.097,0.09,83000000.0,13530000384.0,115.99,0.66,0.59,37.38,1919374976.0,4150000128.0,0.0094,0.0232,0.0134,0.3431,240.5,259.01,290.0,180.0,buy,2.12,0.64,258.75,188.82,247.46,226.82,1.75,0.01
RTX,2025-07-21,RTX Corporation,Industrials,Aerospace & Defense,United States,https://www.rtx.com,202396418048.0,234692968448.0,1221302217.0,1335949952.0,44.43,24.8,2.48,3.29,17.54,2.87,0.1953,0.1637,0.1182,0.0563,0.08,0.03,81738997760.0,0.052,3.41,6.11,-0.109,-0.102,5157000192.0,42945998848.0,67.8,1.01,0.6,46.05,5729124864.0,8121999872.0,0.0186,0.027200000000000002,0.0246,0.739,151.5,144.34,162.0,115.0,buy,1.87,0.62,152.85,102.62,140.55,128.19,2.15,0.01
RVTY,2025-07-21,"Revvity, Inc.",Healthcare,Diagnostics & Research,United States,https://www.revvity.com,10992556032.0,13588098048.0,117227270.0,117870000.0,38.54,18.07,3.97,1.46,16.27,4.91,0.5625,0.3016,0.1221,0.1035,0.04,0.02,2769868032.0,0.023,2.42,5.16,0.688,0.624,1137619968.0,3325364992.0,43.54,3.58,2.71,63.96,742646848.0,608891008.0,0.0029,0.0028000000000000004,0.0022,0.1157,93.26,124.18,169.11,100.0,buy,1.84,0.97,129.5,87.7,94.87,108.47,4.79,0.07
SBAC,2025-07-21,SBA Communications Corporation,Real Estate,REIT - Specialty,United States,https://www.sbasite.com,25131384832.0,39301263360.0,106639436.0,107445000.0,30.98,25.51,9.36,-5.08,21.97,14.63,0.7679,0.666,0.5539,0.3037,,0.09,2686020096.0,0.01,7.55,9.17,0.437,0.428,636446976.0,14641131520.0,,0.65,0.59,-46.01,455928512.0,1341587968.0,0.0189,0.0444,0.0115,0.5357,233.9,254.94,280.0,225.0,buy,2.12,0.78,252.64,192.55,231.39,222.22,3.22,0.03
SBUX,2025-07-21,Starbucks Corporation,Consumer Cyclical,Restaurants,United States,https://www.starbucks.com,106594320384.0,127155732480.0,1134286296.0,1136400000.0,34.11,25.22,2.93,-13.98,20.99,3.5,0.2503,0.1667,0.0751,0.0861,,0.09,36347301888.0,0.023,2.75,3.72,-0.503,-0.503,3011599872.0,26031900672.0,,0.64,0.4,-6.71,1848912512.0,5569699840.0,0.0266,0.024399999999999998,0.0211,0.8582,93.8,92.95,108.0,69.0,buy,2.31,0.99,117.46,72.72,89.7,95.44,4.25,0.04
SCHW,2025-07-21,The Charles Schwab Corporation,Financial Services,Capital Markets,United States,https://www.schwab.com,174065729536.0,153048383488.0,1711368064.0,1816969984.0,25.75,25.21,8.51,4.48,,7.48,0.9705,0.0,0.4385,0.3171,0.14,0.01,20465000448.0,0.181,3.72,3.8,0.454,0.402,76483002368.0,54559997952.0,110.2,0.54,0.54,21.4,,10378000384.0,0.0118,0.0108,0.0131,0.3091,95.8,92.37,113.0,70.0,none,,0.93,97.5,61.15,89.14,79.77,2.5,0.01
SHW,2025-07-21,The Sherwin-Williams Company,Basic Materials,Specialty Chemicals,United States,https://www.sherwin-williams.com,85221883904.0,99062185984.0,230956870.0,250600992.0,32.14,26.61,3.7,20.54,22.34,4.3,0.4872,0.1925,0.1428,0.1163,0.7,0.1,23036899328.0,-0.011,10.58,12.78,0.015,-0.003,199800000.0,13628000256.0,329.97,0.77,0.39,16.56,1882837504.0,3151000064.0,0.0092,0.0316,0.0084,0.2774,340.07,376.7,420.0,258.0,buy,2.14,1.21,400.42,308.84,350.34,356.56,3.01,0.02
SJM,2025-07-21,The J. M. Smucker Company,Consumer Defensive,Packaged Foods,United States,https://www.jmsmucker.com,11325574144.0,18200887296.0,102774911.0,106684000.0,,10.08,1.3,1.86,8.44,2.09,0.3889,0.2471,0.1786,-0.141,-0.18,0.05,8726099968.0,-0.028,-11.57,10.53,,,69900000.0,7811700224.0,128.43,0.81,0.26,57.15,600324992.0,1210400000.0,0.044,0.0432,0.0317,0.8606,106.16,109.1,123.0,94.0,hold,2.53,0.33,125.42,93.3,105.85,110.71,2.53,0.06
SLB,2025-07-21,Schlumberger Limited,Energy,Oil & Gas Equipment & Services,United States,https://www.slb.com,45013987328.0,57409462272.0,1355292275.0,1350960000.0,11.41,9.08,1.25,2.09,6.98,1.59,0.205,0.2279,0.1576,0.1162,0.2,0.08,36072001536.0,-0.025,2.92,3.67,-0.216,-0.254,3935000064.0,14138000384.0,68.14,1.24,0.83,15.94,3030749952.0,6935000064.0,0.0337,0.011399999999999999,0.0226,0.3763,33.32,47.12,63.0,38.0,buy,1.57,1.03,50.52,31.11,34.8,39.0,4.85,0.05
SMCI,2025-07-21,"Super Micro Computer, Inc.",Technology,Computer Hardware,United States,https://www.supermicro.com,30897266688.0,29358503936.0,497125226.0,596817984.0,28.14,12.21,1.43,4.84,21.51,1.36,0.1127,0.0633,0.0319,0.0534,0.2,0.08,21569720320.0,0.195,1.84,4.24,-0.741,-0.73,2539582976.0,2647895040.0,41.51,6.66,3.64,10.69,-272670496.0,148096992.0,0.0,0.0,0.0,0.0,51.77,42.93,93.0,15.0,hold,2.68,1.4,80.88,17.25,44.16,38.43,1.82,0.24
SNA,2025-07-21,Snap-on Incorporated,Industrials,Tools & Accessories,United States,https://www.snapon.com,17606901760.0,16162120704.0,51033425.0,52291000.0,17.96,16.74,3.47,3.07,11.15,3.19,0.5205,0.286,0.2528,0.2014,0.2,0.11,5069700096.0,-0.03,18.75,20.12,-0.081,-0.087,1434700032.0,1301600000.0,23.48,4.14,3.02,109.57,811625024.0,1167299968.0,0.0275,0.08560000000000001,0.0245,0.4186,336.71,321.39,400.0,236.0,hold,2.64,0.77,373.9,266.56,318.91,330.87,8.95,0.06
SNPS,2025-07-21,"Synopsys, Inc.",Technology,Software - Infrastructure,United States,https://www.synopsys.com,90731945984.0,76026134528.0,154104292.0,155160992.0,67.6,39.32,14.58,9.15,51.65,12.22,0.8141,0.2366,0.2346,0.3477,0.16,0.05,6221316096.0,0.103,8.65,14.87,0.181,0.182,14263911424.0,10742250496.0,108.34,7.02,6.72,63.91,1938772352.0,1226139008.0,0.0,0.0,0.0,0.0,584.76,585.63,685.0,502.41,strong_buy,1.45,1.11,600.9,365.74,507.24,496.08,3.4,0.03
SO,2025-07-21,The Southern Company,Utilities,Utilities - Regulated Electric,United States,https://www.southerncompany.com,103527874560.0,172103221248.0,1095713937.0,1100189952.0,22.57,21.78,3.72,3.06,12.87,6.18,0.4969,0.4802,0.2782,0.1654,0.12,0.03,27853000704.0,0.17,4.17,4.32,0.175,0.182,2327000064.0,70119997440.0,188.38,0.86,0.48,30.79,407249984.0,9726999552.0,0.0322,0.0296,0.0385,0.6906,94.1,92.88,104.0,72.0,buy,2.48,0.37,94.63,80.46,90.14,88.35,3.68,0.02
SOLV,2025-07-21,Solventum Corporation,Healthcare,Medical Instruments & Supplies,United States,https://www.solventum.com,12678391808.0,20500299776.0,138339402.0,173012992.0,33.77,13.25,1.53,3.89,14.48,2.47,0.5494,0.1704,0.0773,0.0456,0.11,0.04,8307999744.0,0.027,2.17,5.53,-0.431,-0.422,534000000.0,7912999936.0,242.58,1.19,0.64,18.86,1045374976.0,772000000.0,0.0,0.0,0.0,0.0,73.28,82.16,88.0,71.0,hold,2.75,,85.92,53.03,73.85,71.93,3.62,0.03
SPG,2025-07-21,"Simon Property Group, Inc.",Real Estate,REIT - Retail,United States,https://www.simon.com,61420859392.0,77072547840.0,322844156.0,326416992.0,25.89,24.02,10.25,20.73,17.33,12.86,0.8237,0.7418,0.494,0.3425,0.67,0.06,5994220032.0,0.021,6.29,6.78,-0.435,-0.434,1380007936.0,25273774080.0,773.47,0.37,0.37,7.86,1983254400.0,3868770048.0,0.0523,0.084,0.0564,1.3137,162.86,182.28,220.0,163.0,buy,2.11,1.49,190.14,136.34,161.48,169.04,2.07,0.01
SPGI,2025-07-21,S&P Global Inc.,Financial Services,Financial Data & Stock Exchanges,United States,https://www.spglobal.com,160818429952.0,176629841920.0,306028327.0,306683008.0,41.16,31.19,11.1,4.82,24.72,12.19,0.6942,0.4929,0.4321,0.2726,0.11,0.06,14494000128.0,0.082,12.74,16.81,0.12,0.1,1468999936.0,12024999936.0,31.88,0.9,0.77,108.81,5187999744.0,5694000128.0,0.0073,0.0384,0.0081,0.2899,524.38,585.97,627.0,537.0,strong_buy,1.38,1.2,545.39,427.14,517.06,507.22,2.39,0.01
SRE,2025-07-21,Sempra,Utilities,Utilities - Diversified,United States,https://www.sempra.com,51032301568.0,93191946240.0,651205168.0,652169984.0,17.2,15.22,3.82,1.66,17.26,6.98,0.4125,0.4046,0.2583,0.2222,0.1,0.02,13347000320.0,0.045,4.55,5.14,0.103,0.129,1756000000.0,38085001216.0,99.69,0.57,0.44,47.17,-5204125184.0,4537999872.0,0.0341,0.0258,0.0315,0.5505,78.25,80.86,89.0,70.0,buy,2.22,0.66,95.77,61.9,75.92,79.7,1.91,0.01
STE,2025-07-21,STERIS plc,Healthcare,Medical Devices,United States,https://www.steris.com,22190530560.0,25674186752.0,97991609.0,98371000.0,36.62,22.63,4.06,3.36,17.53,4.7,0.4431,0.2682,0.1995,0.1126,0.09,0.06,5459514880.0,0.043,6.16,9.97,,,171700992.0,2202540032.0,33.29,1.96,1.19,67.18,1609312256.0,1148087040.0,0.0095,0.022799999999999997,0.0087,0.362,225.58,263.1,280.0,231.0,buy,2.1,0.94,252.79,200.98,238.02,224.61,1.1,0.01
STLD,2025-07-21,"Steel Dynamics, Inc.",Basic Materials,Steel,United States,https://www.steeldynamics.com,19541000192.0,22002290688.0,138773199.0,148454000.0,17.3,13.11,1.14,2.23,11.2,1.28,0.1341,0.1141,0.063,0.068,0.13,0.06,17215582208.0,-0.069,7.61,10.04,-0.608,-0.628,1206552960.0,4196079104.0,47.5,2.74,1.29,59.08,-482931744.0,1641889024.0,0.0156,0.02,0.0168,0.247,131.63,147.37,155.0,138.0,buy,1.71,1.39,155.56,103.17,131.75,129.4,2.2,0.03
STT,2025-07-21,State Street Corporation,Financial Services,Asset Management,United States,https://www.statestreet.com,30986332160.0,-41468788736.0,269185775.0,285561984.0,12.19,11.62,2.37,1.3,,-3.17,0.0,0.0,0.2677,0.2192,0.11,0.01,13086000128.0,0.052,8.9,9.34,0.489,0.391,140095995904.0,64741998592.0,,,,83.16,,-9969999872.0,0.0286,0.0304,0.0309,0.3345,108.51,105.6,120.0,89.0,buy,2.38,1.46,110.97,72.81,100.78,95.11,2.62,0.02
STX,2025-07-21,Seagate Technology Holdings plc,Technology,Computer Hardware,Singapore,https://www.seagate.com,31636246528.0,34961346560.0,211415281.0,212216992.0,21.45,15.37,3.7,-38.17,18.49,4.09,0.3379,0.2214,0.2088,0.1749,,0.14,8540000256.0,0.305,6.95,9.7,12.188,12.6,814000000.0,5145999872.0,,1.36,0.65,-3.91,190875008.0,1009000000.0,0.02,0.0288,0.0362,0.4086,149.07,120.02,200.0,68.0,buy,2.09,1.43,152.16,63.19,127.26,102.78,3.98,0.11
STZ,2025-07-21,"Constellation Brands, Inc.",Consumer Defensive,Beverages - Brewers,United States,https://www.cbrands.com,30075072512.0,41254105088.0,149905728.0,176266000.0,,11.24,2.95,4.15,10.43,4.04,0.5226,0.3876,0.3004,-0.008,-0.0,0.09,10208700416.0,0.012,-2.35,15.17,,,68100000.0,12113500160.0,169.78,0.92,0.26,41.12,1076337536.0,3152199936.0,0.0251,0.0408,0.0149,1.0453,170.57,210.29,300.0,170.0,buy,1.96,0.7,261.06,159.35,174.53,198.46,3.52,0.04
SW,2025-07-21,Smurfit Westrock Plc,Consumer Cyclical,Packaging & Containers,Ireland,https://www.smurfitwestrock.com,23417503744.0,35908501504.0,517811819.0,522012992.0,54.71,12.43,0.91,1.31,10.04,1.39,0.1959,0.1384,0.0781,0.0198,0.04,0.04,25834999808.0,1.613,0.82,3.61,0.0,1.01,797000000.0,14218999808.0,79.48,1.43,0.74,34.32,-1627874944.0,1676000000.0,0.0399,0.0172,0.034,2.8103,44.86,53.68,63.0,43.0,buy,1.83,1.02,56.99,37.01,44.39,48.05,6.27,0.04
SWK,2025-07-21,"Stanley Black & Decker, Inc.",Industrials,Tools & Accessories,United States,https://www.stanleyblackanddecker.com,10846927872.0,17351473152.0,154282428.0,154712992.0,29.71,12.77,0.71,1.23,11.08,1.14,0.3,0.1028,0.0637,0.024,0.04,0.03,15240800256.0,-0.032,2.36,5.49,3.612,3.636,344800000.0,7214499840.0,81.6,1.1,0.3,57.16,738774976.0,1117900032.0,0.0484,0.032799999999999996,0.0296,1.3856,70.11,85.81,120.15,60.0,hold,2.6,1.17,110.88,53.91,67.94,80.15,2.27,0.05
SWKS,2025-07-21,"Skyworks Solutions, Inc.",Technology,Semiconductors,United States,https://www.skyworksinc.com,10924136448.0,10890624000.0,149280916.0,150128992.0,28.42,11.37,2.76,1.88,12.16,2.76,0.4118,0.2266,0.1226,0.1043,0.07,0.05,3952199936.0,-0.089,2.56,6.4,-0.623,-0.625,1506599936.0,1209600000.0,20.36,4.95,3.06,38.67,1029425024.0,1536099968.0,0.0376,0.027999999999999997,0.022,1.0859,72.76,69.51,100.0,52.0,none,,1.16,120.07,47.93,72.72,78.02,3.62,0.12
SYF,2025-07-21,Synchrony Financial,Financial Services,Credit Services,United States,https://www.synchrony.com,26661216256.0,22006628352.0,378770294.0,380656992.0,9.59,10.83,3.06,1.74,,2.53,0.0,0.0,0.4418,0.3404,0.19,0.02,8705000448.0,-0.236,7.3,6.47,-0.398,-0.415,21628999680.0,17009000448.0,,,,40.36,,9799999488.0,0.018,0.012,0.024,0.137,70.04,66.76,88.0,48.0,buy,1.95,1.43,71.88,40.54,62.69,60.26,4.53,0.06
SYK,2025-07-21,Stryker Corporation,Healthcare,Medical Devices,United States,https://www.stryker.com,148815052800.0,166142885888.0,344265575.0,382164992.0,52.62,28.78,6.41,7.11,26.9,7.16,0.647,0.266,0.193,0.1231,0.14,0.07,23217999872.0,0.119,7.4,13.53,-0.176,-0.17,2408999936.0,17355999232.0,82.92,1.64,0.8,54.77,3028375040.0,4288000000.0,0.0085,0.0336,0.0101,0.4432,389.4,421.46,465.0,306.0,buy,1.94,0.93,406.19,314.93,385.83,375.99,4.83,0.01
SYY,2025-07-21,Sysco Corporation,Consumer Defensive,Food Distribution,United States,https://www.sysco.com,38009405440.0,49820090368.0,483370139.0,484752000.0,20.26,15.94,0.47,19.78,11.23,0.62,0.1835,0.0549,0.0365,0.0236,0.94,0.09,80787996672.0,0.011,3.87,4.92,-0.035,-0.056,1527000064.0,14609000448.0,751.1,1.26,0.72,3.96,2215365888.0,2932999936.0,0.0285,0.0216,0.0255,0.5271,78.41,79.78,88.0,72.0,none,,0.82,82.23,67.12,74.39,74.41,5.38,0.03
T,2025-07-21,AT&T Inc.,Communication Services,Telecom Services,United States,https://www.att.com,193987936256.0,364644728832.0,7181139018.0,7200739840.0,16.53,12.03,1.58,1.87,8.24,2.97,0.599,0.36,0.2209,0.0964,0.11,0.04,122934001664.0,0.02,1.63,2.24,0.296,0.263,6978999808.0,145288003584.0,119.25,0.7,0.44,14.42,14413375488.0,40272998400.0,0.0384,0.0111,0.0684,0.681,26.94,29.37,34.0,17.8,buy,1.89,0.6,29.19,18.14,27.74,25.2,2.68,0.01
TAP,2025-07-21,Molson Coors Beverage Company,Consumer Defensive,Beverages - Brewers,United States,https://www.molsoncoors.com,10132144128.0,16271423488.0,181994553.0,189838000.0,10.07,8.44,0.89,0.77,6.77,1.44,0.39,0.212,0.1005,0.0914,0.08,0.04,11334700032.0,-0.113,4.97,5.93,-0.392,-0.418,412700000.0,6600099840.0,49.06,0.9,0.46,64.61,671500032.0,1794200064.0,0.0391,0.018799999999999997,0.0265,0.3602,50.06,61.45,86.9,49.0,hold,2.65,0.73,64.66,46.94,51.67,56.53,4.62,0.08
TDG,2025-07-21,TransDigm Group Incorporated,Industrials,Aerospace & Defense,United States,https://www.transdigm.com,89715712000.0,108057919488.0,55900291.0,56167100.0,53.76,36.74,10.7,-15.84,25.38,12.88,0.5976,0.5075,0.4637,0.2266,,0.11,8387999744.0,0.12,29.71,43.48,0.182,0.189,2463000064.0,25103998976.0,,3.09,2.0,-100.86,2083124992.0,2080000000.0,0.0,0.0,0.0,0.0,1597.3,1566.6,1780.0,1300.0,buy,1.57,1.05,1607.31,1176.31,1466.99,1364.81,4.3,0.03
TDY,2025-07-21,Teledyne Technologies Incorporated,Technology,Scientific & Technical Instruments,United States,https://www.teledyne.com,26412711936.0,26516011008.0,46311092.0,46859300.0,32.26,26.27,4.58,2.66,19.03,4.6,0.4288,0.2415,0.183,0.1437,0.09,0.05,5769800192.0,0.074,17.47,21.46,0.073,0.057,461500000.0,2964800000.0,29.85,2.18,1.29,211.84,876275008.0,1143500032.0,0.0,0.0,0.0,0.0,563.66,561.32,626.0,535.0,buy,1.55,1.05,564.85,392.73,503.85,483.68,1.69,0.01
TECH,2025-07-21,Bio-Techne Corporation,Healthcare,Biotechnology,United States,https://www.bio-techne.com,8155019776.0,8348506112.0,154947227.0,156767008.0,62.67,23.75,6.75,4.04,28.89,6.91,0.6632,0.239,0.141,0.1089,0.07,0.05,1208770048.0,0.042,0.83,2.19,-0.548,-0.54,140670000.0,423499008.0,20.99,3.71,2.23,12.87,244408752.0,264851008.0,0.0062,0.0032,0.0041,0.3855,52.02,67.28,90.0,51.0,buy,1.81,1.38,83.62,46.01,50.49,63.23,2.4,0.04
TEL,2025-07-21,TE Connectivity plc,Technology,Electronic Components,Ireland,https://www.te.com,53073018880.0,53274501120.0,296003833.0,296547008.0,38.91,19.91,3.31,4.4,13.84,3.32,0.3487,0.2401,0.1936,0.0867,0.11,0.08,16026000384.0,0.044,4.6,8.99,-0.977,-0.976,2553999872.0,5678000128.0,46.48,1.51,0.96,40.67,1521624960.0,3579000064.0,0.0168,0.028399999999999998,0.0165,0.5652,178.97,165.07,193.0,140.0,none,,1.22,179.75,116.3,165.61,151.25,3.37,0.02
TER,2025-07-21,"Teradyne, Inc.",Technology,Semiconductor Equipment & Materials,United States,https://www.teradyne.com,15066646528.0,13985978368.0,159749730.0,160420000.0,26.61,22.1,5.19,5.39,19.34,4.81,0.5937,0.2488,0.1974,0.1986,0.22,0.11,2905741056.0,0.143,3.53,4.25,0.525,0.541,507776992.0,68763000.0,2.46,2.7,1.49,17.41,499388512.0,826534016.0,0.0053,0.0048,0.0041,0.136,93.92,95.86,133.0,68.0,buy,1.88,1.67,155.18,65.77,86.22,102.95,2.5,0.04
TFC,2025-07-21,Truist Financial Corporation,Financial Services,Banks - Regional,United States,https://www.truist.com,57947144192.0,69115076608.0,1306068683.0,1309539968.0,11.99,11.2,5.03,0.97,,5.99,0.0,0.0,0.3866,0.4234,0.0,0.0,11530999808.0,0.028,3.69,3.95,0.077,0.053,51875000320.0,58786000896.0,,,,45.6,,3900000000.0,0.0484,0.0208,0.046,0.5226,44.25,45.97,55.0,40.5,buy,2.17,0.82,49.06,33.56,41.53,42.91,3.81,0.02
TGT,2025-07-21,Target Corporation,Consumer Defensive,Discount Stores,United States,https://target.com,47008706560.0,61399195648.0,452952823.0,454366016.0,11.37,9.84,0.44,3.15,6.85,0.58,0.2807,0.0846,0.0628,0.0395,0.29,0.07,105881001984.0,-0.028,9.1,10.51,0.118,0.1,2887000064.0,19463000064.0,130.21,0.94,0.15,32.9,2960250112.0,6541000192.0,0.0456,0.045,0.0247,0.4901,103.46,102.89,135.0,80.0,hold,2.59,1.21,167.4,87.35,98.36,120.62,2.0,0.04
TJX,2025-07-21,"The TJX Companies, Inc.",Consumer Cyclical,Apparel Retail,United States,https://www.tjx.com,136295292928.0,146574376960.0,1113373237.0,1115619968.0,28.75,26.56,2.39,16.03,19.77,2.57,0.3048,0.1301,0.1004,0.0848,0.6,0.13,56991997952.0,0.051,4.25,4.6,-0.011,-0.032,4255000064.0,13061999616.0,153.62,1.16,0.45,7.62,2886874880.0,5773000192.0,0.0138,0.017,0.0126,0.3529,122.17,139.59,164.0,87.12,buy,1.55,0.9,135.85,107.71,126.4,122.58,2.39,0.01
TKO,2025-07-21,"TKO Group Holdings, Inc.",Communication Services,Entertainment,United States,https://tkogrp.com,13961655296.0,23505369088.0,66898038.0,81747504.0,87.14,52.71,4.9,3.35,32.19,8.24,0.6977,0.2561,0.1871,0.0602,0.04,0.02,2850693120.0,0.038,1.96,3.24,,,470860000.0,3069408000.0,30.11,1.25,0.81,50.92,399396736.0,701361024.0,0.0084,0.0152,0.0,0.1929,170.79,183.74,220.0,117.0,strong_buy,1.45,,182.6,102.46,167.75,149.28,7.85,0.08
TMO,2025-07-21,Thermo Fisher Scientific Inc.,Healthcare,Diagnostics & Research,United States,https://www.thermofisher.com,156565635072.0,181465677824.0,376686075.0,377494016.0,24.33,17.66,3.65,3.17,16.76,4.23,0.4144,0.2524,0.1775,0.1519,0.14,0.05,42898001920.0,0.002,17.05,23.49,0.15,0.135,5946999808.0,34258999296.0,69.23,1.78,1.2,130.84,5770375168.0,8138999808.0,0.0042,0.0172,0.0023,0.0938,414.75,554.6,767.0,450.0,buy,1.6,0.78,627.88,385.46,410.61,498.66,1.89,0.01
TMUS,2025-07-21,"T-Mobile US, Inc.",Communication Services,Telecom Services,United States,https://www.t-mobile.com,257985593344.0,380220145664.0,418139015.0,1135449984.0,22.17,21.29,3.12,4.23,12.03,4.6,0.6385,0.3822,0.2298,0.1441,0.19,0.06,82691997696.0,0.066,10.25,10.67,0.29,0.244,12003000320.0,121691996160.0,199.15,1.16,0.9,53.73,9022624768.0,24056000512.0,0.0148,0.0352,0.0,0.2988,227.21,269.22,305.0,202.99,buy,2.03,0.63,276.49,173.74,236.06,238.53,3.47,0.03
TPL,2025-07-21,Texas Pacific Land Corporation,Energy,Oil & Gas E&P,United States,https://www.texaspacific.com,22920865792.0,23823202304.0,19331881.0,22987300.0,50.01,13.64,31.5,19.0,40.26,32.74,0.9354,0.8132,0.7669,0.6324,0.4,0.27,727664000.0,0.125,19.94,73.12,0.054,0.054,460379008.0,0.0,,7.8,7.69,52.48,-52545248.0,500153984.0,0.0061,0.064,0.0076,0.2771,997.11,,,,none,,1.13,1769.14,736.75,1151.25,1245.5,11.35,0.1
TPR,2025-07-21,"Tapestry, Inc.",Consumer Cyclical,Luxury Goods,United States,https://www.tapestry.com,21479299072.0,21287970816.0,206703619.0,207690000.0,27.22,21.73,3.12,14.38,13.8,3.1,0.7509,0.2242,0.1718,0.125,0.4,0.08,6878600192.0,0.069,3.8,4.76,0.583,0.458,1057000000.0,4107699968.0,274.98,1.76,0.98,7.19,575350016.0,1025800000.0,0.0159,0.013999999999999999,0.0406,0.3684,103.42,89.08,104.0,64.0,buy,1.86,1.48,104.23,35.23,85.29,70.13,3.62,0.06
TRGP,2025-07-21,Targa Resources Corp.,Energy,Oil & Gas Midstream,United States,https://www.targaresources.com,37119234048.0,53941997568.0,213311266.0,216932000.0,31.57,20.72,2.27,15.18,13.29,3.29,0.3442,0.2478,0.1191,0.0798,0.42,0.07,16380600320.0,-0.0,5.42,8.26,-0.254,-0.017,151400000.0,16208700416.0,630.03,0.65,0.49,11.27,-188950000.0,3727699968.0,0.023,0.04,0.0235,0.5525,171.11,202.13,244.0,157.0,strong_buy,1.41,1.07,218.51,122.56,167.05,180.86,2.33,0.02
TRMB,2025-07-21,Trimble Inc.,Technology,Scientific & Technical Instruments,United States,https://www.trimble.com,19573678080.0,19228833792.0,237556224.0,238587008.0,13.38,27.53,5.48,3.59,28.14,5.38,0.6855,0.1913,0.1216,0.424,0.31,0.03,3570599936.0,-0.118,6.13,2.98,0.174,0.166,290000000.0,1391000064.0,25.67,0.84,0.54,22.85,1418562560.0,453200000.0,0.0,0.0,0.0,0.0,82.04,83.77,88.6,77.0,none,,1.68,82.44,48.65,73.81,69.64,4.76,0.03
TROW,2025-07-21,"T. Rowe Price Group, Inc.",Financial Services,Asset Management,United States,https://www.troweprice.com,23302821888.0,20078002176.0,215222380.0,220316000.0,12.01,11.31,3.28,2.25,7.09,2.82,0.5237,0.3986,0.3381,0.2838,0.18,0.11,7107299840.0,0.008,8.81,9.35,-0.137,-0.145,2836699904.0,516600000.0,4.48,3.89,3.89,47.02,935237504.0,1681200000.0,0.0526,0.0508,0.0367,0.5664,105.77,94.15,113.0,82.0,hold,3.29,1.51,125.81,77.85,96.46,104.37,8.48,0.06
TRV,2025-07-21,"The Travelers Companies, Inc.",Financial Services,Insurance - Property & Casualty,United States,https://www.travelers.com,59878891520.0,63534211072.0,225388363.0,225134000.0,11.76,12.52,1.27,2.03,9.96,1.35,0.2456,0.1357,0.048,0.0909,0.16,0.03,47004999680.0,0.052,22.61,21.25,-0.646,-0.648,5114999808.0,8032999936.0,28.5,0.32,0.19,131.13,15715749888.0,8976000000.0,0.0164,0.044000000000000004,0.0209,0.2286,265.97,280.37,312.0,225.0,none,,0.54,277.83,203.21,266.09,254.3,3.02,0.02
TSCO,2025-07-21,Tractor Supply Company,Consumer Cyclical,Specialty Retail,United States,https://www.tractorsupply.com,29998886912.0,33508818944.0,528394941.0,530203008.0,28.15,5.08,2.01,13.43,17.48,2.24,0.3632,0.1281,0.0719,0.0724,0.5,0.09,14955348992.0,0.021,2.01,11.13,-0.081,-0.095,231716992.0,5761726976.0,257.39,1.41,0.09,4.21,498994112.0,1380201984.0,0.0174,0.0092,0.0144,0.4428,56.58,54.37,65.0,44.0,buy,2.36,0.73,61.53,46.85,52.55,54.31,6.93,0.08
TSLA,2025-07-21,"Tesla, Inc.",Consumer Cyclical,Auto Manufacturers,United States,https://www.tesla.com,1061789433856.0,1000065925120.0,2803294819.0,3220960000.0,188.37,101.74,11.09,14.22,79.69,10.45,0.1766,0.1311,0.0255,0.0638,0.09,0.04,95724003328.0,-0.092,1.75,3.24,-0.707,-0.706,36996001792.0,13127999488.0,17.41,2.0,1.38,23.18,3360000000.0,16837000192.0,0.0,0.0,0.0,0.0,329.65,306.07,500.0,115.0,hold,2.62,2.46,488.54,182.0,323.94,317.85,0.64,0.03
TSN,2025-07-21,"Tyson Foods, Inc.",Consumer Defensive,Farm Products,United States,https://www.tysonfoods.com,19026456576.0,28124751872.0,278981395.0,286224992.0,20.78,15.26,0.35,1.03,8.06,0.52,0.0787,0.0651,0.0394,0.017,0.05,0.04,53615001600.0,0.0,2.57,3.5,-0.952,-0.952,1002000000.0,9068000256.0,48.93,1.67,0.62,51.65,1389500032.0,2259000064.0,0.0358,0.02,0.029,0.7704,53.41,66.64,80.31,58.0,buy,2.29,0.58,66.88,52.71,55.36,58.64,2.64,0.03
TT,2025-07-21,Trane Technologies plc,Industrials,Building Products & Equipment,Ireland,https://www.tranetechnologies.com,99762642944.0,101487607808.0,222415858.0,223018000.0,36.91,35.36,4.91,13.35,25.8,5.0,0.3593,0.1937,0.1606,0.1347,0.39,0.11,20311199744.0,0.112,12.12,12.65,0.408,0.386,860499968.0,4771299840.0,63.47,1.09,0.7,33.52,2439650048.0,3237900032.0,0.0086,0.037599999999999995,0.0132,0.285,447.33,414.47,500.0,254.0,hold,2.54,1.17,451.87,298.15,428.34,388.09,2.66,0.02
TTD,2025-07-21,"The Trade Desk, Inc.",Communication Services,Advertising Agencies,United States,https://www.thetradedesk.com,39418322944.0,33973266432.0,445597270.0,448136000.0,97.82,41.56,15.34,14.51,64.5,13.22,0.801,0.205,0.0884,0.1604,0.17,0.05,2569598976.0,0.254,0.82,1.93,0.667,0.601,1740370944.0,334968000.0,12.33,1.81,1.79,5.53,669077888.0,845417024.0,0.0,0.0,0.0,0.0,80.21,86.01,135.0,39.0,buy,1.85,1.4,141.53,42.96,73.4,92.05,3.31,0.05
TTWO,2025-07-21,"Take-Two Interactive Software, Inc.",Communication Services,Electronic Gaming & Multimedia,United States,https://www.take2games.com,42279817216.0,45728038912.0,165324529.0,182887008.0,,29.49,7.5,19.15,101.87,8.12,0.5816,0.0797,0.0202,-0.795,-1.15,-0.03,5633600000.0,0.131,-25.57,7.84,,,1465500032.0,4105900032.0,192.07,0.78,0.68,12.07,1150724992.0,-45200000.0,0.0,0.0,0.0,0.0,231.18,243.05,275.0,144.11,buy,1.59,1.03,245.08,135.24,233.81,201.53,3.46,0.05
TXN,2025-07-21,Texas Instruments Incorporated,Technology,Semiconductors,United States,https://www.ti.com,196793204736.0,196459970560.0,906209984.0,908472000.0,40.95,36.84,12.26,12.0,27.68,12.24,0.5802,0.4423,0.3246,0.3036,0.29,0.1,16049000448.0,0.111,5.29,5.88,0.067,0.067,5005000192.0,12848000000.0,78.31,5.26,3.24,18.05,-257000000.0,6150000128.0,0.0262,0.054400000000000004,0.0264,1.0076,216.62,183.82,248.0,125.0,hold,2.58,0.99,221.69,139.95,197.65,190.28,2.57,0.02
TXT,2025-07-21,Textron Inc.,Industrials,Aerospace & Defense,United States,https://www.textron.com,15345815552.0,17402460160.0,179408626.0,180539008.0,19.14,12.69,1.11,2.11,11.43,1.25,0.1791,0.1098,0.0805,0.0598,0.12,0.04,13873000448.0,0.055,4.44,6.7,0.097,0.03,1194000000.0,4100999936.0,56.37,1.8,0.64,40.29,584625024.0,897000000.0,0.001,0.0008,0.0012,0.018,85.0,85.52,107.0,71.0,buy,2.22,1.16,93.98,57.7,77.88,77.56,4.1,0.03
TYL,2025-07-21,"Tyler Technologies, Inc.",Technology,Software - Application,United States,https://www.tylertech.com,24337178624.0,25398061056.0,42912241.0,43123500.0,85.51,52.11,11.11,6.93,59.03,11.59,0.447,0.1964,0.1578,0.1323,0.09,0.04,2190608896.0,0.103,6.6,10.83,0.46,0.496,807403008.0,640102016.0,18.22,0.94,0.88,81.48,513009984.0,608952000.0,0.0,0.0,0.0,0.0,564.36,669.53,775.0,570.0,none,,0.85,661.31,513.52,573.91,587.16,4.34,0.03
UAL,2025-07-21,"United Airlines Holdings, Inc.",Industrials,Airlines,United States,https://www.united.com,29864278016.0,43602202624.0,323945307.0,323732000.0,9.25,7.63,0.52,2.23,5.13,0.76,0.3488,0.1473,0.0404,0.0634,0.34,0.05,57736998912.0,0.054,9.97,12.09,,,15329999872.0,32924999680.0,260.98,0.78,0.68,41.3,2363875072.0,10307000320.0,0.0,0.0,0.0,0.0,92.25,95.36,130.0,42.0,buy,1.56,1.44,116.0,37.02,80.14,84.07,2.1,0.05
UBER,2025-07-21,"Uber Technologies, Inc.",Technology,Software - Application,United States,https://www.uber.com,189439082496.0,201133981696.0,2079708497.0,2091170048.0,15.87,38.39,4.17,8.62,43.95,4.43,0.3359,0.1008,0.1065,0.2707,0.69,0.05,45380001792.0,0.138,5.71,2.36,,,6025999872.0,11123999744.0,48.57,1.02,0.83,10.5,5420375040.0,8045000192.0,0.0,0.0,0.0,0.0,90.59,96.68,115.0,76.0,buy,1.65,1.39,97.72,54.84,88.92,76.45,1.68,0.02
UDR,2025-07-21,"UDR, Inc.",Real Estate,REIT - Residential,United States,https://www.udr.com,15355046912.0,20617472000.0,299464934.0,331296000.0,113.14,86.66,9.0,4.1,20.57,12.09,0.6649,0.5879,0.1949,0.0722,0.03,0.02,1705219968.0,0.012,0.36,0.47,0.792,0.778,2908000.0,5992567808.0,136.54,0.54,0.0,9.93,617970624.0,865465024.0,0.0421,0.0172,0.0367,4.7222,40.73,46.52,51.0,41.0,buy,2.43,0.83,47.55,36.61,41.12,42.7,3.29,0.03
UHS,2025-07-21,"Universal Health Services, Inc.",Healthcare,Medical Care Facilities,United States,https://uhs.com,10886561792.0,16740883456.0,54566837.0,57189700.0,9.49,9.3,0.68,1.6,7.14,1.04,0.4271,0.1457,0.1109,0.0744,0.18,0.08,16084073472.0,0.067,17.81,18.16,0.257,0.209,126753000.0,5094129152.0,73.98,1.32,1.09,105.3,849583872.0,2030743040.0,0.0044,0.008,0.0049,0.0449,168.94,227.63,280.0,200.0,buy,2.21,1.32,243.25,153.99,182.71,188.67,3.12,0.05
ULTA,2025-07-21,"Ulta Beauty, Inc.",Consumer Cyclical,Specialty Retail,United States,https://www.ulta.com,22171664384.0,22547025920.0,44799532.0,44945600.0,19.31,21.57,1.94,9.14,12.26,1.98,0.4271,0.1611,0.1411,0.1045,0.5,0.17,11418173440.0,0.045,25.55,22.87,0.036,-0.026,454628992.0,1975202944.0,81.27,1.67,0.38,53.96,875767616.0,1399286016.0,0.0,0.0,0.0,0.0,493.3,478.57,550.0,350.0,buy,2.32,1.1,498.52,309.01,451.48,399.63,2.54,0.07
UNH,2025-07-21,UnitedHealth Group Incorporated,Healthcare,Healthcare Plans,United States,https://www.unitedhealthgroup.com,256403111936.0,340111589376.0,904509734.0,907139968.0,11.84,9.45,0.63,2.71,9.38,0.83,0.2199,0.0884,0.0832,0.0539,0.23,0.07,410057015296.0,0.098,23.88,29.9,,,34290999296.0,81270996992.0,77.28,0.85,0.77,104.44,20096374784.0,28515999744.0,0.0283,0.08839999999999999,0.014,0.3516,282.65,385.25,626.0,270.0,buy,1.92,0.45,630.73,248.88,309.52,476.16,0.39,0.01
UNP,2025-07-21,Union Pacific Corporation,Industrials,Railroads,United States,https://www.up.com,134354419712.0,169940189184.0,595659284.0,597475968.0,20.24,18.57,5.54,8.4,13.95,7.01,0.5572,0.5023,0.3956,0.2776,0.42,0.09,24245999616.0,-0.001,11.11,12.11,0.004,-0.009,1431000064.0,33904001024.0,211.38,0.73,0.55,26.78,4643250176.0,9434000384.0,0.0233,0.0536,0.0215,0.4793,224.87,244.75,270.0,202.0,buy,1.97,1.05,258.07,204.66,226.87,233.21,2.19,0.01
UPS,2025-07-21,"United Parcel Service, Inc.",Industrials,Integrated Freight & Logistics,United States,https://www.ups.com,84019298304.0,106028769280.0,732878097.0,733726976.0,14.48,11.26,0.92,5.37,9.13,1.17,0.2138,0.1277,0.0832,0.0644,0.36,0.07,90909999104.0,-0.007,6.85,8.81,0.074,0.066,5064999936.0,25593999360.0,163.18,1.09,0.97,18.49,4268624896.0,9123999744.0,0.065,0.06559999999999999,0.0354,0.9533,99.22,114.33,145.0,80.0,buy,2.09,1.19,146.17,90.55,99.62,115.78,3.34,0.02
URI,2025-07-21,"United Rentals, Inc.",Industrials,Rental & Leasing Services,United States,https://www.unitedrentals.com,52522442752.0,62421274624.0,64648690.0,64999000.0,20.97,17.24,3.37,5.98,13.8,4.01,0.3991,0.2904,0.2194,0.1638,0.3,0.09,15578999808.0,0.067,38.54,46.86,-0.016,-0.044,542000000.0,13992999936.0,159.21,0.85,0.75,135.22,2394249984.0,4942000128.0,0.0095,0.0716,0.0,0.1732,808.05,763.71,1225.0,565.0,buy,2.35,1.7,896.98,525.91,733.01,729.7,4.84,0.04
USB,2025-07-21,U.S. Bancorp,Financial Services,Banks - Regional,United States,https://www.usbank.com,71186382848.0,105432752128.0,1553369081.0,1558029952.0,10.93,10.55,2.81,1.3,,4.16,0.0,0.0,0.3571,0.2638,0.12,0.01,25355999232.0,0.042,4.18,4.33,0.326,0.296,53283000320.0,80944996352.0,,,,35.06,,8327000064.0,0.0442,0.02,0.0417,0.4926,45.69,50.61,65.0,42.0,buy,2.04,1.02,53.98,35.18,44.66,45.89,2.55,0.01
V,2025-07-21,Visa Inc.,Financial Services,Credit Services,United States,https://www.visa.com,681869180928.0,672602128384.0,1708329069.0,1710989952.0,35.08,27.57,18.12,17.63,25.65,17.88,0.9777,0.6971,0.6707,0.5286,0.51,0.17,37620998144.0,0.093,9.95,12.66,0.014,-0.018,13751000064.0,20761999360.0,54.59,1.08,0.68,19.8,14747499520.0,21888999424.0,0.0066,0.0236,0.0067,0.2231,349.05,382.4,425.0,294.55,buy,1.63,0.94,375.51,252.7,356.84,330.1,5.22,0.02
VICI,2025-07-21,VICI Properties Inc.,Real Estate,REIT - Diversified,United States,https://www.viciproperties.com,34765762560.0,52292108288.0,1052712770.0,1056710016.0,13.16,12.05,8.96,1.31,14.95,13.47,0.992,0.9013,0.7676,0.6781,0.1,0.05,3881927936.0,0.034,2.5,2.73,-0.099,-0.079,334316992.0,17764276224.0,65.74,21.5,21.5,25.18,1063830016.0,2429617920.0,0.0531,0.0173,0.0496,0.685,32.9,36.12,43.0,32.0,buy,1.54,0.72,34.29,27.98,32.24,31.54,6.52,0.04
VLO,2025-07-21,Valero Energy Corporation,Energy,Oil & Gas Refining & Marketing,United States,https://www.valero.com,45775056896.0,51146166272.0,311683939.0,313206016.0,50.05,15.15,0.37,1.95,9.91,0.42,0.0495,0.0422,0.0087,0.0076,0.04,0.02,122355998720.0,-0.053,2.92,9.65,,,4633999872.0,10853999616.0,41.25,1.56,1.05,75.0,4169374976.0,5789000192.0,0.0336,0.0452,0.0415,1.4812,146.15,144.31,166.0,118.0,buy,1.77,0.97,167.78,99.0,135.67,131.45,4.72,0.05
VLTO,2025-07-21,Veralto Corporation,Industrials,Pollution & Treatment Controls,United States,https://www.veralto.com,25613953024.0,26603585536.0,237654244.0,247860992.0,29.53,27.56,4.85,11.12,20.25,5.04,0.5992,0.2489,0.2417,0.1656,0.46,0.13,5279000064.0,0.069,3.5,3.75,0.216,0.223,1239000064.0,2814000128.0,121.87,2.19,1.77,9.29,773750016.0,917000000.0,0.0044,0.0044,0.0,0.1143,103.34,109.63,132.0,95.0,buy,2.11,,115.0,83.86,100.4,101.17,2.66,0.01
VMC,2025-07-21,Vulcan Materials Company,Basic Materials,Building Materials,United States,https://www.vulcanmaterials.com,35218927616.0,39831638016.0,131798357.0,132104000.0,37.44,29.36,4.69,4.33,18.67,5.31,0.2744,0.2842,0.1332,0.125,0.12,0.06,7506599936.0,0.058,7.12,9.08,0.269,0.255,181300000.0,5533300224.0,67.82,2.42,1.39,61.58,859037504.0,1487699968.0,0.0075,0.0196,0.0082,0.263,266.6,295.68,340.0,188.0,buy,1.71,0.84,298.31,215.08,265.6,260.5,3.08,0.03
VRSK,2025-07-21,"Verisk Analytics, Inc.",Industrials,Consulting Services,United States,https://www.verisk.com,42230980608.0,46396891136.0,139474217.0,139884000.0,44.46,41.41,14.41,343.46,33.02,15.83,0.6915,0.4794,0.4394,0.3313,4.68,0.17,2930700032.0,0.07,6.79,7.29,0.086,0.058,1113200000.0,3935399936.0,3178.84,1.27,1.2,0.88,833550016.0,1216499968.0,0.0058,0.018000000000000002,0.0059,0.2386,301.9,306.32,340.0,245.0,hold,2.61,0.88,322.92,257.59,309.22,290.57,4.07,0.02
VRSN,2025-07-21,"VeriSign, Inc.",Technology,Software - Infrastructure,United States,https://www.verisign.com,26614075392.0,28261519360.0,93030486.0,93900000.0,34.61,32.77,16.89,-13.49,25.54,17.94,0.8783,0.7024,0.6741,0.502,,0.42,1575399936.0,0.047,8.19,8.65,0.094,0.027,648499968.0,1791699968.0,,0.56,0.5,-21.01,760762496.0,936600000.0,0.0107,0.0308,0.0,0.0,283.43,258.83,305.0,217.0,none,,0.77,291.54,172.49,281.25,231.87,2.38,0.03
VRTX,2025-07-21,Vertex Pharmaceuticals Incorporated,Healthcare,Biotechnology,United States,https://www.vrtx.com,118077825024.0,109774004224.0,256055043.0,256796992.0,,24.5,10.64,7.16,23.94,9.89,0.5309,0.413,0.3722,-0.0891,-0.06,0.12,11099700224.0,0.03,-3.82,18.77,-0.409,-0.412,6201200128.0,1649100032.0,10.0,2.65,2.12,64.2,2634387456.0,-980300032.0,0.0,0.0,0.0,0.0,459.81,499.87,621.0,330.0,buy,2.12,0.42,519.88,377.85,448.58,463.57,2.78,0.02
VST,2025-07-21,Vistra Corp.,Utilities,Utilities - Independent Power Producers,United States,https://vistracorp.com,65494466560.0,85379923968.0,335629842.0,339332000.0,30.59,27.97,3.62,27.94,12.62,4.72,0.4131,0.3736,-0.0305,0.134,0.42,0.06,18102999040.0,0.288,6.31,6.9,,,589000000.0,17713999872.0,366.14,0.86,0.26,6.91,2785625088.0,4849999872.0,0.0046,0.009000000000000001,0.0226,0.1398,193.01,175.96,232.0,58.0,buy,1.72,1.25,200.25,66.5,173.16,148.13,1.22,0.02
VTR,2025-07-21,"Ventas, Inc.",Real Estate,REIT - Healthcare Facilities,United States,https://www.ventasreit.com,29700542464.0,41618894848.0,448960515.0,451376000.0,199.39,411.25,5.87,2.59,21.58,8.23,0.4218,0.3814,0.1415,0.0282,0.01,0.02,5055948800.0,0.141,0.33,0.16,,,182335008.0,12921492480.0,108.9,0.63,0.41,25.43,869675776.0,1384321024.0,0.0304,0.0192,0.0377,5.5455,65.8,75.84,83.0,69.0,strong_buy,1.45,0.91,71.36,52.79,63.97,63.98,4.31,0.03
VTRS,2025-07-21,Viatris Inc.,Healthcare,Drug Manufacturers - Specialty & Generic,United States,https://www.viatris.com,10422278144.0,23937280000.0,1165653979.0,1173680000.0,,3.33,0.73,0.67,5.68,1.67,0.4069,0.2942,0.0567,-0.2645,-0.21,0.02,14330200064.0,-0.112,-3.18,2.67,,,1002200000.0,14458500096.0,92.38,1.68,0.77,13.2,6115174912.0,2223800064.0,0.0538,0.0048,0.0089,9.6,8.88,11.39,14.0,8.0,none,,0.89,13.55,6.85,8.89,10.36,2.67,0.04
VZ,2025-07-21,Verizon Communications Inc.,Communication Services,Telecom Services,United States,https://www.verizon.com,172191662080.0,354001354752.0,4210815945.0,4216250112.0,9.72,8.63,1.27,1.71,7.18,2.62,0.6002,0.3647,0.2467,0.1314,0.18,0.05,135292002304.0,0.015,4.2,4.73,0.055,0.06,2284000000.0,172533006336.0,169.09,0.61,0.47,23.89,17040874496.0,37610000384.0,0.0626,0.0271,0.0579,0.6423,40.84,48.07,56.0,42.0,buy,2.23,0.38,47.36,37.59,42.93,42.38,5.83,0.02
WAB,2025-07-21,Westinghouse Air Brake Technologies Corporation,Industrials,Railroads,United States,https://www.wabteccorp.com,36263309312.0,39493296128.0,169072814.0,171126000.0,33.11,24.96,3.45,3.5,18.08,3.76,0.3319,0.2081,0.1893,0.1053,0.11,0.06,10499999744.0,0.045,6.4,8.49,0.229,0.184,690000000.0,4312000000.0,41.41,1.34,0.67,60.6,1158499968.0,1691000064.0,0.0048,0.01,0.0056,0.133,211.91,218.47,243.0,186.17,buy,1.92,1.13,216.1,147.66,205.11,193.8,2.53,0.01
WAT,2025-07-21,Waters Corporation,Healthcare,Diagnostics & Research,United States,https://www.waters.com,17110651904.0,21930278912.0,59390666.0,59509100.0,26.12,22.24,5.74,8.72,21.13,7.35,0.5927,0.3479,0.2293,0.2202,0.41,0.12,2983252992.0,0.039,11.01,12.93,0.18,0.188,382872000.0,1542098048.0,78.58,1.81,1.14,32.98,588827520.0,758806016.0,0.0,0.0,0.0,0.0,287.53,388.79,460.0,350.0,buy,2.33,1.12,423.56,284.65,344.53,362.97,3.54,0.04
WBA,2025-07-21,"Walgreens Boots Alliance, Inc.",Healthcare,Pharmaceutical Retailers,United States,https://www.walgreensbootsalliance.com,9945295872.0,39241637888.0,716017757.0,865561024.0,,7.82,0.06,1.38,12.96,0.25,0.1713,0.0196,0.0074,-0.0407,-0.7,0.01,154580992000.0,0.072,-7.29,1.47,,,830000000.0,29998999552.0,409.88,0.6,0.15,8.3,4522250240.0,1576999936.0,0.0871,0.01,0.0654,2.9091,11.49,12.63,19.21,11.0,hold,2.69,0.75,13.25,8.08,11.34,10.47,1.95,0.03
WBD,2025-07-21,"Warner Bros. Discovery, Inc.",Communication Services,Entertainment,United States,https://ir.wbd.com,31544393728.0,63209897984.0,2240472841.0,2474070016.0,,-98.08,0.82,0.93,8.33,1.65,0.433,0.1978,0.0246,-0.2816,-0.27,0.01,38342000640.0,-0.098,-4.4,-0.13,,,3904000000.0,37425999872.0,106.41,0.84,0.44,13.68,19488999424.0,5343000064.0,0.0,0.0,0.0,0.0,12.75,13.92,24.0,9.0,buy,2.0,1.52,13.04,6.64,10.37,9.81,2.57,0.05
WDAY,2025-07-21,"Workday, Inc.",Technology,Software - Application,United States,https://www.workday.com,62132862976.0,59503001600.0,214224780.0,215748992.0,130.2,28.08,7.14,6.98,61.53,6.84,0.7565,0.1112,0.0915,0.056,0.06,0.02,8696000512.0,0.126,1.79,8.3,-0.363,-0.364,7969999872.0,3392999936.0,38.04,2.07,1.95,33.4,2373750016.0,2545999872.0,0.0,0.0,0.0,0.0,233.06,297.42,340.0,250.0,buy,1.76,1.24,294.0,199.81,246.84,250.22,2.46,0.03
WDC,2025-07-21,Western Digital Corporation,Technology,Computer Hardware,United States,https://www.westerndigital.com,23723704320.0,,346052450.0,348878016.0,23.29,7.72,1.52,4.58,,,0.2856,0.1468,0.154,0.1055,0.14,0.06,15605000192.0,,2.92,8.81,,,,,,1.56,0.95,14.83,1406375040.0,1311000064.0,0.0063,0.004,0.0323,0.0,68.0,59.38,80.0,40.0,buy,1.64,1.54,68.52,28.83,57.09,49.62,5.38,0.11
WEC,2025-07-21,"WEC Energy Group, Inc.",Utilities,Utilities - Regulated Electric,United States,https://www.wecenergygroup.com,34409029632.0,54168211456.0,318227162.0,319134016.0,21.02,20.66,3.79,2.65,15.12,5.97,0.435,0.3951,0.3014,0.1796,0.13,0.03,9069200384.0,0.175,5.13,5.22,0.152,0.164,82200000.0,20545499136.0,153.02,0.5,0.32,40.66,-755025024.0,3510799872.0,0.0343,0.035699999999999996,0.0318,0.6623,107.82,109.15,124.0,100.0,hold,2.53,0.44,111.0,81.45,105.47,101.97,5.18,0.04
WELL,2025-07-21,Welltower Inc.,Real Estate,REIT - Healthcare Facilities,United States,https://www.welltower.com,104011071488.0,114668126208.0,653088359.0,653952000.0,89.86,87.39,12.16,3.05,36.36,13.4,0.3918,0.3687,0.1705,0.1265,0.03,0.02,8554464256.0,0.303,1.77,1.82,0.803,1.029,3501850880.0,17012786176.0,49.2,1.83,1.59,52.09,2852324608.0,2448572928.0,0.0174,0.0268,0.0301,1.4886,159.05,168.35,240.0,145.0,buy,1.7,0.92,159.57,106.98,151.95,141.77,4.19,0.02
WFC,2025-07-21,Wells Fargo & Company,Financial Services,Banks - Diversified,United States,https://www.wellsfargo.com,262417088512.0,227730096128.0,3246404950.0,3254180096.0,13.86,14.69,3.4,1.58,,2.95,0.0,0.0,0.2772,0.2589,0.11,0.01,77254000640.0,-0.036,5.82,5.49,0.158,0.06,382282989568.0,328864006144.0,,,,51.08,,4123000064.0,0.02,0.016,0.0258,0.2788,80.64,82.72,93.0,69.0,buy,1.92,1.16,83.95,50.15,76.92,72.31,2.62,0.01
WM,2025-07-21,"Waste Management, Inc.",Industrials,Waste Management,United States,https://www.wm.com,91475386368.0,115700989952.0,401245017.0,402408000.0,34.23,28.17,3.99,10.57,17.19,5.05,0.394,0.2937,0.1708,0.1167,0.34,0.07,22922000384.0,0.167,6.64,8.07,-0.097,-0.1,216000000.0,23836999680.0,275.54,0.83,0.71,21.5,1166375040.0,5231000064.0,0.0144,0.033,0.0156,0.4631,227.32,249.73,277.0,195.0,buy,2.12,0.67,242.58,196.59,231.67,222.83,2.22,0.01
WMB,2025-07-21,"The Williams Companies, Inc.",Energy,Oil & Gas Midstream,United States,https://www.williams.com,72466948096.0,106415407104.0,1214266424.0,1221010048.0,31.91,28.4,6.54,5.82,18.68,9.6,0.5994,0.5139,0.3563,0.2061,0.16,0.04,11082999808.0,0.119,1.86,2.09,0.081,0.093,100000000.0,27410999296.0,184.4,0.4,0.24,10.2,803500032.0,5173000192.0,0.0318,0.02,0.0535,1.0349,59.35,61.57,74.0,43.0,buy,2.18,0.68,63.45,40.41,59.35,56.75,2.11,0.01
WMT,2025-07-21,Walmart Inc.,Consumer Defensive,Discount Stores,United States,https://corporate.walmart.com,758538960896.0,846562263040.0,4349886529.0,7980420096.0,40.62,34.94,1.11,9.06,19.8,1.24,0.2488,0.0624,0.0431,0.0275,0.22,0.07,685086015488.0,0.025,2.34,2.72,-0.111,-0.121,9310999552.0,68693000192.0,75.78,0.78,0.18,10.49,9960500224.0,37604999168.0,0.0096,0.009399999999999999,0.014,0.3665,95.05,108.95,120.0,64.0,strong_buy,1.46,0.69,105.3,66.67,96.88,92.12,2.05,0.0
WRB,2025-07-21,W. R. Berkley Corporation,Financial Services,Insurance - Property & Casualty,United States,https://www.berkley.com,26080724992.0,28397357056.0,296754900.0,379356000.0,15.95,15.8,1.87,2.93,11.83,2.04,0.4336,0.1723,0.1662,0.1243,0.21,0.04,13929377792.0,0.089,4.31,4.35,-0.046,-0.056,2551913984.0,3065665024.0,34.34,0.38,0.22,23.5,3696998400.0,3675950080.0,0.0049,0.0036,0.0059,0.0742,68.75,70.36,86.0,52.47,hold,2.69,0.43,76.38,51.51,72.26,64.59,3.26,0.01
WSM,2025-07-21,"Williams-Sonoma, Inc.",Consumer Cyclical,Specialty Retail,United States,https://www.williams-sonomainc.com,20957628416.0,20415827968.0,121474115.0,122998000.0,19.68,20.96,2.69,9.7,12.47,2.62,0.4566,0.2104,0.168,0.1409,0.5,0.17,7781305856.0,0.042,8.66,8.13,-0.07,-0.112,1047180992.0,1368814976.0,63.33,1.51,0.68,17.57,835529152.0,1252382976.0,0.0162,0.0264,0.018,0.274,170.39,177.23,215.0,127.67,buy,2.5,1.48,219.98,125.33,164.53,169.29,2.87,0.06
WST,2025-07-21,"West Pharmaceutical Services, Inc.",Healthcare,Medical Instruments & Supplies,United States,https://www.westpharma.com,15151476736.0,15622965248.0,71328077.0,71845400.0,33.11,28.04,5.23,5.64,20.65,5.4,0.3454,0.2612,0.1844,0.1613,0.17,0.1,2895800064.0,0.004,6.37,7.52,-0.206,-0.221,404200000.0,307400000.0,11.46,2.77,1.85,37.37,233512496.0,664600000.0,0.0038,0.0084,0.0024,0.1287,210.89,278.84,325.0,245.0,strong_buy,1.5,1.09,352.33,187.43,217.86,265.62,3.48,0.04
WTW,2025-07-21,Willis Towers Watson Public Limited Company,Financial Services,Insurance Brokers,United Kingdom,https://www.wtwco.com,30565900288.0,34861412352.0,98763107.0,99149800.0,,17.04,3.12,3.76,13.64,3.55,0.4476,0.2605,0.1606,-0.0054,-0.0,0.05,9811999744.0,-0.05,-0.46,18.09,0.273,0.237,1536999936.0,5928000000.0,72.17,1.16,0.29,81.98,688875008.0,1452999936.0,0.012,0.0368,0.0132,0.3314,308.28,360.89,408.0,315.0,buy,1.89,0.71,344.14,262.62,306.42,313.49,2.65,0.02
WY,2025-07-21,Weyerhaeuser Company,Real Estate,REIT - Specialty,United States,https://www.weyerhaeuser.com,18356660224.0,23261263872.0,722292128.0,725273024.0,51.65,29.43,2.59,1.9,20.37,3.28,0.1823,0.161,0.0919,0.0515,0.04,0.02,7090999808.0,-0.018,0.49,0.86,-0.296,-0.272,560000000.0,5189000192.0,53.8,2.04,1.1,13.29,483500000.0,954000000.0,0.0327,0.0084,0.0243,1.6531,25.31,33.62,38.0,30.0,none,,1.17,34.03,24.1,26.2,28.88,3.11,0.02
WYNN,2025-07-21,"Wynn Resorts, Limited",Consumer Cyclical,Resorts & Casinos,United States,https://www.wynnresorts.com,11163230208.0,19071223808.0,79968618.0,104554000.0,28.55,21.27,1.6,-31.04,11.35,2.74,0.6853,0.2413,0.1642,0.0617,,0.05,6965449216.0,-0.087,3.74,5.02,-0.469,-0.496,2070086016.0,12184398848.0,,1.08,1.0,-3.44,494949632.0,1244882944.0,0.0107,0.01,0.0228,0.2674,106.77,106.68,122.0,83.0,buy,1.56,1.37,112.36,65.25,94.93,89.64,2.49,0.07
XEL,2025-07-21,Xcel Energy Inc.,Utilities,Utilities - Regulated Electric,United States,https://mn.my.xcelenergy.com/s/,40592437248.0,70529400832.0,575399458.0,576761024.0,20.7,18.38,2.96,2.05,13.16,5.15,0.4415,0.3912,0.1744,0.141,0.1,0.02,13697999872.0,0.07,3.4,3.83,-0.043,-0.01,1139000064.0,32391000064.0,163.56,0.8,0.52,34.35,-3678500096.0,4618999808.0,0.0335,0.022799999999999997,0.0299,0.6507,70.38,75.06,80.0,62.0,buy,1.82,0.38,73.38,55.02,68.86,68.17,2.4,0.02
XOM,2025-07-21,Exxon Mobil Corporation,Energy,Oil & Gas Integrated,United States,https://corporate.exxonmobil.com,464449896448.0,492180078592.0,4300373098.0,4309640192.0,14.29,13.69,1.36,1.77,7.59,1.44,0.3079,0.1902,0.1276,0.0973,0.14,0.06,341088010240.0,0.006,7.54,7.87,-0.144,-0.062,17036000256.0,37551001600.0,13.92,1.24,0.86,60.96,21801000960.0,53311000576.0,0.0367,0.039599999999999996,0.046,0.5146,107.77,124.07,142.0,95.0,buy,2.07,0.46,126.34,97.8,108.45,111.64,2.33,0.01
XYL,2025-07-21,Xylem Inc.,Industrials,Specialty Industrial Machinery,United States,https://www.xylem.com,32295114752.0,32794886144.0,241725426.0,243351008.0,35.67,27.94,3.76,2.99,18.99,3.81,0.3754,0.2009,0.1213,0.1054,0.09,0.04,8597999616.0,0.018,3.72,4.75,0.095,0.105,1059000000.0,2136000000.0,19.32,1.89,1.3,44.44,985500032.0,1207000064.0,0.0124,0.016,0.0114,0.3989,132.71,141.01,172.0,116.0,buy,1.95,1.12,143.5,100.47,127.63,124.39,2.0,0.01
YUM,2025-07-21,"Yum! Brands, Inc.",Consumer Cyclical,Restaurants,United States,https://www.yum.com,41405665280.0,52807778304.0,277233454.0,277964992.0,29.67,24.5,5.35,-5.31,19.22,6.82,0.468,0.355,0.3212,0.1842,,0.25,7737999872.0,0.118,5.02,6.08,-0.182,-0.194,607000000.0,12225999872.0,,1.4,1.11,-28.07,1278625024.0,1730000000.0,0.0192,0.028399999999999998,0.018,0.5418,148.96,159.3,185.0,140.0,buy,2.48,0.74,163.3,122.13,146.03,142.16,2.37,0.02
ZBH,2025-07-21,"Zimmer Biomet Holdings, Inc.",Healthcare,Medical Devices,United States,https://www.zimmerbiomet.com,18437455872.0,23995305984.0,197254350.0,197848000.0,20.71,10.84,2.39,1.49,9.39,3.12,0.712,0.3318,0.1785,0.1186,0.07,0.04,7698500096.0,0.011,4.5,8.6,0.083,0.056,1384499968.0,7325400064.0,59.06,2.44,1.27,62.63,1321200000.0,1654200064.0,0.0105,0.0096,0.0078,0.2133,93.19,107.5,130.0,91.0,hold,2.59,0.72,116.71,89.22,93.43,103.05,3.03,0.04
ZBRA,2025-07-21,Zebra Technologies Corporation,Technology,Communication Equipment,United States,https://www.zebra.com,16869897216.0,17163440128.0,50409352.0,50854300.0,31.35,20.68,3.3,4.68,17.82,3.36,0.4879,0.1883,0.1514,0.1074,0.16,0.07,5113999872.0,0.113,10.58,16.04,0.175,0.183,879000000.0,2360999936.0,65.11,1.45,0.96,70.91,888625024.0,1066000000.0,0.0,0.0,0.0,0.0,331.73,320.84,410.0,263.0,buy,2.0,1.75,427.76,205.73,300.62,333.51,2.03,0.02
ZTS,2025-07-21,Zoetis Inc.,Healthcare,Drug Manufacturers - Specialty & Generic,United States,https://www.zoetis.com,66157912064.0,74468196352.0,444393322.0,445208000.0,26.68,23.44,7.12,14.24,19.26,8.02,0.7096,0.4164,0.3811,0.2712,0.52,0.15,9285999616.0,0.014,5.57,6.34,0.078,0.053,1740999936.0,6778999808.0,145.63,1.74,0.92,10.44,2299624960.0,2944999936.0,0.0128,0.02,0.0075,0.3224,148.6,195.04,238.0,160.0,buy,1.84,0.94,200.33,139.7,160.77,167.37,3.11,0.02
